"package_lc","version","osv_id"
"phoenix","1.2.0","EEF-CVE-2026-56812"
"phoenix","1.2.0-rc.0","EEF-CVE-2026-56812"
"phoenix","1.2.0-rc.1","EEF-CVE-2026-56812"
"phoenix","1.2.1","EEF-CVE-2026-56812"
"phoenix","1.2.2","EEF-CVE-2026-56812"
"phoenix","1.2.3","EEF-CVE-2026-56812"
"phoenix","1.2.4","EEF-CVE-2026-56812"
"phoenix","1.2.5","EEF-CVE-2026-56812"
"phoenix","1.3.0","EEF-CVE-2026-56812"
"phoenix","1.3.0-rc.0","EEF-CVE-2026-56812"
"phoenix","1.3.0-rc.1","EEF-CVE-2026-56812"
"phoenix","1.3.0-rc.2","EEF-CVE-2026-56812"
"phoenix","1.3.0-rc.3","EEF-CVE-2026-56812"
"phoenix","1.3.1","EEF-CVE-2026-56812"
"phoenix","1.3.2","EEF-CVE-2026-56812"
"phoenix","1.3.3","EEF-CVE-2026-56812"
"phoenix","1.3.4","EEF-CVE-2026-56812"
"phoenix","1.3.5","EEF-CVE-2026-56812"
"phoenix","1.4.0","EEF-CVE-2026-56812"
"phoenix","1.4.0-rc.0","EEF-CVE-2026-56812"
"phoenix","1.4.0-rc.1","EEF-CVE-2026-56812"
"phoenix","1.4.0-rc.2","EEF-CVE-2026-56812"
"phoenix","1.4.0-rc.3","EEF-CVE-2026-56812"
"phoenix","1.4.1","EEF-CVE-2026-56812"
"phoenix","1.4.10","EEF-CVE-2026-56812"
"phoenix","1.4.11","EEF-CVE-2026-56812"
"phoenix","1.4.12","EEF-CVE-2026-56812"
"phoenix","1.4.13","EEF-CVE-2026-56812"
"phoenix","1.4.14","EEF-CVE-2026-56812"
"phoenix","1.4.15","EEF-CVE-2026-56812"
"phoenix","1.4.16","EEF-CVE-2026-56812"
"phoenix","1.4.17","EEF-CVE-2026-56812"
"phoenix","1.4.18","EEF-CVE-2026-56812"
"phoenix","1.4.2","EEF-CVE-2026-56812"
"phoenix","1.4.3","EEF-CVE-2026-56812"
"phoenix","1.4.4","EEF-CVE-2026-56812"
"phoenix","1.4.5","EEF-CVE-2026-56812"
"phoenix","1.4.6","EEF-CVE-2026-56812"
"phoenix","1.4.7","EEF-CVE-2026-56812"
"phoenix","1.4.8","EEF-CVE-2026-56812"
"phoenix","1.4.9","EEF-CVE-2026-56812"
"phoenix","1.5.0","EEF-CVE-2026-56812"
"phoenix","1.5.0-rc.0","EEF-CVE-2026-56812"
"phoenix","1.5.1","EEF-CVE-2026-56812"
"phoenix","1.5.10","EEF-CVE-2026-56812"
"phoenix","1.5.11","EEF-CVE-2026-56812"
"phoenix","1.5.12","EEF-CVE-2026-56812"
"phoenix","1.5.13","EEF-CVE-2026-56812"
"phoenix","1.5.14","EEF-CVE-2026-56812"
"phoenix","1.5.2","EEF-CVE-2026-56812"
"phoenix","1.5.3","EEF-CVE-2026-56812"
"phoenix","1.5.4","EEF-CVE-2026-56812"
"phoenix","1.5.5","EEF-CVE-2026-56812"
"phoenix","1.5.6","EEF-CVE-2026-56812"
"phoenix","1.5.7","EEF-CVE-2026-56812"
"phoenix","1.5.8","EEF-CVE-2026-56812"
"phoenix","1.5.9","EEF-CVE-2026-56812"
"phoenix","1.6.0","EEF-CVE-2026-56812"
"phoenix","1.6.0-rc.0","EEF-CVE-2026-56812"
"phoenix","1.6.0-rc.1","EEF-CVE-2026-56812"
"phoenix","1.6.1","EEF-CVE-2026-56812"
"phoenix","1.6.10","EEF-CVE-2026-56812"
"phoenix","1.6.11","EEF-CVE-2026-56812"
"phoenix","1.6.12","EEF-CVE-2026-56812"
"phoenix","1.6.13","EEF-CVE-2026-56812"
"phoenix","1.6.14","EEF-CVE-2026-56812"
"phoenix","1.6.15","EEF-CVE-2026-56812"
"phoenix","1.6.16","EEF-CVE-2026-56812"
"phoenix","1.6.2","EEF-CVE-2026-56812"
"phoenix","1.6.3","EEF-CVE-2026-56812"
"phoenix","1.6.4","EEF-CVE-2026-56812"
"phoenix","1.6.5","EEF-CVE-2026-56812"
"phoenix","1.6.6","EEF-CVE-2026-56812"
"phoenix","1.6.7","EEF-CVE-2026-56812"
"phoenix","1.6.8","EEF-CVE-2026-56812"
"phoenix","1.6.9","EEF-CVE-2026-56812"
"phoenix","1.7.0","EEF-CVE-2026-56812"
"phoenix","1.7.0-rc.0","EEF-CVE-2026-56812"
"phoenix","1.7.0-rc.1","EEF-CVE-2026-56812"
"phoenix","1.7.0-rc.2","EEF-CVE-2026-56812"
"phoenix","1.7.0-rc.3","EEF-CVE-2026-56812"
"phoenix","1.7.1","EEF-CVE-2026-56812"
"phoenix","1.7.10","EEF-CVE-2026-56812"
"phoenix","1.7.11","EEF-CVE-2026-56812"
"phoenix","1.7.12","EEF-CVE-2026-56812"
"phoenix","1.7.13","EEF-CVE-2026-56812"
"phoenix","1.7.14","EEF-CVE-2026-56812"
"phoenix","1.7.15","EEF-CVE-2026-56812"
"phoenix","1.7.16","EEF-CVE-2026-56812"
"phoenix","1.7.17","EEF-CVE-2026-56812"
"phoenix","1.7.18","EEF-CVE-2026-56812"
"phoenix","1.7.19","EEF-CVE-2026-56812"
"phoenix","1.7.2","EEF-CVE-2026-56812"
"phoenix","1.7.20","EEF-CVE-2026-56812"
"phoenix","1.7.21","EEF-CVE-2026-56812"
"phoenix","1.7.22","EEF-CVE-2026-56812"
"phoenix","1.7.23","EEF-CVE-2026-56812"
"phoenix","1.7.3","EEF-CVE-2026-56812"
"phoenix","1.7.4","EEF-CVE-2026-56812"
"phoenix","1.7.5","EEF-CVE-2026-56812"
"phoenix","1.7.6","EEF-CVE-2026-56812"
"phoenix","1.7.7","EEF-CVE-2026-56812"
"phoenix","1.7.8","EEF-CVE-2026-56812"
"phoenix","1.7.9","EEF-CVE-2026-56812"
"phoenix","1.8.0","EEF-CVE-2026-56812"
"phoenix","1.8.0-rc.0","EEF-CVE-2026-56812"
"phoenix","1.8.0-rc.1","EEF-CVE-2026-56812"
"phoenix","1.8.0-rc.2","EEF-CVE-2026-56812"
"phoenix","1.8.0-rc.3","EEF-CVE-2026-56812"
"phoenix","1.8.0-rc.4","EEF-CVE-2026-56812"
"phoenix","1.8.1","EEF-CVE-2026-56812"
"phoenix","1.8.2","EEF-CVE-2026-56812"
"phoenix","1.8.3","EEF-CVE-2026-56812"
"phoenix","1.8.4","EEF-CVE-2026-56812"
"phoenix","1.8.5","EEF-CVE-2026-56812"
"phoenix","1.8.6","EEF-CVE-2026-56812"
"phoenix","1.8.7","EEF-CVE-2026-56812"
"phoenix","1.8.8","EEF-CVE-2026-56812"
"phoenix_html","1.0.0","GHSA-5g2h-9x5v-5h3x"
"phoenix_html","1.0.1","GHSA-5g2h-9x5v-5h3x"
"phoenix_html","1.1.0","GHSA-5g2h-9x5v-5h3x"
"phoenix_html","1.2.0","GHSA-5g2h-9x5v-5h3x"
"phoenix_html","1.2.1","GHSA-5g2h-9x5v-5h3x"
"phoenix_html","1.3.0","GHSA-5g2h-9x5v-5h3x"
"phoenix_html","1.4.0","GHSA-5g2h-9x5v-5h3x"
"phoenix_html","2.0.0","GHSA-5g2h-9x5v-5h3x"
"phoenix_html","2.0.0-dev","GHSA-5g2h-9x5v-5h3x"
"phoenix_html","2.0.1","GHSA-5g2h-9x5v-5h3x"
"phoenix_html","2.1.0","GHSA-5g2h-9x5v-5h3x"
"phoenix_html","2.1.1","GHSA-5g2h-9x5v-5h3x"
"phoenix_html","2.1.2","GHSA-5g2h-9x5v-5h3x"
"phoenix_html","2.10.0","GHSA-5g2h-9x5v-5h3x"
"phoenix_html","2.10.1","GHSA-5g2h-9x5v-5h3x"
"phoenix_html","2.10.2","GHSA-5g2h-9x5v-5h3x"
"phoenix_html","2.10.3","GHSA-5g2h-9x5v-5h3x"
"phoenix_html","2.10.4","GHSA-5g2h-9x5v-5h3x"
"phoenix_html","2.10.5","GHSA-5g2h-9x5v-5h3x"
"phoenix_html","2.11.0","GHSA-5g2h-9x5v-5h3x"
"phoenix_html","2.11.1","GHSA-5g2h-9x5v-5h3x"
"phoenix_html","2.11.2","GHSA-5g2h-9x5v-5h3x"
"phoenix_html","2.12.0","GHSA-5g2h-9x5v-5h3x"
"phoenix_html","2.13.0","GHSA-5g2h-9x5v-5h3x"
"phoenix_html","2.13.1","GHSA-5g2h-9x5v-5h3x"
"phoenix_html","2.13.2","GHSA-5g2h-9x5v-5h3x"
"phoenix_html","2.13.3","GHSA-5g2h-9x5v-5h3x"
"phoenix_html","2.13.4","GHSA-5g2h-9x5v-5h3x"
"phoenix_html","2.14.0","GHSA-5g2h-9x5v-5h3x"
"phoenix_html","2.14.1","GHSA-5g2h-9x5v-5h3x"
"phoenix_html","2.14.2","GHSA-5g2h-9x5v-5h3x"
"phoenix_html","2.14.3","GHSA-5g2h-9x5v-5h3x"
"phoenix_html","2.2.0","GHSA-5g2h-9x5v-5h3x"
"phoenix_html","2.3.0","GHSA-5g2h-9x5v-5h3x"
"phoenix_html","2.3.1","GHSA-5g2h-9x5v-5h3x"
"phoenix_html","2.4.0","GHSA-5g2h-9x5v-5h3x"
"phoenix_html","2.4.0-dev","GHSA-5g2h-9x5v-5h3x"
"phoenix_html","2.5.0","GHSA-5g2h-9x5v-5h3x"
"phoenix_html","2.5.1","GHSA-5g2h-9x5v-5h3x"
"phoenix_html","2.6.0","GHSA-5g2h-9x5v-5h3x"
"phoenix_html","2.6.1","GHSA-5g2h-9x5v-5h3x"
"phoenix_html","2.6.2","GHSA-5g2h-9x5v-5h3x"
"phoenix_html","2.7.0","GHSA-5g2h-9x5v-5h3x"
"phoenix_html","2.7.0-dev","GHSA-5g2h-9x5v-5h3x"
"phoenix_html","2.8.0","GHSA-5g2h-9x5v-5h3x"
"phoenix_html","2.9.0","GHSA-5g2h-9x5v-5h3x"
"phoenix_html","2.9.1","GHSA-5g2h-9x5v-5h3x"
"phoenix_html","2.9.2","GHSA-5g2h-9x5v-5h3x"
"phoenix_html","2.9.3","GHSA-5g2h-9x5v-5h3x"
"phoenix_html","3.0.0","GHSA-5g2h-9x5v-5h3x"
"phoenix_html","3.0.1","GHSA-5g2h-9x5v-5h3x"
"phoenix_html","3.0.2","GHSA-5g2h-9x5v-5h3x"
"phoenix_html","3.0.3","GHSA-5g2h-9x5v-5h3x"
"altcha","0.1.0","GHSA-6gvq-jcmp-8959"
"altcha","0.2.0","GHSA-6gvq-jcmp-8959"
"ash_authentication_phoenix","1.0.0","EEF-CVE-2025-4754"
"ash_authentication_phoenix","1.0.1","EEF-CVE-2025-4754"
"ash_authentication_phoenix","1.1.0","EEF-CVE-2025-4754"
"ash_authentication_phoenix","1.2.0","EEF-CVE-2025-4754"
"ash_authentication_phoenix","1.3.0","EEF-CVE-2025-4754"
"ash_authentication_phoenix","1.3.1","EEF-CVE-2025-4754"
"ash_authentication_phoenix","1.4.0","EEF-CVE-2025-4754"
"ash_authentication_phoenix","1.4.1","EEF-CVE-2025-4754"
"ash_authentication_phoenix","1.4.2","EEF-CVE-2025-4754"
"ash_authentication_phoenix","1.4.3","EEF-CVE-2025-4754"
"ash_authentication_phoenix","1.4.4","EEF-CVE-2025-4754"
"ash_authentication_phoenix","1.4.5","EEF-CVE-2025-4754"
"ash_authentication_phoenix","1.4.6","EEF-CVE-2025-4754"
"ash_authentication_phoenix","1.4.7","EEF-CVE-2025-4754"
"ash_authentication_phoenix","1.4.8","EEF-CVE-2025-4754"
"ash_authentication_phoenix","1.5.0","EEF-CVE-2025-4754"
"ash_authentication_phoenix","1.5.1","EEF-CVE-2025-4754"
"ash_authentication_phoenix","1.6.0","EEF-CVE-2025-4754"
"ash_authentication_phoenix","1.6.1","EEF-CVE-2025-4754"
"ash_authentication_phoenix","1.6.2","EEF-CVE-2025-4754"
"ash_authentication_phoenix","1.6.3","EEF-CVE-2025-4754"
"ash_authentication_phoenix","1.6.4","EEF-CVE-2025-4754"
"ash_authentication_phoenix","1.6.5","EEF-CVE-2025-4754"
"ash_authentication_phoenix","1.6.6","EEF-CVE-2025-4754"
"ash_authentication_phoenix","1.7.0","EEF-CVE-2025-4754"
"ash_authentication_phoenix","1.7.1","EEF-CVE-2025-4754"
"ash_authentication_phoenix","1.7.2","EEF-CVE-2025-4754"
"ash_authentication_phoenix","1.7.3","EEF-CVE-2025-4754"
"ash_authentication_phoenix","1.8.0","EEF-CVE-2025-4754"
"ash_authentication_phoenix","1.8.1","EEF-CVE-2025-4754"
"ash_authentication_phoenix","1.8.2","EEF-CVE-2025-4754"
"ash_authentication_phoenix","1.8.3","EEF-CVE-2025-4754"
"ash_authentication_phoenix","1.8.4","EEF-CVE-2025-4754"
"ash_authentication_phoenix","1.8.5","EEF-CVE-2025-4754"
"ash_authentication_phoenix","1.8.6","EEF-CVE-2025-4754"
"ash_authentication_phoenix","1.8.7","EEF-CVE-2025-4754"
"ash_authentication_phoenix","1.9.0","EEF-CVE-2025-4754"
"ash_authentication_phoenix","1.9.1","EEF-CVE-2025-4754"
"ash_authentication_phoenix","1.9.2","EEF-CVE-2025-4754"
"ash_authentication_phoenix","1.9.3","EEF-CVE-2025-4754"
"ash_authentication_phoenix","1.9.4","EEF-CVE-2025-4754"
"ash_authentication_phoenix","2.0.0","EEF-CVE-2025-4754"
"ash_authentication_phoenix","2.0.0-rc.0","EEF-CVE-2025-4754"
"ash_authentication_phoenix","2.0.0-rc.1","EEF-CVE-2025-4754"
"ash_authentication_phoenix","2.0.0-rc.2","EEF-CVE-2025-4754"
"ash_authentication_phoenix","2.0.1","EEF-CVE-2025-4754"
"ash_authentication_phoenix","2.0.2","EEF-CVE-2025-4754"
"ash_authentication_phoenix","2.1.0","EEF-CVE-2025-4754"
"ash_authentication_phoenix","2.1.1","EEF-CVE-2025-4754"
"ash_authentication_phoenix","2.1.10","EEF-CVE-2025-4754"
"ash_authentication_phoenix","2.1.11","EEF-CVE-2025-4754"
"ash_authentication_phoenix","2.1.2","EEF-CVE-2025-4754"
"ash_authentication_phoenix","2.1.3","EEF-CVE-2025-4754"
"ash_authentication_phoenix","2.1.4","EEF-CVE-2025-4754"
"ash_authentication_phoenix","2.1.5","EEF-CVE-2025-4754"
"ash_authentication_phoenix","2.1.6","EEF-CVE-2025-4754"
"ash_authentication_phoenix","2.1.7","EEF-CVE-2025-4754"
"ash_authentication_phoenix","2.1.8","EEF-CVE-2025-4754"
"ash_authentication_phoenix","2.1.9","EEF-CVE-2025-4754"
"ash_authentication_phoenix","2.2.0","EEF-CVE-2025-4754"
"ash_authentication_phoenix","2.2.1","EEF-CVE-2025-4754"
"ash_authentication_phoenix","2.3.0","EEF-CVE-2025-4754"
"ash_authentication_phoenix","2.4.0","EEF-CVE-2025-4754"
"ash_authentication_phoenix","2.4.1","EEF-CVE-2025-4754"
"ash_authentication_phoenix","2.4.2","EEF-CVE-2025-4754"
"ash_authentication_phoenix","2.4.3","EEF-CVE-2025-4754"
"ash_authentication_phoenix","2.4.4","EEF-CVE-2025-4754"
"ash_authentication_phoenix","2.4.5","EEF-CVE-2025-4754"
"ash_authentication_phoenix","2.4.6","EEF-CVE-2025-4754"
"ash_authentication_phoenix","2.4.7","EEF-CVE-2025-4754"
"ash_authentication_phoenix","2.4.8","EEF-CVE-2025-4754"
"ash_authentication_phoenix","2.5.0","EEF-CVE-2025-4754"
"ash_authentication_phoenix","2.5.1","EEF-CVE-2025-4754"
"ash_authentication_phoenix","2.5.2","EEF-CVE-2025-4754"
"ash_authentication_phoenix","2.5.3","EEF-CVE-2025-4754"
"ash_authentication_phoenix","2.5.4","EEF-CVE-2025-4754"
"ash_authentication_phoenix","2.6.0","EEF-CVE-2025-4754"
"ash_authentication_phoenix","2.6.1","EEF-CVE-2025-4754"
"ash_authentication_phoenix","2.6.2","EEF-CVE-2025-4754"
"ash_authentication_phoenix","2.6.3","EEF-CVE-2025-4754"
"ash_authentication_phoenix","2.7.0","EEF-CVE-2025-4754"
"ash_authentication_phoenix","2.8.0","EEF-CVE-2025-4754"
"ash_authentication_phoenix","2.9.0","EEF-CVE-2025-4754"
"ash","0.1.0","EEF-CVE-2025-48042"
"ash","0.1.1","EEF-CVE-2025-48042"
"ash","0.1.3","EEF-CVE-2025-48042"
"ash","0.1.8","EEF-CVE-2025-48042"
"ash","0.1.9","EEF-CVE-2025-48042"
"ash","0.10.0","EEF-CVE-2025-48042"
"ash","0.12.0","EEF-CVE-2025-48042"
"ash","0.13.0","EEF-CVE-2025-48042"
"ash","0.13.1","EEF-CVE-2025-48042"
"ash","0.2.0","EEF-CVE-2025-48042"
"ash","0.3.0","EEF-CVE-2025-48042"
"ash","0.4.0","EEF-CVE-2025-48042"
"ash","0.5.0","EEF-CVE-2025-48042"
"ash","0.5.1","EEF-CVE-2025-48042"
"ash","0.5.2","EEF-CVE-2025-48042"
"ash","0.6.0","EEF-CVE-2025-48042"
"ash","0.6.1","EEF-CVE-2025-48042"
"ash","0.6.2","EEF-CVE-2025-48042"
"ash","0.6.3","EEF-CVE-2025-48042"
"ash","0.6.4","EEF-CVE-2025-48042"
"ash","0.6.5","EEF-CVE-2025-48042"
"ash","0.7.0","EEF-CVE-2025-48042"
"ash","0.8.0","EEF-CVE-2025-48042"
"ash","0.9.0","EEF-CVE-2025-48042"
"ash","0.9.1","EEF-CVE-2025-48042"
"ash","1.0.0","EEF-CVE-2025-48042"
"ash","1.0.1","EEF-CVE-2025-48042"
"ash","1.0.2","EEF-CVE-2025-48042"
"ash","1.0.3","EEF-CVE-2025-48042"
"ash","1.1.0","EEF-CVE-2025-48042"
"ash","1.1.2","EEF-CVE-2025-48042"
"ash","1.1.3","EEF-CVE-2025-48042"
"ash","1.10.0","EEF-CVE-2025-48042"
"ash","1.11.0","EEF-CVE-2025-48042"
"ash","1.11.1","EEF-CVE-2025-48042"
"ash","1.12.0","EEF-CVE-2025-48042"
"ash","1.13.0","EEF-CVE-2025-48042"
"ash","1.13.1","EEF-CVE-2025-48042"
"ash","1.13.2","EEF-CVE-2025-48042"
"ash","1.13.3","EEF-CVE-2025-48042"
"ash","1.13.4","EEF-CVE-2025-48042"
"ash","1.14.0","EEF-CVE-2025-48042"
"ash","1.15.0","EEF-CVE-2025-48042"
"ash","1.15.1","EEF-CVE-2025-48042"
"ash","1.16.2","EEF-CVE-2025-48042"
"ash","1.17.0","EEF-CVE-2025-48042"
"ash","1.17.1","EEF-CVE-2025-48042"
"ash","1.18.0","EEF-CVE-2025-48042"
"ash","1.18.1","EEF-CVE-2025-48042"
"ash","1.19.0","EEF-CVE-2025-48042"
"ash","1.19.1","EEF-CVE-2025-48042"
"ash","1.2.0","EEF-CVE-2025-48042"
"ash","1.2.1","EEF-CVE-2025-48042"
"ash","1.20.0","EEF-CVE-2025-48042"
"ash","1.20.1","EEF-CVE-2025-48042"
"ash","1.22.0","EEF-CVE-2025-48042"
"ash","1.22.1","EEF-CVE-2025-48042"
"ash","1.23.0","EEF-CVE-2025-48042"
"ash","1.23.1","EEF-CVE-2025-48042"
"ash","1.23.2","EEF-CVE-2025-48042"
"ash","1.23.3","EEF-CVE-2025-48042"
"ash","1.24.0","EEF-CVE-2025-48042"
"ash","1.24.1","EEF-CVE-2025-48042"
"ash","1.24.2","EEF-CVE-2025-48042"
"ash","1.25.0","EEF-CVE-2025-48042"
"ash","1.25.1","EEF-CVE-2025-48042"
"ash","1.25.2","EEF-CVE-2025-48042"
"ash","1.25.3","EEF-CVE-2025-48042"
"ash","1.25.4","EEF-CVE-2025-48042"
"ash","1.25.5","EEF-CVE-2025-48042"
"ash","1.25.6","EEF-CVE-2025-48042"
"ash","1.25.7","EEF-CVE-2025-48042"
"ash","1.25.8","EEF-CVE-2025-48042"
"ash","1.26.0","EEF-CVE-2025-48042"
"ash","1.26.1","EEF-CVE-2025-48042"
"ash","1.26.10","EEF-CVE-2025-48042"
"ash","1.26.11","EEF-CVE-2025-48042"
"ash","1.26.12","EEF-CVE-2025-48042"
"ash","1.26.13","EEF-CVE-2025-48042"
"ash","1.26.2","EEF-CVE-2025-48042"
"ash","1.26.4","EEF-CVE-2025-48042"
"ash","1.26.5","EEF-CVE-2025-48042"
"ash","1.26.6","EEF-CVE-2025-48042"
"ash","1.26.7","EEF-CVE-2025-48042"
"ash","1.26.8","EEF-CVE-2025-48042"
"ash","1.26.9","EEF-CVE-2025-48042"
"ash","1.27.0","EEF-CVE-2025-48042"
"ash","1.27.1","EEF-CVE-2025-48042"
"ash","1.28.0","EEF-CVE-2025-48042"
"ash","1.28.1","EEF-CVE-2025-48042"
"ash","1.29.0-rc0","EEF-CVE-2025-48042"
"ash","1.29.0-rc1","EEF-CVE-2025-48042"
"ash","1.3.0","EEF-CVE-2025-48042"
"ash","1.3.1","EEF-CVE-2025-48042"
"ash","1.30.1","EEF-CVE-2025-48042"
"ash","1.30.2","EEF-CVE-2025-48042"
"ash","1.31.0","EEF-CVE-2025-48042"
"ash","1.31.1","EEF-CVE-2025-48042"
"ash","1.32.0","EEF-CVE-2025-48042"
"ash","1.32.1","EEF-CVE-2025-48042"
"ash","1.32.2","EEF-CVE-2025-48042"
"ash","1.33.0","EEF-CVE-2025-48042"
"ash","1.34.0","EEF-CVE-2025-48042"
"ash","1.34.1","EEF-CVE-2025-48042"
"ash","1.34.2","EEF-CVE-2025-48042"
"ash","1.34.3","EEF-CVE-2025-48042"
"ash","1.34.4","EEF-CVE-2025-48042"
"ash","1.34.5","EEF-CVE-2025-48042"
"ash","1.34.6","EEF-CVE-2025-48042"
"ash","1.34.7","EEF-CVE-2025-48042"
"ash","1.34.8","EEF-CVE-2025-48042"
"ash","1.34.9","EEF-CVE-2025-48042"
"ash","1.35.0","EEF-CVE-2025-48042"
"ash","1.35.1","EEF-CVE-2025-48042"
"ash","1.36.0","EEF-CVE-2025-48042"
"ash","1.36.10","EEF-CVE-2025-48042"
"ash","1.36.11","EEF-CVE-2025-48042"
"ash","1.36.12","EEF-CVE-2025-48042"
"ash","1.36.13","EEF-CVE-2025-48042"
"ash","1.36.14","EEF-CVE-2025-48042"
"ash","1.36.15","EEF-CVE-2025-48042"
"ash","1.36.16","EEF-CVE-2025-48042"
"ash","1.36.17","EEF-CVE-2025-48042"
"ash","1.36.18","EEF-CVE-2025-48042"
"ash","1.36.19","EEF-CVE-2025-48042"
"ash","1.36.2","EEF-CVE-2025-48042"
"ash","1.36.21","EEF-CVE-2025-48042"
"ash","1.36.22","EEF-CVE-2025-48042"
"ash","1.36.3","EEF-CVE-2025-48042"
"ash","1.36.4","EEF-CVE-2025-48042"
"ash","1.36.5","EEF-CVE-2025-48042"
"ash","1.36.6","EEF-CVE-2025-48042"
"ash","1.36.7","EEF-CVE-2025-48042"
"ash","1.36.8","EEF-CVE-2025-48042"
"ash","1.36.9","EEF-CVE-2025-48042"
"ash","1.37.0","EEF-CVE-2025-48042"
"ash","1.37.1","EEF-CVE-2025-48042"
"ash","1.37.2","EEF-CVE-2025-48042"
"ash","1.38.0","EEF-CVE-2025-48042"
"ash","1.39.0","EEF-CVE-2025-48042"
"ash","1.39.1","EEF-CVE-2025-48042"
"ash","1.39.2","EEF-CVE-2025-48042"
"ash","1.39.3","EEF-CVE-2025-48042"
"ash","1.39.4","EEF-CVE-2025-48042"
"ash","1.39.5","EEF-CVE-2025-48042"
"ash","1.39.6","EEF-CVE-2025-48042"
"ash","1.39.7","EEF-CVE-2025-48042"
"ash","1.4.0","EEF-CVE-2025-48042"
"ash","1.4.1","EEF-CVE-2025-48042"
"ash","1.40.0","EEF-CVE-2025-48042"
"ash","1.41.0","EEF-CVE-2025-48042"
"ash","1.41.1","EEF-CVE-2025-48042"
"ash","1.41.10","EEF-CVE-2025-48042"
"ash","1.41.11","EEF-CVE-2025-48042"
"ash","1.41.12","EEF-CVE-2025-48042"
"ash","1.41.2","EEF-CVE-2025-48042"
"ash","1.41.3","EEF-CVE-2025-48042"
"ash","1.41.4","EEF-CVE-2025-48042"
"ash","1.41.5","EEF-CVE-2025-48042"
"ash","1.41.6","EEF-CVE-2025-48042"
"ash","1.41.7","EEF-CVE-2025-48042"
"ash","1.41.8","EEF-CVE-2025-48042"
"ash","1.41.9","EEF-CVE-2025-48042"
"ash","1.42.0","EEF-CVE-2025-48042"
"ash","1.43.0","EEF-CVE-2025-48042"
"ash","1.43.1","EEF-CVE-2025-48042"
"ash","1.43.10","EEF-CVE-2025-48042"
"ash","1.43.11","EEF-CVE-2025-48042"
"ash","1.43.12","EEF-CVE-2025-48042"
"ash","1.43.2","EEF-CVE-2025-48042"
"ash","1.43.3","EEF-CVE-2025-48042"
"ash","1.43.4","EEF-CVE-2025-48042"
"ash","1.43.5","EEF-CVE-2025-48042"
"ash","1.43.6","EEF-CVE-2025-48042"
"ash","1.43.7","EEF-CVE-2025-48042"
"ash","1.43.8","EEF-CVE-2025-48042"
"ash","1.43.9","EEF-CVE-2025-48042"
"ash","1.44.0","EEF-CVE-2025-48042"
"ash","1.44.1","EEF-CVE-2025-48042"
"ash","1.44.10","EEF-CVE-2025-48042"
"ash","1.44.11","EEF-CVE-2025-48042"
"ash","1.44.12","EEF-CVE-2025-48042"
"ash","1.44.13","EEF-CVE-2025-48042"
"ash","1.44.2","EEF-CVE-2025-48042"
"ash","1.44.3","EEF-CVE-2025-48042"
"ash","1.44.4","EEF-CVE-2025-48042"
"ash","1.44.5","EEF-CVE-2025-48042"
"ash","1.44.6","EEF-CVE-2025-48042"
"ash","1.44.7","EEF-CVE-2025-48042"
"ash","1.44.8","EEF-CVE-2025-48042"
"ash","1.44.9","EEF-CVE-2025-48042"
"ash","1.45.0-rc0","EEF-CVE-2025-48042"
"ash","1.45.0-rc1","EEF-CVE-2025-48042"
"ash","1.45.0-rc10","EEF-CVE-2025-48042"
"ash","1.45.0-rc11","EEF-CVE-2025-48042"
"ash","1.45.0-rc12","EEF-CVE-2025-48042"
"ash","1.45.0-rc13","EEF-CVE-2025-48042"
"ash","1.45.0-rc14","EEF-CVE-2025-48042"
"ash","1.45.0-rc15","EEF-CVE-2025-48042"
"ash","1.45.0-rc16","EEF-CVE-2025-48042"
"ash","1.45.0-rc17","EEF-CVE-2025-48042"
"ash","1.45.0-rc18","EEF-CVE-2025-48042"
"ash","1.45.0-rc19","EEF-CVE-2025-48042"
"ash","1.45.0-rc2","EEF-CVE-2025-48042"
"ash","1.45.0-rc20","EEF-CVE-2025-48042"
"ash","1.45.0-rc3","EEF-CVE-2025-48042"
"ash","1.45.0-rc4","EEF-CVE-2025-48042"
"ash","1.45.0-rc5","EEF-CVE-2025-48042"
"ash","1.45.0-rc6","EEF-CVE-2025-48042"
"ash","1.45.0-rc7","EEF-CVE-2025-48042"
"ash","1.45.0-rc8","EEF-CVE-2025-48042"
"ash","1.45.0-rc9","EEF-CVE-2025-48042"
"ash","1.46.0","EEF-CVE-2025-48042"
"ash","1.46.1","EEF-CVE-2025-48042"
"ash","1.46.10","EEF-CVE-2025-48042"
"ash","1.46.11","EEF-CVE-2025-48042"
"ash","1.46.12","EEF-CVE-2025-48042"
"ash","1.46.13","EEF-CVE-2025-48042"
"ash","1.46.2","EEF-CVE-2025-48042"
"ash","1.46.3","EEF-CVE-2025-48042"
"ash","1.46.4","EEF-CVE-2025-48042"
"ash","1.46.5","EEF-CVE-2025-48042"
"ash","1.46.6","EEF-CVE-2025-48042"
"ash","1.46.7","EEF-CVE-2025-48042"
"ash","1.46.8","EEF-CVE-2025-48042"
"ash","1.46.9","EEF-CVE-2025-48042"
"ash","1.47.0","EEF-CVE-2025-48042"
"ash","1.47.1","EEF-CVE-2025-48042"
"ash","1.47.10","EEF-CVE-2025-48042"
"ash","1.47.11","EEF-CVE-2025-48042"
"ash","1.47.12","EEF-CVE-2025-48042"
"ash","1.47.2","EEF-CVE-2025-48042"
"ash","1.47.3","EEF-CVE-2025-48042"
"ash","1.47.4","EEF-CVE-2025-48042"
"ash","1.47.5","EEF-CVE-2025-48042"
"ash","1.47.6","EEF-CVE-2025-48042"
"ash","1.47.7","EEF-CVE-2025-48042"
"ash","1.47.8","EEF-CVE-2025-48042"
"ash","1.47.9","EEF-CVE-2025-48042"
"ash","1.48.0-rc.0","EEF-CVE-2025-48042"
"ash","1.48.0-rc.1","EEF-CVE-2025-48042"
"ash","1.48.0-rc.10","EEF-CVE-2025-48042"
"ash","1.48.0-rc.11","EEF-CVE-2025-48042"
"ash","1.48.0-rc.12","EEF-CVE-2025-48042"
"ash","1.48.0-rc.13","EEF-CVE-2025-48042"
"ash","1.48.0-rc.14","EEF-CVE-2025-48042"
"ash","1.48.0-rc.15","EEF-CVE-2025-48042"
"ash","1.48.0-rc.16","EEF-CVE-2025-48042"
"ash","1.48.0-rc.17","EEF-CVE-2025-48042"
"ash","1.48.0-rc.18","EEF-CVE-2025-48042"
"ash","1.48.0-rc.19","EEF-CVE-2025-48042"
"ash","1.48.0-rc.2","EEF-CVE-2025-48042"
"ash","1.48.0-rc.20","EEF-CVE-2025-48042"
"ash","1.48.0-rc.21","EEF-CVE-2025-48042"
"ash","1.48.0-rc.22","EEF-CVE-2025-48042"
"ash","1.48.0-rc.23","EEF-CVE-2025-48042"
"ash","1.48.0-rc.24","EEF-CVE-2025-48042"
"ash","1.48.0-rc.25","EEF-CVE-2025-48042"
"ash","1.48.0-rc.26","EEF-CVE-2025-48042"
"ash","1.48.0-rc.27","EEF-CVE-2025-48042"
"ash","1.48.0-rc.28","EEF-CVE-2025-48042"
"ash","1.48.0-rc.29","EEF-CVE-2025-48042"
"ash","1.48.0-rc.3","EEF-CVE-2025-48042"
"ash","1.48.0-rc.30","EEF-CVE-2025-48042"
"ash","1.48.0-rc.4","EEF-CVE-2025-48042"
"ash","1.48.0-rc.5","EEF-CVE-2025-48042"
"ash","1.48.0-rc.6","EEF-CVE-2025-48042"
"ash","1.48.0-rc.7","EEF-CVE-2025-48042"
"ash","1.48.0-rc.8","EEF-CVE-2025-48042"
"ash","1.48.0-rc.9","EEF-CVE-2025-48042"
"ash","1.49.0","EEF-CVE-2025-48042"
"ash","1.5.0","EEF-CVE-2025-48042"
"ash","1.5.1","EEF-CVE-2025-48042"
"ash","1.50.0","EEF-CVE-2025-48042"
"ash","1.50.1","EEF-CVE-2025-48042"
"ash","1.50.10","EEF-CVE-2025-48042"
"ash","1.50.11","EEF-CVE-2025-48042"
"ash","1.50.12","EEF-CVE-2025-48042"
"ash","1.50.13","EEF-CVE-2025-48042"
"ash","1.50.14","EEF-CVE-2025-48042"
"ash","1.50.15","EEF-CVE-2025-48042"
"ash","1.50.16","EEF-CVE-2025-48042"
"ash","1.50.17","EEF-CVE-2025-48042"
"ash","1.50.18","EEF-CVE-2025-48042"
"ash","1.50.19","EEF-CVE-2025-48042"
"ash","1.50.2","EEF-CVE-2025-48042"
"ash","1.50.20","EEF-CVE-2025-48042"
"ash","1.50.21","EEF-CVE-2025-48042"
"ash","1.50.3","EEF-CVE-2025-48042"
"ash","1.50.4","EEF-CVE-2025-48042"
"ash","1.50.5","EEF-CVE-2025-48042"
"ash","1.50.6","EEF-CVE-2025-48042"
"ash","1.50.7","EEF-CVE-2025-48042"
"ash","1.50.8","EEF-CVE-2025-48042"
"ash","1.50.9","EEF-CVE-2025-48042"
"ash","1.51.0","EEF-CVE-2025-48042"
"ash","1.51.1","EEF-CVE-2025-48042"
"ash","1.51.2","EEF-CVE-2025-48042"
"ash","1.52.0-rc.0","EEF-CVE-2025-48042"
"ash","1.52.0-rc.1","EEF-CVE-2025-48042"
"ash","1.52.0-rc.10","EEF-CVE-2025-48042"
"ash","1.52.0-rc.11","EEF-CVE-2025-48042"
"ash","1.52.0-rc.12","EEF-CVE-2025-48042"
"ash","1.52.0-rc.13","EEF-CVE-2025-48042"
"ash","1.52.0-rc.14","EEF-CVE-2025-48042"
"ash","1.52.0-rc.15","EEF-CVE-2025-48042"
"ash","1.52.0-rc.16","EEF-CVE-2025-48042"
"ash","1.52.0-rc.17","EEF-CVE-2025-48042"
"ash","1.52.0-rc.18","EEF-CVE-2025-48042"
"ash","1.52.0-rc.19","EEF-CVE-2025-48042"
"ash","1.52.0-rc.2","EEF-CVE-2025-48042"
"ash","1.52.0-rc.20","EEF-CVE-2025-48042"
"ash","1.52.0-rc.21","EEF-CVE-2025-48042"
"ash","1.52.0-rc.22","EEF-CVE-2025-48042"
"ash","1.52.0-rc.3","EEF-CVE-2025-48042"
"ash","1.52.0-rc.4","EEF-CVE-2025-48042"
"ash","1.52.0-rc.5","EEF-CVE-2025-48042"
"ash","1.52.0-rc.6","EEF-CVE-2025-48042"
"ash","1.52.0-rc.7","EEF-CVE-2025-48042"
"ash","1.52.0-rc.8","EEF-CVE-2025-48042"
"ash","1.52.0-rc.9","EEF-CVE-2025-48042"
"ash","1.53.0","EEF-CVE-2025-48042"
"ash","1.53.2","EEF-CVE-2025-48042"
"ash","1.53.3","EEF-CVE-2025-48042"
"ash","1.6.0","EEF-CVE-2025-48042"
"ash","1.6.1","EEF-CVE-2025-48042"
"ash","1.6.2","EEF-CVE-2025-48042"
"ash","1.6.3","EEF-CVE-2025-48042"
"ash","1.6.4","EEF-CVE-2025-48042"
"ash","1.6.5","EEF-CVE-2025-48042"
"ash","1.6.6","EEF-CVE-2025-48042"
"ash","1.6.7","EEF-CVE-2025-48042"
"ash","1.6.8","EEF-CVE-2025-48042"
"ash","1.7.0","EEF-CVE-2025-48042"
"ash","1.8.0","EEF-CVE-2025-48042"
"ash","1.9.0","EEF-CVE-2025-48042"
"ash","2.0.0","EEF-CVE-2025-48042"
"ash","2.0.0-pre.0","EEF-CVE-2025-48042"
"ash","2.0.0-pre.1","EEF-CVE-2025-48042"
"ash","2.0.0-pre.2","EEF-CVE-2025-48042"
"ash","2.0.0-pre.3","EEF-CVE-2025-48042"
"ash","2.0.0-pre.4","EEF-CVE-2025-48042"
"ash","2.0.0-pre.5","EEF-CVE-2025-48042"
"ash","2.0.0-pre.6","EEF-CVE-2025-48042"
"ash","2.0.0-pre.7","EEF-CVE-2025-48042"
"ash","2.0.0-pre.8","EEF-CVE-2025-48042"
"ash","2.0.0-rc.0","EEF-CVE-2025-48042"
"ash","2.0.0-rc.1","EEF-CVE-2025-48042"
"ash","2.0.0-rc.10","EEF-CVE-2025-48042"
"ash","2.0.0-rc.11","EEF-CVE-2025-48042"
"ash","2.0.0-rc.12","EEF-CVE-2025-48042"
"ash","2.0.0-rc.13","EEF-CVE-2025-48042"
"ash","2.0.0-rc.14","EEF-CVE-2025-48042"
"ash","2.0.0-rc.15","EEF-CVE-2025-48042"
"ash","2.0.0-rc.2","EEF-CVE-2025-48042"
"ash","2.0.0-rc.3","EEF-CVE-2025-48042"
"ash","2.0.0-rc.4","EEF-CVE-2025-48042"
"ash","2.0.0-rc.5","EEF-CVE-2025-48042"
"ash","2.0.0-rc.6","EEF-CVE-2025-48042"
"ash","2.0.0-rc.7","EEF-CVE-2025-48042"
"ash","2.0.0-rc.8","EEF-CVE-2025-48042"
"ash","2.0.0-rc.9","EEF-CVE-2025-48042"
"ash","2.1.0","EEF-CVE-2025-48042"
"ash","2.10.0","EEF-CVE-2025-48042"
"ash","2.10.1","EEF-CVE-2025-48042"
"ash","2.10.2","EEF-CVE-2025-48042"
"ash","2.11.0","EEF-CVE-2025-48042"
"ash","2.11.0-rc.0","EEF-CVE-2025-48042"
"ash","2.11.0-rc.1","EEF-CVE-2025-48042"
"ash","2.11.0-rc.2","EEF-CVE-2025-48042"
"ash","2.11.0-rc.3","EEF-CVE-2025-48042"
"ash","2.11.1","EEF-CVE-2025-48042"
"ash","2.11.10","EEF-CVE-2025-48042"
"ash","2.11.11","EEF-CVE-2025-48042"
"ash","2.11.2","EEF-CVE-2025-48042"
"ash","2.11.3","EEF-CVE-2025-48042"
"ash","2.11.4","EEF-CVE-2025-48042"
"ash","2.11.5","EEF-CVE-2025-48042"
"ash","2.11.6","EEF-CVE-2025-48042"
"ash","2.11.7","EEF-CVE-2025-48042"
"ash","2.11.8","EEF-CVE-2025-48042"
"ash","2.11.9","EEF-CVE-2025-48042"
"ash","2.12.0","EEF-CVE-2025-48042"
"ash","2.12.1","EEF-CVE-2025-48042"
"ash","2.13.0","EEF-CVE-2025-48042"
"ash","2.13.1","EEF-CVE-2025-48042"
"ash","2.13.2","EEF-CVE-2025-48042"
"ash","2.13.3","EEF-CVE-2025-48042"
"ash","2.13.4","EEF-CVE-2025-48042"
"ash","2.14.0","EEF-CVE-2025-48042"
"ash","2.14.1","EEF-CVE-2025-48042"
"ash","2.14.10","EEF-CVE-2025-48042"
"ash","2.14.11","EEF-CVE-2025-48042"
"ash","2.14.12","EEF-CVE-2025-48042"
"ash","2.14.13","EEF-CVE-2025-48042"
"ash","2.14.14","EEF-CVE-2025-48042"
"ash","2.14.15","EEF-CVE-2025-48042"
"ash","2.14.16","EEF-CVE-2025-48042"
"ash","2.14.17","EEF-CVE-2025-48042"
"ash","2.14.18","EEF-CVE-2025-48042"
"ash","2.14.19","EEF-CVE-2025-48042"
"ash","2.14.2","EEF-CVE-2025-48042"
"ash","2.14.20","EEF-CVE-2025-48042"
"ash","2.14.21","EEF-CVE-2025-48042"
"ash","2.14.3","EEF-CVE-2025-48042"
"ash","2.14.4","EEF-CVE-2025-48042"
"ash","2.14.5","EEF-CVE-2025-48042"
"ash","2.14.6","EEF-CVE-2025-48042"
"ash","2.14.7","EEF-CVE-2025-48042"
"ash","2.14.8","EEF-CVE-2025-48042"
"ash","2.14.9","EEF-CVE-2025-48042"
"ash","2.15.0","EEF-CVE-2025-48042"
"ash","2.15.1","EEF-CVE-2025-48042"
"ash","2.15.10","EEF-CVE-2025-48042"
"ash","2.15.11","EEF-CVE-2025-48042"
"ash","2.15.12","EEF-CVE-2025-48042"
"ash","2.15.13","EEF-CVE-2025-48042"
"ash","2.15.14","EEF-CVE-2025-48042"
"ash","2.15.15","EEF-CVE-2025-48042"
"ash","2.15.16","EEF-CVE-2025-48042"
"ash","2.15.17","EEF-CVE-2025-48042"
"ash","2.15.18","EEF-CVE-2025-48042"
"ash","2.15.19","EEF-CVE-2025-48042"
"ash","2.15.2","EEF-CVE-2025-48042"
"ash","2.15.20","EEF-CVE-2025-48042"
"ash","2.15.4","EEF-CVE-2025-48042"
"ash","2.15.5","EEF-CVE-2025-48042"
"ash","2.15.6","EEF-CVE-2025-48042"
"ash","2.15.7","EEF-CVE-2025-48042"
"ash","2.15.8","EEF-CVE-2025-48042"
"ash","2.15.9","EEF-CVE-2025-48042"
"ash","2.16.0","EEF-CVE-2025-48042"
"ash","2.16.1","EEF-CVE-2025-48042"
"ash","2.17.0","EEF-CVE-2025-48042"
"ash","2.17.1","EEF-CVE-2025-48042"
"ash","2.17.10","EEF-CVE-2025-48042"
"ash","2.17.11","EEF-CVE-2025-48042"
"ash","2.17.12","EEF-CVE-2025-48042"
"ash","2.17.13","EEF-CVE-2025-48042"
"ash","2.17.14","EEF-CVE-2025-48042"
"ash","2.17.15","EEF-CVE-2025-48042"
"ash","2.17.16","EEF-CVE-2025-48042"
"ash","2.17.17","EEF-CVE-2025-48042"
"ash","2.17.18","EEF-CVE-2025-48042"
"ash","2.17.19","EEF-CVE-2025-48042"
"ash","2.17.2","EEF-CVE-2025-48042"
"ash","2.17.20","EEF-CVE-2025-48042"
"ash","2.17.21","EEF-CVE-2025-48042"
"ash","2.17.22","EEF-CVE-2025-48042"
"ash","2.17.23","EEF-CVE-2025-48042"
"ash","2.17.24","EEF-CVE-2025-48042"
"ash","2.17.3","EEF-CVE-2025-48042"
"ash","2.17.4","EEF-CVE-2025-48042"
"ash","2.17.5","EEF-CVE-2025-48042"
"ash","2.17.6","EEF-CVE-2025-48042"
"ash","2.17.7","EEF-CVE-2025-48042"
"ash","2.17.8","EEF-CVE-2025-48042"
"ash","2.17.9","EEF-CVE-2025-48042"
"ash","2.18.0","EEF-CVE-2025-48042"
"ash","2.18.1","EEF-CVE-2025-48042"
"ash","2.18.2","EEF-CVE-2025-48042"
"ash","2.19.0","EEF-CVE-2025-48042"
"ash","2.19.1","EEF-CVE-2025-48042"
"ash","2.19.10","EEF-CVE-2025-48042"
"ash","2.19.11","EEF-CVE-2025-48042"
"ash","2.19.12","EEF-CVE-2025-48042"
"ash","2.19.13","EEF-CVE-2025-48042"
"ash","2.19.14","EEF-CVE-2025-48042"
"ash","2.19.2","EEF-CVE-2025-48042"
"ash","2.19.3","EEF-CVE-2025-48042"
"ash","2.19.4","EEF-CVE-2025-48042"
"ash","2.19.5","EEF-CVE-2025-48042"
"ash","2.19.6","EEF-CVE-2025-48042"
"ash","2.19.7","EEF-CVE-2025-48042"
"ash","2.19.8","EEF-CVE-2025-48042"
"ash","2.19.9","EEF-CVE-2025-48042"
"ash","2.2.0","EEF-CVE-2025-48042"
"ash","2.20.0","EEF-CVE-2025-48042"
"ash","2.20.1","EEF-CVE-2025-48042"
"ash","2.20.2","EEF-CVE-2025-48042"
"ash","2.20.3","EEF-CVE-2025-48042"
"ash","2.21.0","EEF-CVE-2025-48042"
"ash","2.21.1","EEF-CVE-2025-48042"
"ash","2.21.10","EEF-CVE-2025-48042"
"ash","2.21.11","EEF-CVE-2025-48042"
"ash","2.21.12","EEF-CVE-2025-48042"
"ash","2.21.13","EEF-CVE-2025-48042"
"ash","2.21.14","EEF-CVE-2025-48042"
"ash","2.21.15","EEF-CVE-2025-48042"
"ash","2.21.2","EEF-CVE-2025-48042"
"ash","2.21.3","EEF-CVE-2025-48042"
"ash","2.21.4","EEF-CVE-2025-48042"
"ash","2.21.5","EEF-CVE-2025-48042"
"ash","2.21.6","EEF-CVE-2025-48042"
"ash","2.21.7","EEF-CVE-2025-48042"
"ash","2.21.8","EEF-CVE-2025-48042"
"ash","2.21.9","EEF-CVE-2025-48042"
"ash","2.3.0","EEF-CVE-2025-48042"
"ash","2.4.0","EEF-CVE-2025-48042"
"ash","2.4.1","EEF-CVE-2025-48042"
"ash","2.4.10","EEF-CVE-2025-48042"
"ash","2.4.11","EEF-CVE-2025-48042"
"ash","2.4.12","EEF-CVE-2025-48042"
"ash","2.4.13","EEF-CVE-2025-48042"
"ash","2.4.14","EEF-CVE-2025-48042"
"ash","2.4.15","EEF-CVE-2025-48042"
"ash","2.4.16","EEF-CVE-2025-48042"
"ash","2.4.17","EEF-CVE-2025-48042"
"ash","2.4.18","EEF-CVE-2025-48042"
"ash","2.4.19","EEF-CVE-2025-48042"
"ash","2.4.2","EEF-CVE-2025-48042"
"ash","2.4.20","EEF-CVE-2025-48042"
"ash","2.4.21","EEF-CVE-2025-48042"
"ash","2.4.22","EEF-CVE-2025-48042"
"ash","2.4.23","EEF-CVE-2025-48042"
"ash","2.4.24","EEF-CVE-2025-48042"
"ash","2.4.25","EEF-CVE-2025-48042"
"ash","2.4.26","EEF-CVE-2025-48042"
"ash","2.4.27","EEF-CVE-2025-48042"
"ash","2.4.28","EEF-CVE-2025-48042"
"ash","2.4.29","EEF-CVE-2025-48042"
"ash","2.4.3","EEF-CVE-2025-48042"
"ash","2.4.30","EEF-CVE-2025-48042"
"ash","2.4.4","EEF-CVE-2025-48042"
"ash","2.4.5","EEF-CVE-2025-48042"
"ash","2.4.6","EEF-CVE-2025-48042"
"ash","2.4.7","EEF-CVE-2025-48042"
"ash","2.4.8","EEF-CVE-2025-48042"
"ash","2.4.9","EEF-CVE-2025-48042"
"ash","2.5.0","EEF-CVE-2025-48042"
"ash","2.5.0-rc.0","EEF-CVE-2025-48042"
"ash","2.5.0-rc.1","EEF-CVE-2025-48042"
"ash","2.5.0-rc.2","EEF-CVE-2025-48042"
"ash","2.5.0-rc.3","EEF-CVE-2025-48042"
"ash","2.5.0-rc.4","EEF-CVE-2025-48042"
"ash","2.5.0-rc.5","EEF-CVE-2025-48042"
"ash","2.5.0-rc.6","EEF-CVE-2025-48042"
"ash","2.5.1","EEF-CVE-2025-48042"
"ash","2.5.10","EEF-CVE-2025-48042"
"ash","2.5.11","EEF-CVE-2025-48042"
"ash","2.5.12","EEF-CVE-2025-48042"
"ash","2.5.13","EEF-CVE-2025-48042"
"ash","2.5.14","EEF-CVE-2025-48042"
"ash","2.5.15","EEF-CVE-2025-48042"
"ash","2.5.16","EEF-CVE-2025-48042"
"ash","2.5.2","EEF-CVE-2025-48042"
"ash","2.5.3","EEF-CVE-2025-48042"
"ash","2.5.4","EEF-CVE-2025-48042"
"ash","2.5.5","EEF-CVE-2025-48042"
"ash","2.5.6","EEF-CVE-2025-48042"
"ash","2.5.7","EEF-CVE-2025-48042"
"ash","2.5.8","EEF-CVE-2025-48042"
"ash","2.5.9","EEF-CVE-2025-48042"
"ash","2.6.0","EEF-CVE-2025-48042"
"ash","2.6.1","EEF-CVE-2025-48042"
"ash","2.6.10","EEF-CVE-2025-48042"
"ash","2.6.11","EEF-CVE-2025-48042"
"ash","2.6.13","EEF-CVE-2025-48042"
"ash","2.6.14","EEF-CVE-2025-48042"
"ash","2.6.15","EEF-CVE-2025-48042"
"ash","2.6.16","EEF-CVE-2025-48042"
"ash","2.6.17","EEF-CVE-2025-48042"
"ash","2.6.18","EEF-CVE-2025-48042"
"ash","2.6.19","EEF-CVE-2025-48042"
"ash","2.6.2","EEF-CVE-2025-48042"
"ash","2.6.20","EEF-CVE-2025-48042"
"ash","2.6.21","EEF-CVE-2025-48042"
"ash","2.6.22","EEF-CVE-2025-48042"
"ash","2.6.23","EEF-CVE-2025-48042"
"ash","2.6.24","EEF-CVE-2025-48042"
"ash","2.6.25","EEF-CVE-2025-48042"
"ash","2.6.26","EEF-CVE-2025-48042"
"ash","2.6.27","EEF-CVE-2025-48042"
"ash","2.6.28","EEF-CVE-2025-48042"
"ash","2.6.29","EEF-CVE-2025-48042"
"ash","2.6.3","EEF-CVE-2025-48042"
"ash","2.6.30","EEF-CVE-2025-48042"
"ash","2.6.31","EEF-CVE-2025-48042"
"ash","2.6.4","EEF-CVE-2025-48042"
"ash","2.6.5","EEF-CVE-2025-48042"
"ash","2.6.6","EEF-CVE-2025-48042"
"ash","2.6.7","EEF-CVE-2025-48042"
"ash","2.6.8","EEF-CVE-2025-48042"
"ash","2.6.9","EEF-CVE-2025-48042"
"ash","2.7.0","EEF-CVE-2025-48042"
"ash","2.7.1","EEF-CVE-2025-48042"
"ash","2.8.0","EEF-CVE-2025-48042"
"ash","2.8.1","EEF-CVE-2025-48042"
"ash","2.9.0","EEF-CVE-2025-48042"
"ash","2.9.1","EEF-CVE-2025-48042"
"ash","2.9.10","EEF-CVE-2025-48042"
"ash","2.9.11","EEF-CVE-2025-48042"
"ash","2.9.12","EEF-CVE-2025-48042"
"ash","2.9.13","EEF-CVE-2025-48042"
"ash","2.9.14","EEF-CVE-2025-48042"
"ash","2.9.15","EEF-CVE-2025-48042"
"ash","2.9.16","EEF-CVE-2025-48042"
"ash","2.9.17","EEF-CVE-2025-48042"
"ash","2.9.18","EEF-CVE-2025-48042"
"ash","2.9.19","EEF-CVE-2025-48042"
"ash","2.9.2","EEF-CVE-2025-48042"
"ash","2.9.20","EEF-CVE-2025-48042"
"ash","2.9.21","EEF-CVE-2025-48042"
"ash","2.9.22","EEF-CVE-2025-48042"
"ash","2.9.23","EEF-CVE-2025-48042"
"ash","2.9.24","EEF-CVE-2025-48042"
"ash","2.9.25","EEF-CVE-2025-48042"
"ash","2.9.26","EEF-CVE-2025-48042"
"ash","2.9.27","EEF-CVE-2025-48042"
"ash","2.9.28","EEF-CVE-2025-48042"
"ash","2.9.29","EEF-CVE-2025-48042"
"ash","2.9.3","EEF-CVE-2025-48042"
"ash","2.9.4","EEF-CVE-2025-48042"
"ash","2.9.5","EEF-CVE-2025-48042"
"ash","2.9.6","EEF-CVE-2025-48042"
"ash","2.9.7","EEF-CVE-2025-48042"
"ash","2.9.8","EEF-CVE-2025-48042"
"ash","2.9.9","EEF-CVE-2025-48042"
"ash","3.0.0","EEF-CVE-2025-48042"
"ash","3.0.0-rc.0","EEF-CVE-2025-48042"
"ash","3.0.0-rc.1","EEF-CVE-2025-48042"
"ash","3.0.0-rc.10","EEF-CVE-2025-48042"
"ash","3.0.0-rc.11","EEF-CVE-2025-48042"
"ash","3.0.0-rc.12","EEF-CVE-2025-48042"
"ash","3.0.0-rc.13","EEF-CVE-2025-48042"
"ash","3.0.0-rc.14","EEF-CVE-2025-48042"
"ash","3.0.0-rc.15","EEF-CVE-2025-48042"
"ash","3.0.0-rc.16","EEF-CVE-2025-48042"
"ash","3.0.0-rc.17","EEF-CVE-2025-48042"
"ash","3.0.0-rc.18","EEF-CVE-2025-48042"
"ash","3.0.0-rc.19","EEF-CVE-2025-48042"
"ash","3.0.0-rc.20","EEF-CVE-2025-48042"
"ash","3.0.0-rc.21","EEF-CVE-2025-48042"
"ash","3.0.0-rc.22","EEF-CVE-2025-48042"
"ash","3.0.0-rc.23","EEF-CVE-2025-48042"
"ash","3.0.0-rc.24","EEF-CVE-2025-48042"
"ash","3.0.0-rc.25","EEF-CVE-2025-48042"
"ash","3.0.0-rc.26","EEF-CVE-2025-48042"
"ash","3.0.0-rc.27","EEF-CVE-2025-48042"
"ash","3.0.0-rc.28","EEF-CVE-2025-48042"
"ash","3.0.0-rc.29","EEF-CVE-2025-48042"
"ash","3.0.0-rc.3","EEF-CVE-2025-48042"
"ash","3.0.0-rc.31","EEF-CVE-2025-48042"
"ash","3.0.0-rc.32","EEF-CVE-2025-48042"
"ash","3.0.0-rc.33","EEF-CVE-2025-48042"
"ash","3.0.0-rc.34","EEF-CVE-2025-48042"
"ash","3.0.0-rc.35","EEF-CVE-2025-48042"
"ash","3.0.0-rc.36","EEF-CVE-2025-48042"
"ash","3.0.0-rc.37","EEF-CVE-2025-48042"
"ash","3.0.0-rc.38","EEF-CVE-2025-48042"
"ash","3.0.0-rc.39","EEF-CVE-2025-48042"
"ash","3.0.0-rc.4","EEF-CVE-2025-48042"
"ash","3.0.0-rc.40","EEF-CVE-2025-48042"
"ash","3.0.0-rc.41","EEF-CVE-2025-48042"
"ash","3.0.0-rc.42","EEF-CVE-2025-48042"
"ash","3.0.0-rc.43","EEF-CVE-2025-48042"
"ash","3.0.0-rc.44","EEF-CVE-2025-48042"
"ash","3.0.0-rc.45","EEF-CVE-2025-48042"
"ash","3.0.0-rc.46","EEF-CVE-2025-48042"
"ash","3.0.0-rc.5","EEF-CVE-2025-48042"
"ash","3.0.0-rc.6","EEF-CVE-2025-48042"
"ash","3.0.0-rc.7","EEF-CVE-2025-48042"
"ash","3.0.0-rc.8","EEF-CVE-2025-48042"
"ash","3.0.0-rc.9","EEF-CVE-2025-48042"
"ash","3.0.1","EEF-CVE-2025-48042"
"ash","3.0.10","EEF-CVE-2025-48042"
"ash","3.0.11","EEF-CVE-2025-48042"
"ash","3.0.12","EEF-CVE-2025-48042"
"ash","3.0.13","EEF-CVE-2025-48042"
"ash","3.0.14","EEF-CVE-2025-48042"
"ash","3.0.15","EEF-CVE-2025-48042"
"ash","3.0.16","EEF-CVE-2025-48042"
"ash","3.0.2","EEF-CVE-2025-48042"
"ash","3.0.3","EEF-CVE-2025-48042"
"ash","3.0.4","EEF-CVE-2025-48042"
"ash","3.0.5","EEF-CVE-2025-48042"
"ash","3.0.6","EEF-CVE-2025-48042"
"ash","3.0.7","EEF-CVE-2025-48042"
"ash","3.0.8","EEF-CVE-2025-48042"
"ash","3.0.9","EEF-CVE-2025-48042"
"ash","3.1.0","EEF-CVE-2025-48042"
"ash","3.1.1","EEF-CVE-2025-48042"
"ash","3.1.2","EEF-CVE-2025-48042"
"ash","3.1.3","EEF-CVE-2025-48042"
"ash","3.1.4","EEF-CVE-2025-48042"
"ash","3.1.5","EEF-CVE-2025-48042"
"ash","3.1.6","EEF-CVE-2025-48042"
"ash","3.1.7","EEF-CVE-2025-48042"
"ash","3.1.8","EEF-CVE-2025-48042"
"ash","3.2.0","EEF-CVE-2025-48042"
"ash","3.2.1","EEF-CVE-2025-48042"
"ash","3.2.2","EEF-CVE-2025-48042"
"ash","3.2.3","EEF-CVE-2025-48042"
"ash","3.2.4","EEF-CVE-2025-48042"
"ash","3.2.5","EEF-CVE-2025-48042"
"ash","3.2.6","EEF-CVE-2025-48042"
"ash","3.3.0","EEF-CVE-2025-48042"
"ash","3.3.1","EEF-CVE-2025-48042"
"ash","3.3.2","EEF-CVE-2025-48042"
"ash","3.3.3","EEF-CVE-2025-48042"
"ash","3.4.0","EEF-CVE-2025-48042"
"ash","3.4.1","EEF-CVE-2025-48042"
"ash","3.4.10","EEF-CVE-2025-48042"
"ash","3.4.11","EEF-CVE-2025-48042"
"ash","3.4.12","EEF-CVE-2025-48042"
"ash","3.4.13","EEF-CVE-2025-48042"
"ash","3.4.14","EEF-CVE-2025-48042"
"ash","3.4.15","EEF-CVE-2025-48042"
"ash","3.4.16","EEF-CVE-2025-48042"
"ash","3.4.17","EEF-CVE-2025-48042"
"ash","3.4.18","EEF-CVE-2025-48042"
"ash","3.4.19","EEF-CVE-2025-48042"
"ash","3.4.2","EEF-CVE-2025-48042"
"ash","3.4.20","EEF-CVE-2025-48042"
"ash","3.4.21","EEF-CVE-2025-48042"
"ash","3.4.22","EEF-CVE-2025-48042"
"ash","3.4.23","EEF-CVE-2025-48042"
"ash","3.4.24","EEF-CVE-2025-48042"
"ash","3.4.25","EEF-CVE-2025-48042"
"ash","3.4.26","EEF-CVE-2025-48042"
"ash","3.4.27","EEF-CVE-2025-48042"
"ash","3.4.28","EEF-CVE-2025-48042"
"ash","3.4.29","EEF-CVE-2025-48042"
"ash","3.4.3","EEF-CVE-2025-48042"
"ash","3.4.30","EEF-CVE-2025-48042"
"ash","3.4.31","EEF-CVE-2025-48042"
"ash","3.4.32","EEF-CVE-2025-48042"
"ash","3.4.33","EEF-CVE-2025-48042"
"ash","3.4.34","EEF-CVE-2025-48042"
"ash","3.4.35","EEF-CVE-2025-48042"
"ash","3.4.36","EEF-CVE-2025-48042"
"ash","3.4.37","EEF-CVE-2025-48042"
"ash","3.4.38","EEF-CVE-2025-48042"
"ash","3.4.39","EEF-CVE-2025-48042"
"ash","3.4.4","EEF-CVE-2025-48042"
"ash","3.4.40","EEF-CVE-2025-48042"
"ash","3.4.41","EEF-CVE-2025-48042"
"ash","3.4.42","EEF-CVE-2025-48042"
"ash","3.4.43","EEF-CVE-2025-48042"
"ash","3.4.44","EEF-CVE-2025-48042"
"ash","3.4.45","EEF-CVE-2025-48042"
"ash","3.4.46","EEF-CVE-2025-48042"
"ash","3.4.47","EEF-CVE-2025-48042"
"ash","3.4.48","EEF-CVE-2025-48042"
"ash","3.4.49","EEF-CVE-2025-48042"
"ash","3.4.5","EEF-CVE-2025-48042"
"ash","3.4.50","EEF-CVE-2025-48042"
"ash","3.4.51","EEF-CVE-2025-48042"
"ash","3.4.52","EEF-CVE-2025-48042"
"ash","3.4.53","EEF-CVE-2025-48042"
"ash","3.4.54","EEF-CVE-2025-48042"
"ash","3.4.55","EEF-CVE-2025-48042"
"ash","3.4.56","EEF-CVE-2025-48042"
"ash","3.4.57","EEF-CVE-2025-48042"
"ash","3.4.58","EEF-CVE-2025-48042"
"ash","3.4.59","EEF-CVE-2025-48042"
"ash","3.4.6","EEF-CVE-2025-48042"
"ash","3.4.60","EEF-CVE-2025-48042"
"ash","3.4.61","EEF-CVE-2025-48042"
"ash","3.4.62","EEF-CVE-2025-48042"
"ash","3.4.63","EEF-CVE-2025-48042"
"ash","3.4.64","EEF-CVE-2025-48042"
"ash","3.4.65","EEF-CVE-2025-48042"
"ash","3.4.66","EEF-CVE-2025-48042"
"ash","3.4.67","EEF-CVE-2025-48042"
"ash","3.4.68","EEF-CVE-2025-48042"
"ash","3.4.69","EEF-CVE-2025-48042"
"ash","3.4.7","EEF-CVE-2025-48042"
"ash","3.4.70","EEF-CVE-2025-48042"
"ash","3.4.71","EEF-CVE-2025-48042"
"ash","3.4.72","EEF-CVE-2025-48042"
"ash","3.4.73","EEF-CVE-2025-48042"
"ash","3.4.74","EEF-CVE-2025-48042"
"ash","3.4.8","EEF-CVE-2025-48042"
"ash","3.4.9","EEF-CVE-2025-48042"
"ash","3.5.0","EEF-CVE-2025-48042"
"ash","3.5.1","EEF-CVE-2025-48042"
"ash","3.5.10","EEF-CVE-2025-48042"
"ash","3.5.11","EEF-CVE-2025-48042"
"ash","3.5.12","EEF-CVE-2025-48042"
"ash","3.5.13","EEF-CVE-2025-48042"
"ash","3.5.14","EEF-CVE-2025-48042"
"ash","3.5.15","EEF-CVE-2025-48042"
"ash","3.5.16","EEF-CVE-2025-48042"
"ash","3.5.17","EEF-CVE-2025-48042"
"ash","3.5.18","EEF-CVE-2025-48042"
"ash","3.5.19","EEF-CVE-2025-48042"
"ash","3.5.2","EEF-CVE-2025-48042"
"ash","3.5.20","EEF-CVE-2025-48042"
"ash","3.5.21","EEF-CVE-2025-48042"
"ash","3.5.22","EEF-CVE-2025-48042"
"ash","3.5.23","EEF-CVE-2025-48042"
"ash","3.5.24","EEF-CVE-2025-48042"
"ash","3.5.25","EEF-CVE-2025-48042"
"ash","3.5.26","EEF-CVE-2025-48042"
"ash","3.5.27","EEF-CVE-2025-48042"
"ash","3.5.28","EEF-CVE-2025-48042"
"ash","3.5.29","EEF-CVE-2025-48042"
"ash","3.5.3","EEF-CVE-2025-48042"
"ash","3.5.30","EEF-CVE-2025-48042"
"ash","3.5.31","EEF-CVE-2025-48042"
"ash","3.5.32","EEF-CVE-2025-48042"
"ash","3.5.33","EEF-CVE-2025-48042"
"ash","3.5.34","EEF-CVE-2025-48042"
"ash","3.5.35","EEF-CVE-2025-48042"
"ash","3.5.36","EEF-CVE-2025-48042"
"ash","3.5.37","EEF-CVE-2025-48042"
"ash","3.5.38","EEF-CVE-2025-48042"
"ash","3.5.4","EEF-CVE-2025-48042"
"ash","3.5.5","EEF-CVE-2025-48042"
"ash","3.5.6","EEF-CVE-2025-48042"
"ash","3.5.7","EEF-CVE-2025-48042"
"ash","3.5.8","EEF-CVE-2025-48042"
"ash","3.5.9","EEF-CVE-2025-48042"
"ash","0.1.0","EEF-CVE-2025-48043"
"ash","0.1.1","EEF-CVE-2025-48043"
"ash","0.1.3","EEF-CVE-2025-48043"
"ash","0.1.8","EEF-CVE-2025-48043"
"ash","0.1.9","EEF-CVE-2025-48043"
"ash","0.10.0","EEF-CVE-2025-48043"
"ash","0.12.0","EEF-CVE-2025-48043"
"ash","0.13.0","EEF-CVE-2025-48043"
"ash","0.13.1","EEF-CVE-2025-48043"
"ash","0.2.0","EEF-CVE-2025-48043"
"ash","0.3.0","EEF-CVE-2025-48043"
"ash","0.4.0","EEF-CVE-2025-48043"
"ash","0.5.0","EEF-CVE-2025-48043"
"ash","0.5.1","EEF-CVE-2025-48043"
"ash","0.5.2","EEF-CVE-2025-48043"
"ash","0.6.0","EEF-CVE-2025-48043"
"ash","0.6.1","EEF-CVE-2025-48043"
"ash","0.6.2","EEF-CVE-2025-48043"
"ash","0.6.3","EEF-CVE-2025-48043"
"ash","0.6.4","EEF-CVE-2025-48043"
"ash","0.6.5","EEF-CVE-2025-48043"
"ash","0.7.0","EEF-CVE-2025-48043"
"ash","0.8.0","EEF-CVE-2025-48043"
"ash","0.9.0","EEF-CVE-2025-48043"
"ash","0.9.1","EEF-CVE-2025-48043"
"ash","1.0.0","EEF-CVE-2025-48043"
"ash","1.0.1","EEF-CVE-2025-48043"
"ash","1.0.2","EEF-CVE-2025-48043"
"ash","1.0.3","EEF-CVE-2025-48043"
"ash","1.1.0","EEF-CVE-2025-48043"
"ash","1.1.2","EEF-CVE-2025-48043"
"ash","1.1.3","EEF-CVE-2025-48043"
"ash","1.10.0","EEF-CVE-2025-48043"
"ash","1.11.0","EEF-CVE-2025-48043"
"ash","1.11.1","EEF-CVE-2025-48043"
"ash","1.12.0","EEF-CVE-2025-48043"
"ash","1.13.0","EEF-CVE-2025-48043"
"ash","1.13.1","EEF-CVE-2025-48043"
"ash","1.13.2","EEF-CVE-2025-48043"
"ash","1.13.3","EEF-CVE-2025-48043"
"ash","1.13.4","EEF-CVE-2025-48043"
"ash","1.14.0","EEF-CVE-2025-48043"
"ash","1.15.0","EEF-CVE-2025-48043"
"ash","1.15.1","EEF-CVE-2025-48043"
"ash","1.16.2","EEF-CVE-2025-48043"
"ash","1.17.0","EEF-CVE-2025-48043"
"ash","1.17.1","EEF-CVE-2025-48043"
"ash","1.18.0","EEF-CVE-2025-48043"
"ash","1.18.1","EEF-CVE-2025-48043"
"ash","1.19.0","EEF-CVE-2025-48043"
"ash","1.19.1","EEF-CVE-2025-48043"
"ash","1.2.0","EEF-CVE-2025-48043"
"ash","1.2.1","EEF-CVE-2025-48043"
"ash","1.20.0","EEF-CVE-2025-48043"
"ash","1.20.1","EEF-CVE-2025-48043"
"ash","1.22.0","EEF-CVE-2025-48043"
"ash","1.22.1","EEF-CVE-2025-48043"
"ash","1.23.0","EEF-CVE-2025-48043"
"ash","1.23.1","EEF-CVE-2025-48043"
"ash","1.23.2","EEF-CVE-2025-48043"
"ash","1.23.3","EEF-CVE-2025-48043"
"ash","1.24.0","EEF-CVE-2025-48043"
"ash","1.24.1","EEF-CVE-2025-48043"
"ash","1.24.2","EEF-CVE-2025-48043"
"ash","1.25.0","EEF-CVE-2025-48043"
"ash","1.25.1","EEF-CVE-2025-48043"
"ash","1.25.2","EEF-CVE-2025-48043"
"ash","1.25.3","EEF-CVE-2025-48043"
"ash","1.25.4","EEF-CVE-2025-48043"
"ash","1.25.5","EEF-CVE-2025-48043"
"ash","1.25.6","EEF-CVE-2025-48043"
"ash","1.25.7","EEF-CVE-2025-48043"
"ash","1.25.8","EEF-CVE-2025-48043"
"ash","1.26.0","EEF-CVE-2025-48043"
"ash","1.26.1","EEF-CVE-2025-48043"
"ash","1.26.10","EEF-CVE-2025-48043"
"ash","1.26.11","EEF-CVE-2025-48043"
"ash","1.26.12","EEF-CVE-2025-48043"
"ash","1.26.13","EEF-CVE-2025-48043"
"ash","1.26.2","EEF-CVE-2025-48043"
"ash","1.26.4","EEF-CVE-2025-48043"
"ash","1.26.5","EEF-CVE-2025-48043"
"ash","1.26.6","EEF-CVE-2025-48043"
"ash","1.26.7","EEF-CVE-2025-48043"
"ash","1.26.8","EEF-CVE-2025-48043"
"ash","1.26.9","EEF-CVE-2025-48043"
"ash","1.27.0","EEF-CVE-2025-48043"
"ash","1.27.1","EEF-CVE-2025-48043"
"ash","1.28.0","EEF-CVE-2025-48043"
"ash","1.28.1","EEF-CVE-2025-48043"
"ash","1.29.0-rc0","EEF-CVE-2025-48043"
"ash","1.29.0-rc1","EEF-CVE-2025-48043"
"ash","1.3.0","EEF-CVE-2025-48043"
"ash","1.3.1","EEF-CVE-2025-48043"
"ash","1.30.1","EEF-CVE-2025-48043"
"ash","1.30.2","EEF-CVE-2025-48043"
"ash","1.31.0","EEF-CVE-2025-48043"
"ash","1.31.1","EEF-CVE-2025-48043"
"ash","1.32.0","EEF-CVE-2025-48043"
"ash","1.32.1","EEF-CVE-2025-48043"
"ash","1.32.2","EEF-CVE-2025-48043"
"ash","1.33.0","EEF-CVE-2025-48043"
"ash","1.34.0","EEF-CVE-2025-48043"
"ash","1.34.1","EEF-CVE-2025-48043"
"ash","1.34.2","EEF-CVE-2025-48043"
"ash","1.34.3","EEF-CVE-2025-48043"
"ash","1.34.4","EEF-CVE-2025-48043"
"ash","1.34.5","EEF-CVE-2025-48043"
"ash","1.34.6","EEF-CVE-2025-48043"
"ash","1.34.7","EEF-CVE-2025-48043"
"ash","1.34.8","EEF-CVE-2025-48043"
"ash","1.34.9","EEF-CVE-2025-48043"
"ash","1.35.0","EEF-CVE-2025-48043"
"ash","1.35.1","EEF-CVE-2025-48043"
"ash","1.36.0","EEF-CVE-2025-48043"
"ash","1.36.10","EEF-CVE-2025-48043"
"ash","1.36.11","EEF-CVE-2025-48043"
"ash","1.36.12","EEF-CVE-2025-48043"
"ash","1.36.13","EEF-CVE-2025-48043"
"ash","1.36.14","EEF-CVE-2025-48043"
"ash","1.36.15","EEF-CVE-2025-48043"
"ash","1.36.16","EEF-CVE-2025-48043"
"ash","1.36.17","EEF-CVE-2025-48043"
"ash","1.36.18","EEF-CVE-2025-48043"
"ash","1.36.19","EEF-CVE-2025-48043"
"ash","1.36.2","EEF-CVE-2025-48043"
"ash","1.36.21","EEF-CVE-2025-48043"
"ash","1.36.22","EEF-CVE-2025-48043"
"ash","1.36.3","EEF-CVE-2025-48043"
"ash","1.36.4","EEF-CVE-2025-48043"
"ash","1.36.5","EEF-CVE-2025-48043"
"ash","1.36.6","EEF-CVE-2025-48043"
"ash","1.36.7","EEF-CVE-2025-48043"
"ash","1.36.8","EEF-CVE-2025-48043"
"ash","1.36.9","EEF-CVE-2025-48043"
"ash","1.37.0","EEF-CVE-2025-48043"
"ash","1.37.1","EEF-CVE-2025-48043"
"ash","1.37.2","EEF-CVE-2025-48043"
"ash","1.38.0","EEF-CVE-2025-48043"
"ash","1.39.0","EEF-CVE-2025-48043"
"ash","1.39.1","EEF-CVE-2025-48043"
"ash","1.39.2","EEF-CVE-2025-48043"
"ash","1.39.3","EEF-CVE-2025-48043"
"ash","1.39.4","EEF-CVE-2025-48043"
"ash","1.39.5","EEF-CVE-2025-48043"
"ash","1.39.6","EEF-CVE-2025-48043"
"ash","1.39.7","EEF-CVE-2025-48043"
"ash","1.4.0","EEF-CVE-2025-48043"
"ash","1.4.1","EEF-CVE-2025-48043"
"ash","1.40.0","EEF-CVE-2025-48043"
"ash","1.41.0","EEF-CVE-2025-48043"
"ash","1.41.1","EEF-CVE-2025-48043"
"ash","1.41.10","EEF-CVE-2025-48043"
"ash","1.41.11","EEF-CVE-2025-48043"
"ash","1.41.12","EEF-CVE-2025-48043"
"ash","1.41.2","EEF-CVE-2025-48043"
"ash","1.41.3","EEF-CVE-2025-48043"
"ash","1.41.4","EEF-CVE-2025-48043"
"ash","1.41.5","EEF-CVE-2025-48043"
"ash","1.41.6","EEF-CVE-2025-48043"
"ash","1.41.7","EEF-CVE-2025-48043"
"ash","1.41.8","EEF-CVE-2025-48043"
"ash","1.41.9","EEF-CVE-2025-48043"
"ash","1.42.0","EEF-CVE-2025-48043"
"ash","1.43.0","EEF-CVE-2025-48043"
"ash","1.43.1","EEF-CVE-2025-48043"
"ash","1.43.10","EEF-CVE-2025-48043"
"ash","1.43.11","EEF-CVE-2025-48043"
"ash","1.43.12","EEF-CVE-2025-48043"
"ash","1.43.2","EEF-CVE-2025-48043"
"ash","1.43.3","EEF-CVE-2025-48043"
"ash","1.43.4","EEF-CVE-2025-48043"
"ash","1.43.5","EEF-CVE-2025-48043"
"ash","1.43.6","EEF-CVE-2025-48043"
"ash","1.43.7","EEF-CVE-2025-48043"
"ash","1.43.8","EEF-CVE-2025-48043"
"ash","1.43.9","EEF-CVE-2025-48043"
"ash","1.44.0","EEF-CVE-2025-48043"
"ash","1.44.1","EEF-CVE-2025-48043"
"ash","1.44.10","EEF-CVE-2025-48043"
"ash","1.44.11","EEF-CVE-2025-48043"
"ash","1.44.12","EEF-CVE-2025-48043"
"ash","1.44.13","EEF-CVE-2025-48043"
"ash","1.44.2","EEF-CVE-2025-48043"
"ash","1.44.3","EEF-CVE-2025-48043"
"ash","1.44.4","EEF-CVE-2025-48043"
"ash","1.44.5","EEF-CVE-2025-48043"
"ash","1.44.6","EEF-CVE-2025-48043"
"ash","1.44.7","EEF-CVE-2025-48043"
"ash","1.44.8","EEF-CVE-2025-48043"
"ash","1.44.9","EEF-CVE-2025-48043"
"ash","1.45.0-rc0","EEF-CVE-2025-48043"
"ash","1.45.0-rc1","EEF-CVE-2025-48043"
"ash","1.45.0-rc10","EEF-CVE-2025-48043"
"ash","1.45.0-rc11","EEF-CVE-2025-48043"
"ash","1.45.0-rc12","EEF-CVE-2025-48043"
"ash","1.45.0-rc13","EEF-CVE-2025-48043"
"ash","1.45.0-rc14","EEF-CVE-2025-48043"
"ash","1.45.0-rc15","EEF-CVE-2025-48043"
"ash","1.45.0-rc16","EEF-CVE-2025-48043"
"ash","1.45.0-rc17","EEF-CVE-2025-48043"
"ash","1.45.0-rc18","EEF-CVE-2025-48043"
"ash","1.45.0-rc19","EEF-CVE-2025-48043"
"ash","1.45.0-rc2","EEF-CVE-2025-48043"
"ash","1.45.0-rc20","EEF-CVE-2025-48043"
"ash","1.45.0-rc3","EEF-CVE-2025-48043"
"ash","1.45.0-rc4","EEF-CVE-2025-48043"
"ash","1.45.0-rc5","EEF-CVE-2025-48043"
"ash","1.45.0-rc6","EEF-CVE-2025-48043"
"ash","1.45.0-rc7","EEF-CVE-2025-48043"
"ash","1.45.0-rc8","EEF-CVE-2025-48043"
"ash","1.45.0-rc9","EEF-CVE-2025-48043"
"ash","1.46.0","EEF-CVE-2025-48043"
"ash","1.46.1","EEF-CVE-2025-48043"
"ash","1.46.10","EEF-CVE-2025-48043"
"ash","1.46.11","EEF-CVE-2025-48043"
"ash","1.46.12","EEF-CVE-2025-48043"
"ash","1.46.13","EEF-CVE-2025-48043"
"ash","1.46.2","EEF-CVE-2025-48043"
"ash","1.46.3","EEF-CVE-2025-48043"
"ash","1.46.4","EEF-CVE-2025-48043"
"ash","1.46.5","EEF-CVE-2025-48043"
"ash","1.46.6","EEF-CVE-2025-48043"
"ash","1.46.7","EEF-CVE-2025-48043"
"ash","1.46.8","EEF-CVE-2025-48043"
"ash","1.46.9","EEF-CVE-2025-48043"
"ash","1.47.0","EEF-CVE-2025-48043"
"ash","1.47.1","EEF-CVE-2025-48043"
"ash","1.47.10","EEF-CVE-2025-48043"
"ash","1.47.11","EEF-CVE-2025-48043"
"ash","1.47.12","EEF-CVE-2025-48043"
"ash","1.47.2","EEF-CVE-2025-48043"
"ash","1.47.3","EEF-CVE-2025-48043"
"ash","1.47.4","EEF-CVE-2025-48043"
"ash","1.47.5","EEF-CVE-2025-48043"
"ash","1.47.6","EEF-CVE-2025-48043"
"ash","1.47.7","EEF-CVE-2025-48043"
"ash","1.47.8","EEF-CVE-2025-48043"
"ash","1.47.9","EEF-CVE-2025-48043"
"ash","1.48.0-rc.0","EEF-CVE-2025-48043"
"ash","1.48.0-rc.1","EEF-CVE-2025-48043"
"ash","1.48.0-rc.10","EEF-CVE-2025-48043"
"ash","1.48.0-rc.11","EEF-CVE-2025-48043"
"ash","1.48.0-rc.12","EEF-CVE-2025-48043"
"ash","1.48.0-rc.13","EEF-CVE-2025-48043"
"ash","1.48.0-rc.14","EEF-CVE-2025-48043"
"ash","1.48.0-rc.15","EEF-CVE-2025-48043"
"ash","1.48.0-rc.16","EEF-CVE-2025-48043"
"ash","1.48.0-rc.17","EEF-CVE-2025-48043"
"ash","1.48.0-rc.18","EEF-CVE-2025-48043"
"ash","1.48.0-rc.19","EEF-CVE-2025-48043"
"ash","1.48.0-rc.2","EEF-CVE-2025-48043"
"ash","1.48.0-rc.20","EEF-CVE-2025-48043"
"ash","1.48.0-rc.21","EEF-CVE-2025-48043"
"ash","1.48.0-rc.22","EEF-CVE-2025-48043"
"ash","1.48.0-rc.23","EEF-CVE-2025-48043"
"ash","1.48.0-rc.24","EEF-CVE-2025-48043"
"ash","1.48.0-rc.25","EEF-CVE-2025-48043"
"ash","1.48.0-rc.26","EEF-CVE-2025-48043"
"ash","1.48.0-rc.27","EEF-CVE-2025-48043"
"ash","1.48.0-rc.28","EEF-CVE-2025-48043"
"ash","1.48.0-rc.29","EEF-CVE-2025-48043"
"ash","1.48.0-rc.3","EEF-CVE-2025-48043"
"ash","1.48.0-rc.30","EEF-CVE-2025-48043"
"ash","1.48.0-rc.4","EEF-CVE-2025-48043"
"ash","1.48.0-rc.5","EEF-CVE-2025-48043"
"ash","1.48.0-rc.6","EEF-CVE-2025-48043"
"ash","1.48.0-rc.7","EEF-CVE-2025-48043"
"ash","1.48.0-rc.8","EEF-CVE-2025-48043"
"ash","1.48.0-rc.9","EEF-CVE-2025-48043"
"ash","1.49.0","EEF-CVE-2025-48043"
"ash","1.5.0","EEF-CVE-2025-48043"
"ash","1.5.1","EEF-CVE-2025-48043"
"ash","1.50.0","EEF-CVE-2025-48043"
"ash","1.50.1","EEF-CVE-2025-48043"
"ash","1.50.10","EEF-CVE-2025-48043"
"ash","1.50.11","EEF-CVE-2025-48043"
"ash","1.50.12","EEF-CVE-2025-48043"
"ash","1.50.13","EEF-CVE-2025-48043"
"ash","1.50.14","EEF-CVE-2025-48043"
"ash","1.50.15","EEF-CVE-2025-48043"
"ash","1.50.16","EEF-CVE-2025-48043"
"ash","1.50.17","EEF-CVE-2025-48043"
"ash","1.50.18","EEF-CVE-2025-48043"
"ash","1.50.19","EEF-CVE-2025-48043"
"ash","1.50.2","EEF-CVE-2025-48043"
"ash","1.50.20","EEF-CVE-2025-48043"
"ash","1.50.21","EEF-CVE-2025-48043"
"ash","1.50.3","EEF-CVE-2025-48043"
"ash","1.50.4","EEF-CVE-2025-48043"
"ash","1.50.5","EEF-CVE-2025-48043"
"ash","1.50.6","EEF-CVE-2025-48043"
"ash","1.50.7","EEF-CVE-2025-48043"
"ash","1.50.8","EEF-CVE-2025-48043"
"ash","1.50.9","EEF-CVE-2025-48043"
"ash","1.51.0","EEF-CVE-2025-48043"
"ash","1.51.1","EEF-CVE-2025-48043"
"ash","1.51.2","EEF-CVE-2025-48043"
"ash","1.52.0-rc.0","EEF-CVE-2025-48043"
"ash","1.52.0-rc.1","EEF-CVE-2025-48043"
"ash","1.52.0-rc.10","EEF-CVE-2025-48043"
"ash","1.52.0-rc.11","EEF-CVE-2025-48043"
"ash","1.52.0-rc.12","EEF-CVE-2025-48043"
"ash","1.52.0-rc.13","EEF-CVE-2025-48043"
"ash","1.52.0-rc.14","EEF-CVE-2025-48043"
"ash","1.52.0-rc.15","EEF-CVE-2025-48043"
"ash","1.52.0-rc.16","EEF-CVE-2025-48043"
"ash","1.52.0-rc.17","EEF-CVE-2025-48043"
"ash","1.52.0-rc.18","EEF-CVE-2025-48043"
"ash","1.52.0-rc.19","EEF-CVE-2025-48043"
"ash","1.52.0-rc.2","EEF-CVE-2025-48043"
"ash","1.52.0-rc.20","EEF-CVE-2025-48043"
"ash","1.52.0-rc.21","EEF-CVE-2025-48043"
"ash","1.52.0-rc.22","EEF-CVE-2025-48043"
"ash","1.52.0-rc.3","EEF-CVE-2025-48043"
"ash","1.52.0-rc.4","EEF-CVE-2025-48043"
"ash","1.52.0-rc.5","EEF-CVE-2025-48043"
"ash","1.52.0-rc.6","EEF-CVE-2025-48043"
"ash","1.52.0-rc.7","EEF-CVE-2025-48043"
"ash","1.52.0-rc.8","EEF-CVE-2025-48043"
"ash","1.52.0-rc.9","EEF-CVE-2025-48043"
"ash","1.53.0","EEF-CVE-2025-48043"
"ash","1.53.2","EEF-CVE-2025-48043"
"ash","1.53.3","EEF-CVE-2025-48043"
"ash","1.6.0","EEF-CVE-2025-48043"
"ash","1.6.1","EEF-CVE-2025-48043"
"ash","1.6.2","EEF-CVE-2025-48043"
"ash","1.6.3","EEF-CVE-2025-48043"
"ash","1.6.4","EEF-CVE-2025-48043"
"ash","1.6.5","EEF-CVE-2025-48043"
"ash","1.6.6","EEF-CVE-2025-48043"
"ash","1.6.7","EEF-CVE-2025-48043"
"ash","1.6.8","EEF-CVE-2025-48043"
"ash","1.7.0","EEF-CVE-2025-48043"
"ash","1.8.0","EEF-CVE-2025-48043"
"ash","1.9.0","EEF-CVE-2025-48043"
"ash","2.0.0","EEF-CVE-2025-48043"
"ash","2.0.0-pre.0","EEF-CVE-2025-48043"
"ash","2.0.0-pre.1","EEF-CVE-2025-48043"
"ash","2.0.0-pre.2","EEF-CVE-2025-48043"
"ash","2.0.0-pre.3","EEF-CVE-2025-48043"
"ash","2.0.0-pre.4","EEF-CVE-2025-48043"
"ash","2.0.0-pre.5","EEF-CVE-2025-48043"
"ash","2.0.0-pre.6","EEF-CVE-2025-48043"
"ash","2.0.0-pre.7","EEF-CVE-2025-48043"
"ash","2.0.0-pre.8","EEF-CVE-2025-48043"
"ash","2.0.0-rc.0","EEF-CVE-2025-48043"
"ash","2.0.0-rc.1","EEF-CVE-2025-48043"
"ash","2.0.0-rc.10","EEF-CVE-2025-48043"
"ash","2.0.0-rc.11","EEF-CVE-2025-48043"
"ash","2.0.0-rc.12","EEF-CVE-2025-48043"
"ash","2.0.0-rc.13","EEF-CVE-2025-48043"
"ash","2.0.0-rc.14","EEF-CVE-2025-48043"
"ash","2.0.0-rc.15","EEF-CVE-2025-48043"
"ash","2.0.0-rc.2","EEF-CVE-2025-48043"
"ash","2.0.0-rc.3","EEF-CVE-2025-48043"
"ash","2.0.0-rc.4","EEF-CVE-2025-48043"
"ash","2.0.0-rc.5","EEF-CVE-2025-48043"
"ash","2.0.0-rc.6","EEF-CVE-2025-48043"
"ash","2.0.0-rc.7","EEF-CVE-2025-48043"
"ash","2.0.0-rc.8","EEF-CVE-2025-48043"
"ash","2.0.0-rc.9","EEF-CVE-2025-48043"
"ash","2.1.0","EEF-CVE-2025-48043"
"ash","2.10.0","EEF-CVE-2025-48043"
"ash","2.10.1","EEF-CVE-2025-48043"
"ash","2.10.2","EEF-CVE-2025-48043"
"ash","2.11.0","EEF-CVE-2025-48043"
"ash","2.11.0-rc.0","EEF-CVE-2025-48043"
"ash","2.11.0-rc.1","EEF-CVE-2025-48043"
"ash","2.11.0-rc.2","EEF-CVE-2025-48043"
"ash","2.11.0-rc.3","EEF-CVE-2025-48043"
"ash","2.11.1","EEF-CVE-2025-48043"
"ash","2.11.10","EEF-CVE-2025-48043"
"ash","2.11.11","EEF-CVE-2025-48043"
"ash","2.11.2","EEF-CVE-2025-48043"
"ash","2.11.3","EEF-CVE-2025-48043"
"ash","2.11.4","EEF-CVE-2025-48043"
"ash","2.11.5","EEF-CVE-2025-48043"
"ash","2.11.6","EEF-CVE-2025-48043"
"ash","2.11.7","EEF-CVE-2025-48043"
"ash","2.11.8","EEF-CVE-2025-48043"
"ash","2.11.9","EEF-CVE-2025-48043"
"ash","2.12.0","EEF-CVE-2025-48043"
"ash","2.12.1","EEF-CVE-2025-48043"
"ash","2.13.0","EEF-CVE-2025-48043"
"ash","2.13.1","EEF-CVE-2025-48043"
"ash","2.13.2","EEF-CVE-2025-48043"
"ash","2.13.3","EEF-CVE-2025-48043"
"ash","2.13.4","EEF-CVE-2025-48043"
"ash","2.14.0","EEF-CVE-2025-48043"
"ash","2.14.1","EEF-CVE-2025-48043"
"ash","2.14.10","EEF-CVE-2025-48043"
"ash","2.14.11","EEF-CVE-2025-48043"
"ash","2.14.12","EEF-CVE-2025-48043"
"ash","2.14.13","EEF-CVE-2025-48043"
"ash","2.14.14","EEF-CVE-2025-48043"
"ash","2.14.15","EEF-CVE-2025-48043"
"ash","2.14.16","EEF-CVE-2025-48043"
"ash","2.14.17","EEF-CVE-2025-48043"
"ash","2.14.18","EEF-CVE-2025-48043"
"ash","2.14.19","EEF-CVE-2025-48043"
"ash","2.14.2","EEF-CVE-2025-48043"
"ash","2.14.20","EEF-CVE-2025-48043"
"ash","2.14.21","EEF-CVE-2025-48043"
"ash","2.14.3","EEF-CVE-2025-48043"
"ash","2.14.4","EEF-CVE-2025-48043"
"ash","2.14.5","EEF-CVE-2025-48043"
"ash","2.14.6","EEF-CVE-2025-48043"
"ash","2.14.7","EEF-CVE-2025-48043"
"ash","2.14.8","EEF-CVE-2025-48043"
"ash","2.14.9","EEF-CVE-2025-48043"
"ash","2.15.0","EEF-CVE-2025-48043"
"ash","2.15.1","EEF-CVE-2025-48043"
"ash","2.15.10","EEF-CVE-2025-48043"
"ash","2.15.11","EEF-CVE-2025-48043"
"ash","2.15.12","EEF-CVE-2025-48043"
"ash","2.15.13","EEF-CVE-2025-48043"
"ash","2.15.14","EEF-CVE-2025-48043"
"ash","2.15.15","EEF-CVE-2025-48043"
"ash","2.15.16","EEF-CVE-2025-48043"
"ash","2.15.17","EEF-CVE-2025-48043"
"ash","2.15.18","EEF-CVE-2025-48043"
"ash","2.15.19","EEF-CVE-2025-48043"
"ash","2.15.2","EEF-CVE-2025-48043"
"ash","2.15.20","EEF-CVE-2025-48043"
"ash","2.15.4","EEF-CVE-2025-48043"
"ash","2.15.5","EEF-CVE-2025-48043"
"ash","2.15.6","EEF-CVE-2025-48043"
"ash","2.15.7","EEF-CVE-2025-48043"
"ash","2.15.8","EEF-CVE-2025-48043"
"ash","2.15.9","EEF-CVE-2025-48043"
"ash","2.16.0","EEF-CVE-2025-48043"
"ash","2.16.1","EEF-CVE-2025-48043"
"ash","2.17.0","EEF-CVE-2025-48043"
"ash","2.17.1","EEF-CVE-2025-48043"
"ash","2.17.10","EEF-CVE-2025-48043"
"ash","2.17.11","EEF-CVE-2025-48043"
"ash","2.17.12","EEF-CVE-2025-48043"
"ash","2.17.13","EEF-CVE-2025-48043"
"ash","2.17.14","EEF-CVE-2025-48043"
"ash","2.17.15","EEF-CVE-2025-48043"
"ash","2.17.16","EEF-CVE-2025-48043"
"ash","2.17.17","EEF-CVE-2025-48043"
"ash","2.17.18","EEF-CVE-2025-48043"
"ash","2.17.19","EEF-CVE-2025-48043"
"ash","2.17.2","EEF-CVE-2025-48043"
"ash","2.17.20","EEF-CVE-2025-48043"
"ash","2.17.21","EEF-CVE-2025-48043"
"ash","2.17.22","EEF-CVE-2025-48043"
"ash","2.17.23","EEF-CVE-2025-48043"
"ash","2.17.24","EEF-CVE-2025-48043"
"ash","2.17.3","EEF-CVE-2025-48043"
"ash","2.17.4","EEF-CVE-2025-48043"
"ash","2.17.5","EEF-CVE-2025-48043"
"ash","2.17.6","EEF-CVE-2025-48043"
"ash","2.17.7","EEF-CVE-2025-48043"
"ash","2.17.8","EEF-CVE-2025-48043"
"ash","2.17.9","EEF-CVE-2025-48043"
"ash","2.18.0","EEF-CVE-2025-48043"
"ash","2.18.1","EEF-CVE-2025-48043"
"ash","2.18.2","EEF-CVE-2025-48043"
"ash","2.19.0","EEF-CVE-2025-48043"
"ash","2.19.1","EEF-CVE-2025-48043"
"ash","2.19.10","EEF-CVE-2025-48043"
"ash","2.19.11","EEF-CVE-2025-48043"
"ash","2.19.12","EEF-CVE-2025-48043"
"ash","2.19.13","EEF-CVE-2025-48043"
"ash","2.19.14","EEF-CVE-2025-48043"
"ash","2.19.2","EEF-CVE-2025-48043"
"ash","2.19.3","EEF-CVE-2025-48043"
"ash","2.19.4","EEF-CVE-2025-48043"
"ash","2.19.5","EEF-CVE-2025-48043"
"ash","2.19.6","EEF-CVE-2025-48043"
"ash","2.19.7","EEF-CVE-2025-48043"
"ash","2.19.8","EEF-CVE-2025-48043"
"ash","2.19.9","EEF-CVE-2025-48043"
"ash","2.2.0","EEF-CVE-2025-48043"
"ash","2.20.0","EEF-CVE-2025-48043"
"ash","2.20.1","EEF-CVE-2025-48043"
"ash","2.20.2","EEF-CVE-2025-48043"
"ash","2.20.3","EEF-CVE-2025-48043"
"ash","2.21.0","EEF-CVE-2025-48043"
"ash","2.21.1","EEF-CVE-2025-48043"
"ash","2.21.10","EEF-CVE-2025-48043"
"ash","2.21.11","EEF-CVE-2025-48043"
"ash","2.21.12","EEF-CVE-2025-48043"
"ash","2.21.13","EEF-CVE-2025-48043"
"ash","2.21.14","EEF-CVE-2025-48043"
"ash","2.21.15","EEF-CVE-2025-48043"
"ash","2.21.2","EEF-CVE-2025-48043"
"ash","2.21.3","EEF-CVE-2025-48043"
"ash","2.21.4","EEF-CVE-2025-48043"
"ash","2.21.5","EEF-CVE-2025-48043"
"ash","2.21.6","EEF-CVE-2025-48043"
"ash","2.21.7","EEF-CVE-2025-48043"
"ash","2.21.8","EEF-CVE-2025-48043"
"ash","2.21.9","EEF-CVE-2025-48043"
"ash","2.3.0","EEF-CVE-2025-48043"
"ash","2.4.0","EEF-CVE-2025-48043"
"ash","2.4.1","EEF-CVE-2025-48043"
"ash","2.4.10","EEF-CVE-2025-48043"
"ash","2.4.11","EEF-CVE-2025-48043"
"ash","2.4.12","EEF-CVE-2025-48043"
"ash","2.4.13","EEF-CVE-2025-48043"
"ash","2.4.14","EEF-CVE-2025-48043"
"ash","2.4.15","EEF-CVE-2025-48043"
"ash","2.4.16","EEF-CVE-2025-48043"
"ash","2.4.17","EEF-CVE-2025-48043"
"ash","2.4.18","EEF-CVE-2025-48043"
"ash","2.4.19","EEF-CVE-2025-48043"
"ash","2.4.2","EEF-CVE-2025-48043"
"ash","2.4.20","EEF-CVE-2025-48043"
"ash","2.4.21","EEF-CVE-2025-48043"
"ash","2.4.22","EEF-CVE-2025-48043"
"ash","2.4.23","EEF-CVE-2025-48043"
"ash","2.4.24","EEF-CVE-2025-48043"
"ash","2.4.25","EEF-CVE-2025-48043"
"ash","2.4.26","EEF-CVE-2025-48043"
"ash","2.4.27","EEF-CVE-2025-48043"
"ash","2.4.28","EEF-CVE-2025-48043"
"ash","2.4.29","EEF-CVE-2025-48043"
"ash","2.4.3","EEF-CVE-2025-48043"
"ash","2.4.30","EEF-CVE-2025-48043"
"ash","2.4.4","EEF-CVE-2025-48043"
"ash","2.4.5","EEF-CVE-2025-48043"
"ash","2.4.6","EEF-CVE-2025-48043"
"ash","2.4.7","EEF-CVE-2025-48043"
"ash","2.4.8","EEF-CVE-2025-48043"
"ash","2.4.9","EEF-CVE-2025-48043"
"ash","2.5.0","EEF-CVE-2025-48043"
"ash","2.5.0-rc.0","EEF-CVE-2025-48043"
"ash","2.5.0-rc.1","EEF-CVE-2025-48043"
"ash","2.5.0-rc.2","EEF-CVE-2025-48043"
"ash","2.5.0-rc.3","EEF-CVE-2025-48043"
"ash","2.5.0-rc.4","EEF-CVE-2025-48043"
"ash","2.5.0-rc.5","EEF-CVE-2025-48043"
"ash","2.5.0-rc.6","EEF-CVE-2025-48043"
"ash","2.5.1","EEF-CVE-2025-48043"
"ash","2.5.10","EEF-CVE-2025-48043"
"ash","2.5.11","EEF-CVE-2025-48043"
"ash","2.5.12","EEF-CVE-2025-48043"
"ash","2.5.13","EEF-CVE-2025-48043"
"ash","2.5.14","EEF-CVE-2025-48043"
"ash","2.5.15","EEF-CVE-2025-48043"
"ash","2.5.16","EEF-CVE-2025-48043"
"ash","2.5.2","EEF-CVE-2025-48043"
"ash","2.5.3","EEF-CVE-2025-48043"
"ash","2.5.4","EEF-CVE-2025-48043"
"ash","2.5.5","EEF-CVE-2025-48043"
"ash","2.5.6","EEF-CVE-2025-48043"
"ash","2.5.7","EEF-CVE-2025-48043"
"ash","2.5.8","EEF-CVE-2025-48043"
"ash","2.5.9","EEF-CVE-2025-48043"
"ash","2.6.0","EEF-CVE-2025-48043"
"ash","2.6.1","EEF-CVE-2025-48043"
"ash","2.6.10","EEF-CVE-2025-48043"
"ash","2.6.11","EEF-CVE-2025-48043"
"ash","2.6.13","EEF-CVE-2025-48043"
"ash","2.6.14","EEF-CVE-2025-48043"
"ash","2.6.15","EEF-CVE-2025-48043"
"ash","2.6.16","EEF-CVE-2025-48043"
"ash","2.6.17","EEF-CVE-2025-48043"
"ash","2.6.18","EEF-CVE-2025-48043"
"ash","2.6.19","EEF-CVE-2025-48043"
"ash","2.6.2","EEF-CVE-2025-48043"
"ash","2.6.20","EEF-CVE-2025-48043"
"ash","2.6.21","EEF-CVE-2025-48043"
"ash","2.6.22","EEF-CVE-2025-48043"
"ash","2.6.23","EEF-CVE-2025-48043"
"ash","2.6.24","EEF-CVE-2025-48043"
"ash","2.6.25","EEF-CVE-2025-48043"
"ash","2.6.26","EEF-CVE-2025-48043"
"ash","2.6.27","EEF-CVE-2025-48043"
"ash","2.6.28","EEF-CVE-2025-48043"
"ash","2.6.29","EEF-CVE-2025-48043"
"ash","2.6.3","EEF-CVE-2025-48043"
"ash","2.6.30","EEF-CVE-2025-48043"
"ash","2.6.31","EEF-CVE-2025-48043"
"ash","2.6.4","EEF-CVE-2025-48043"
"ash","2.6.5","EEF-CVE-2025-48043"
"ash","2.6.6","EEF-CVE-2025-48043"
"ash","2.6.7","EEF-CVE-2025-48043"
"ash","2.6.8","EEF-CVE-2025-48043"
"ash","2.6.9","EEF-CVE-2025-48043"
"ash","2.7.0","EEF-CVE-2025-48043"
"ash","2.7.1","EEF-CVE-2025-48043"
"ash","2.8.0","EEF-CVE-2025-48043"
"ash","2.8.1","EEF-CVE-2025-48043"
"ash","2.9.0","EEF-CVE-2025-48043"
"ash","2.9.1","EEF-CVE-2025-48043"
"ash","2.9.10","EEF-CVE-2025-48043"
"ash","2.9.11","EEF-CVE-2025-48043"
"ash","2.9.12","EEF-CVE-2025-48043"
"ash","2.9.13","EEF-CVE-2025-48043"
"ash","2.9.14","EEF-CVE-2025-48043"
"ash","2.9.15","EEF-CVE-2025-48043"
"ash","2.9.16","EEF-CVE-2025-48043"
"ash","2.9.17","EEF-CVE-2025-48043"
"ash","2.9.18","EEF-CVE-2025-48043"
"ash","2.9.19","EEF-CVE-2025-48043"
"ash","2.9.2","EEF-CVE-2025-48043"
"ash","2.9.20","EEF-CVE-2025-48043"
"ash","2.9.21","EEF-CVE-2025-48043"
"ash","2.9.22","EEF-CVE-2025-48043"
"ash","2.9.23","EEF-CVE-2025-48043"
"ash","2.9.24","EEF-CVE-2025-48043"
"ash","2.9.25","EEF-CVE-2025-48043"
"ash","2.9.26","EEF-CVE-2025-48043"
"ash","2.9.27","EEF-CVE-2025-48043"
"ash","2.9.28","EEF-CVE-2025-48043"
"ash","2.9.29","EEF-CVE-2025-48043"
"ash","2.9.3","EEF-CVE-2025-48043"
"ash","2.9.4","EEF-CVE-2025-48043"
"ash","2.9.5","EEF-CVE-2025-48043"
"ash","2.9.6","EEF-CVE-2025-48043"
"ash","2.9.7","EEF-CVE-2025-48043"
"ash","2.9.8","EEF-CVE-2025-48043"
"ash","2.9.9","EEF-CVE-2025-48043"
"ash","3.0.0","EEF-CVE-2025-48043"
"ash","3.0.0-rc.0","EEF-CVE-2025-48043"
"ash","3.0.0-rc.1","EEF-CVE-2025-48043"
"ash","3.0.0-rc.10","EEF-CVE-2025-48043"
"ash","3.0.0-rc.11","EEF-CVE-2025-48043"
"ash","3.0.0-rc.12","EEF-CVE-2025-48043"
"ash","3.0.0-rc.13","EEF-CVE-2025-48043"
"ash","3.0.0-rc.14","EEF-CVE-2025-48043"
"ash","3.0.0-rc.15","EEF-CVE-2025-48043"
"ash","3.0.0-rc.16","EEF-CVE-2025-48043"
"ash","3.0.0-rc.17","EEF-CVE-2025-48043"
"ash","3.0.0-rc.18","EEF-CVE-2025-48043"
"ash","3.0.0-rc.19","EEF-CVE-2025-48043"
"ash","3.0.0-rc.20","EEF-CVE-2025-48043"
"ash","3.0.0-rc.21","EEF-CVE-2025-48043"
"ash","3.0.0-rc.22","EEF-CVE-2025-48043"
"ash","3.0.0-rc.23","EEF-CVE-2025-48043"
"ash","3.0.0-rc.24","EEF-CVE-2025-48043"
"ash","3.0.0-rc.25","EEF-CVE-2025-48043"
"ash","3.0.0-rc.26","EEF-CVE-2025-48043"
"ash","3.0.0-rc.27","EEF-CVE-2025-48043"
"ash","3.0.0-rc.28","EEF-CVE-2025-48043"
"ash","3.0.0-rc.29","EEF-CVE-2025-48043"
"ash","3.0.0-rc.3","EEF-CVE-2025-48043"
"ash","3.0.0-rc.31","EEF-CVE-2025-48043"
"ash","3.0.0-rc.32","EEF-CVE-2025-48043"
"ash","3.0.0-rc.33","EEF-CVE-2025-48043"
"ash","3.0.0-rc.34","EEF-CVE-2025-48043"
"ash","3.0.0-rc.35","EEF-CVE-2025-48043"
"ash","3.0.0-rc.36","EEF-CVE-2025-48043"
"ash","3.0.0-rc.37","EEF-CVE-2025-48043"
"ash","3.0.0-rc.38","EEF-CVE-2025-48043"
"ash","3.0.0-rc.39","EEF-CVE-2025-48043"
"ash","3.0.0-rc.4","EEF-CVE-2025-48043"
"ash","3.0.0-rc.40","EEF-CVE-2025-48043"
"ash","3.0.0-rc.41","EEF-CVE-2025-48043"
"ash","3.0.0-rc.42","EEF-CVE-2025-48043"
"ash","3.0.0-rc.43","EEF-CVE-2025-48043"
"ash","3.0.0-rc.44","EEF-CVE-2025-48043"
"ash","3.0.0-rc.45","EEF-CVE-2025-48043"
"ash","3.0.0-rc.46","EEF-CVE-2025-48043"
"ash","3.0.0-rc.5","EEF-CVE-2025-48043"
"ash","3.0.0-rc.6","EEF-CVE-2025-48043"
"ash","3.0.0-rc.7","EEF-CVE-2025-48043"
"ash","3.0.0-rc.8","EEF-CVE-2025-48043"
"ash","3.0.0-rc.9","EEF-CVE-2025-48043"
"ash","3.0.1","EEF-CVE-2025-48043"
"ash","3.0.10","EEF-CVE-2025-48043"
"ash","3.0.11","EEF-CVE-2025-48043"
"ash","3.0.12","EEF-CVE-2025-48043"
"ash","3.0.13","EEF-CVE-2025-48043"
"ash","3.0.14","EEF-CVE-2025-48043"
"ash","3.0.15","EEF-CVE-2025-48043"
"ash","3.0.16","EEF-CVE-2025-48043"
"ash","3.0.2","EEF-CVE-2025-48043"
"ash","3.0.3","EEF-CVE-2025-48043"
"ash","3.0.4","EEF-CVE-2025-48043"
"ash","3.0.5","EEF-CVE-2025-48043"
"ash","3.0.6","EEF-CVE-2025-48043"
"ash","3.0.7","EEF-CVE-2025-48043"
"ash","3.0.8","EEF-CVE-2025-48043"
"ash","3.0.9","EEF-CVE-2025-48043"
"ash","3.1.0","EEF-CVE-2025-48043"
"ash","3.1.1","EEF-CVE-2025-48043"
"ash","3.1.2","EEF-CVE-2025-48043"
"ash","3.1.3","EEF-CVE-2025-48043"
"ash","3.1.4","EEF-CVE-2025-48043"
"ash","3.1.5","EEF-CVE-2025-48043"
"ash","3.1.6","EEF-CVE-2025-48043"
"ash","3.1.7","EEF-CVE-2025-48043"
"ash","3.1.8","EEF-CVE-2025-48043"
"ash","3.2.0","EEF-CVE-2025-48043"
"ash","3.2.1","EEF-CVE-2025-48043"
"ash","3.2.2","EEF-CVE-2025-48043"
"ash","3.2.3","EEF-CVE-2025-48043"
"ash","3.2.4","EEF-CVE-2025-48043"
"ash","3.2.5","EEF-CVE-2025-48043"
"ash","3.2.6","EEF-CVE-2025-48043"
"ash","3.3.0","EEF-CVE-2025-48043"
"ash","3.3.1","EEF-CVE-2025-48043"
"ash","3.3.2","EEF-CVE-2025-48043"
"ash","3.3.3","EEF-CVE-2025-48043"
"ash","3.4.0","EEF-CVE-2025-48043"
"ash","3.4.1","EEF-CVE-2025-48043"
"ash","3.4.10","EEF-CVE-2025-48043"
"ash","3.4.11","EEF-CVE-2025-48043"
"ash","3.4.12","EEF-CVE-2025-48043"
"ash","3.4.13","EEF-CVE-2025-48043"
"ash","3.4.14","EEF-CVE-2025-48043"
"ash","3.4.15","EEF-CVE-2025-48043"
"ash","3.4.16","EEF-CVE-2025-48043"
"ash","3.4.17","EEF-CVE-2025-48043"
"ash","3.4.18","EEF-CVE-2025-48043"
"ash","3.4.19","EEF-CVE-2025-48043"
"ash","3.4.2","EEF-CVE-2025-48043"
"ash","3.4.20","EEF-CVE-2025-48043"
"ash","3.4.21","EEF-CVE-2025-48043"
"ash","3.4.22","EEF-CVE-2025-48043"
"ash","3.4.23","EEF-CVE-2025-48043"
"ash","3.4.24","EEF-CVE-2025-48043"
"ash","3.4.25","EEF-CVE-2025-48043"
"ash","3.4.26","EEF-CVE-2025-48043"
"ash","3.4.27","EEF-CVE-2025-48043"
"ash","3.4.28","EEF-CVE-2025-48043"
"ash","3.4.29","EEF-CVE-2025-48043"
"ash","3.4.3","EEF-CVE-2025-48043"
"ash","3.4.30","EEF-CVE-2025-48043"
"ash","3.4.31","EEF-CVE-2025-48043"
"ash","3.4.32","EEF-CVE-2025-48043"
"ash","3.4.33","EEF-CVE-2025-48043"
"ash","3.4.34","EEF-CVE-2025-48043"
"ash","3.4.35","EEF-CVE-2025-48043"
"ash","3.4.36","EEF-CVE-2025-48043"
"ash","3.4.37","EEF-CVE-2025-48043"
"ash","3.4.38","EEF-CVE-2025-48043"
"ash","3.4.39","EEF-CVE-2025-48043"
"ash","3.4.4","EEF-CVE-2025-48043"
"ash","3.4.40","EEF-CVE-2025-48043"
"ash","3.4.41","EEF-CVE-2025-48043"
"ash","3.4.42","EEF-CVE-2025-48043"
"ash","3.4.43","EEF-CVE-2025-48043"
"ash","3.4.44","EEF-CVE-2025-48043"
"ash","3.4.45","EEF-CVE-2025-48043"
"ash","3.4.46","EEF-CVE-2025-48043"
"ash","3.4.47","EEF-CVE-2025-48043"
"ash","3.4.48","EEF-CVE-2025-48043"
"ash","3.4.49","EEF-CVE-2025-48043"
"ash","3.4.5","EEF-CVE-2025-48043"
"ash","3.4.50","EEF-CVE-2025-48043"
"ash","3.4.51","EEF-CVE-2025-48043"
"ash","3.4.52","EEF-CVE-2025-48043"
"ash","3.4.53","EEF-CVE-2025-48043"
"ash","3.4.54","EEF-CVE-2025-48043"
"ash","3.4.55","EEF-CVE-2025-48043"
"ash","3.4.56","EEF-CVE-2025-48043"
"ash","3.4.57","EEF-CVE-2025-48043"
"ash","3.4.58","EEF-CVE-2025-48043"
"ash","3.4.59","EEF-CVE-2025-48043"
"ash","3.4.6","EEF-CVE-2025-48043"
"ash","3.4.60","EEF-CVE-2025-48043"
"ash","3.4.61","EEF-CVE-2025-48043"
"ash","3.4.62","EEF-CVE-2025-48043"
"ash","3.4.63","EEF-CVE-2025-48043"
"ash","3.4.64","EEF-CVE-2025-48043"
"ash","3.4.65","EEF-CVE-2025-48043"
"ash","3.4.66","EEF-CVE-2025-48043"
"ash","3.4.67","EEF-CVE-2025-48043"
"ash","3.4.68","EEF-CVE-2025-48043"
"ash","3.4.69","EEF-CVE-2025-48043"
"ash","3.4.7","EEF-CVE-2025-48043"
"ash","3.4.70","EEF-CVE-2025-48043"
"ash","3.4.71","EEF-CVE-2025-48043"
"ash","3.4.72","EEF-CVE-2025-48043"
"ash","3.4.73","EEF-CVE-2025-48043"
"ash","3.4.74","EEF-CVE-2025-48043"
"ash","3.4.8","EEF-CVE-2025-48043"
"ash","3.4.9","EEF-CVE-2025-48043"
"ash","3.5.0","EEF-CVE-2025-48043"
"ash","3.5.1","EEF-CVE-2025-48043"
"ash","3.5.10","EEF-CVE-2025-48043"
"ash","3.5.11","EEF-CVE-2025-48043"
"ash","3.5.12","EEF-CVE-2025-48043"
"ash","3.5.13","EEF-CVE-2025-48043"
"ash","3.5.14","EEF-CVE-2025-48043"
"ash","3.5.15","EEF-CVE-2025-48043"
"ash","3.5.16","EEF-CVE-2025-48043"
"ash","3.5.17","EEF-CVE-2025-48043"
"ash","3.5.18","EEF-CVE-2025-48043"
"ash","3.5.19","EEF-CVE-2025-48043"
"ash","3.5.2","EEF-CVE-2025-48043"
"ash","3.5.20","EEF-CVE-2025-48043"
"ash","3.5.21","EEF-CVE-2025-48043"
"ash","3.5.22","EEF-CVE-2025-48043"
"ash","3.5.23","EEF-CVE-2025-48043"
"ash","3.5.24","EEF-CVE-2025-48043"
"ash","3.5.25","EEF-CVE-2025-48043"
"ash","3.5.26","EEF-CVE-2025-48043"
"ash","3.5.27","EEF-CVE-2025-48043"
"ash","3.5.28","EEF-CVE-2025-48043"
"ash","3.5.29","EEF-CVE-2025-48043"
"ash","3.5.3","EEF-CVE-2025-48043"
"ash","3.5.30","EEF-CVE-2025-48043"
"ash","3.5.31","EEF-CVE-2025-48043"
"ash","3.5.32","EEF-CVE-2025-48043"
"ash","3.5.33","EEF-CVE-2025-48043"
"ash","3.5.34","EEF-CVE-2025-48043"
"ash","3.5.35","EEF-CVE-2025-48043"
"ash","3.5.36","EEF-CVE-2025-48043"
"ash","3.5.37","EEF-CVE-2025-48043"
"ash","3.5.38","EEF-CVE-2025-48043"
"ash","3.5.39","EEF-CVE-2025-48043"
"ash","3.5.4","EEF-CVE-2025-48043"
"ash","3.5.40","EEF-CVE-2025-48043"
"ash","3.5.41","EEF-CVE-2025-48043"
"ash","3.5.42","EEF-CVE-2025-48043"
"ash","3.5.43","EEF-CVE-2025-48043"
"ash","3.5.5","EEF-CVE-2025-48043"
"ash","3.5.6","EEF-CVE-2025-48043"
"ash","3.5.7","EEF-CVE-2025-48043"
"ash","3.5.8","EEF-CVE-2025-48043"
"ash","3.5.9","EEF-CVE-2025-48043"
"ash","3.6.0","EEF-CVE-2025-48043"
"ash","3.6.1","EEF-CVE-2025-48043"
"ash","3.6.3","EEF-CVE-2025-48044"
"ash","3.7.0","EEF-CVE-2025-48044"
"hex_core","0.1.0","EEF-CVE-2026-21619"
"hex_core","0.1.1","EEF-CVE-2026-21619"
"hex_core","0.10.0","EEF-CVE-2026-21619"
"hex_core","0.10.1","EEF-CVE-2026-21619"
"hex_core","0.10.2","EEF-CVE-2026-21619"
"hex_core","0.10.3","EEF-CVE-2026-21619"
"hex_core","0.11.0","EEF-CVE-2026-21619"
"hex_core","0.12.0","EEF-CVE-2026-21619"
"hex_core","0.2.0","EEF-CVE-2026-21619"
"hex_core","0.2.1","EEF-CVE-2026-21619"
"hex_core","0.3.0","EEF-CVE-2026-21619"
"hex_core","0.4.0","EEF-CVE-2026-21619"
"hex_core","0.5.0","EEF-CVE-2026-21619"
"hex_core","0.5.1","EEF-CVE-2026-21619"
"hex_core","0.6.0","EEF-CVE-2026-21619"
"hex_core","0.6.1","EEF-CVE-2026-21619"
"hex_core","0.6.10","EEF-CVE-2026-21619"
"hex_core","0.6.2","EEF-CVE-2026-21619"
"hex_core","0.6.3","EEF-CVE-2026-21619"
"hex_core","0.6.4","EEF-CVE-2026-21619"
"hex_core","0.6.5","EEF-CVE-2026-21619"
"hex_core","0.6.6","EEF-CVE-2026-21619"
"hex_core","0.6.7","EEF-CVE-2026-21619"
"hex_core","0.6.8","EEF-CVE-2026-21619"
"hex_core","0.6.9","EEF-CVE-2026-21619"
"hex_core","0.7.0","EEF-CVE-2026-21619"
"hex_core","0.7.1","EEF-CVE-2026-21619"
"hex_core","0.8.0","EEF-CVE-2026-21619"
"hex_core","0.8.1","EEF-CVE-2026-21619"
"hex_core","0.8.2","EEF-CVE-2026-21619"
"hex_core","0.8.3","EEF-CVE-2026-21619"
"hex_core","0.8.4","EEF-CVE-2026-21619"
"hex_core","0.9.0","EEF-CVE-2026-21619"
"wisp","2.1.1","EEF-CVE-2026-28807"
"wisp","2.2.0","EEF-CVE-2026-28807"
"esaml","3.0.1","EEF-CVE-2026-28809"
"esaml","3.1.0","EEF-CVE-2026-28809"
"esaml","3.2.0","EEF-CVE-2026-28809"
"esaml","3.3.0","EEF-CVE-2026-28809"
"esaml","3.4.0","EEF-CVE-2026-28809"
"esaml","3.5.0","EEF-CVE-2026-28809"
"esaml","3.6.0","EEF-CVE-2026-28809"
"esaml","3.6.1","EEF-CVE-2026-28809"
"esaml","3.7.0","EEF-CVE-2026-28809"
"esaml","4.0.0","EEF-CVE-2026-28809"
"esaml","4.1.0","EEF-CVE-2026-28809"
"esaml","4.2.0","EEF-CVE-2026-28809"
"esaml","4.3.0","EEF-CVE-2026-28809"
"esaml","4.4.0","EEF-CVE-2026-28809"
"esaml","4.5.0","EEF-CVE-2026-28809"
"esaml","4.6.0","EEF-CVE-2026-28809"
"wisp","0.10.0","EEF-CVE-2026-32145"
"wisp","0.11.0","EEF-CVE-2026-32145"
"wisp","0.12.0","EEF-CVE-2026-32145"
"wisp","0.13.0","EEF-CVE-2026-32145"
"wisp","0.14.0","EEF-CVE-2026-32145"
"wisp","0.15.0","EEF-CVE-2026-32145"
"wisp","0.16.0","EEF-CVE-2026-32145"
"wisp","0.2.0","EEF-CVE-2026-32145"
"wisp","0.3.0","EEF-CVE-2026-32145"
"wisp","0.4.0","EEF-CVE-2026-32145"
"wisp","0.5.0","EEF-CVE-2026-32145"
"wisp","0.6.0","EEF-CVE-2026-32145"
"wisp","0.7.0","EEF-CVE-2026-32145"
"wisp","0.8.0","EEF-CVE-2026-32145"
"wisp","0.9.0","EEF-CVE-2026-32145"
"wisp","1.0.0","EEF-CVE-2026-32145"
"wisp","1.1.0","EEF-CVE-2026-32145"
"wisp","1.2.0","EEF-CVE-2026-32145"
"wisp","1.3.0","EEF-CVE-2026-32145"
"wisp","1.4.0","EEF-CVE-2026-32145"
"wisp","1.5.1","EEF-CVE-2026-32145"
"wisp","1.5.2","EEF-CVE-2026-32145"
"wisp","1.5.3","EEF-CVE-2026-32145"
"wisp","1.6.0","EEF-CVE-2026-32145"
"wisp","1.7.0","EEF-CVE-2026-32145"
"wisp","1.8.0","EEF-CVE-2026-32145"
"wisp","2.0.0","EEF-CVE-2026-32145"
"wisp","2.0.0-rc1","EEF-CVE-2026-32145"
"wisp","2.0.1","EEF-CVE-2026-32145"
"wisp","2.1.0","EEF-CVE-2026-32145"
"wisp","2.1.1","EEF-CVE-2026-32145"
"wisp","2.2.0","EEF-CVE-2026-32145"
"wisp","2.2.1","EEF-CVE-2026-32145"
"decimal","0.1.1","EEF-CVE-2026-32686"
"decimal","0.1.2","EEF-CVE-2026-32686"
"decimal","0.2.0","EEF-CVE-2026-32686"
"decimal","0.2.1","EEF-CVE-2026-32686"
"decimal","0.2.2","EEF-CVE-2026-32686"
"decimal","0.2.3","EEF-CVE-2026-32686"
"decimal","0.2.4","EEF-CVE-2026-32686"
"decimal","0.2.5","EEF-CVE-2026-32686"
"decimal","1.0.0","EEF-CVE-2026-32686"
"decimal","1.0.1","EEF-CVE-2026-32686"
"decimal","1.1.0","EEF-CVE-2026-32686"
"decimal","1.1.1","EEF-CVE-2026-32686"
"decimal","1.1.2","EEF-CVE-2026-32686"
"decimal","1.2.0","EEF-CVE-2026-32686"
"decimal","1.3.0","EEF-CVE-2026-32686"
"decimal","1.3.1","EEF-CVE-2026-32686"
"decimal","1.4.0","EEF-CVE-2026-32686"
"decimal","1.4.1","EEF-CVE-2026-32686"
"decimal","1.5.0","EEF-CVE-2026-32686"
"decimal","1.6.0","EEF-CVE-2026-32686"
"decimal","1.7.0","EEF-CVE-2026-32686"
"decimal","1.8.0","EEF-CVE-2026-32686"
"decimal","1.8.1","EEF-CVE-2026-32686"
"decimal","1.9.0","EEF-CVE-2026-32686"
"decimal","1.9.0-rc.0","EEF-CVE-2026-32686"
"decimal","2.0.0","EEF-CVE-2026-32686"
"decimal","2.0.0-rc.0","EEF-CVE-2026-32686"
"decimal","2.1.0","EEF-CVE-2026-32686"
"decimal","2.1.1","EEF-CVE-2026-32686"
"decimal","2.2.0","EEF-CVE-2026-32686"
"decimal","2.3.0","EEF-CVE-2026-32686"
"decimal","2.4.0","EEF-CVE-2026-32686"
"decimal","2.4.1","EEF-CVE-2026-32686"
"postgrex","0.16.0","EEF-CVE-2026-32687"
"postgrex","0.16.1","EEF-CVE-2026-32687"
"postgrex","0.16.2","EEF-CVE-2026-32687"
"postgrex","0.16.3","EEF-CVE-2026-32687"
"postgrex","0.16.4","EEF-CVE-2026-32687"
"postgrex","0.16.5","EEF-CVE-2026-32687"
"postgrex","0.17.0","EEF-CVE-2026-32687"
"postgrex","0.17.1","EEF-CVE-2026-32687"
"postgrex","0.17.2","EEF-CVE-2026-32687"
"postgrex","0.17.3","EEF-CVE-2026-32687"
"postgrex","0.17.4","EEF-CVE-2026-32687"
"postgrex","0.17.5","EEF-CVE-2026-32687"
"postgrex","0.18.0","EEF-CVE-2026-32687"
"postgrex","0.19.0","EEF-CVE-2026-32687"
"postgrex","0.19.1","EEF-CVE-2026-32687"
"postgrex","0.19.2","EEF-CVE-2026-32687"
"postgrex","0.19.3","EEF-CVE-2026-32687"
"postgrex","0.20.0","EEF-CVE-2026-32687"
"postgrex","0.21.0","EEF-CVE-2026-32687"
"postgrex","0.21.1","EEF-CVE-2026-32687"
"postgrex","0.22.0","EEF-CVE-2026-32687"
"postgrex","0.22.1","EEF-CVE-2026-32687"
"plug_cowboy","2.0.0","EEF-CVE-2026-32688"
"plug_cowboy","2.0.1","EEF-CVE-2026-32688"
"plug_cowboy","2.0.2","EEF-CVE-2026-32688"
"plug_cowboy","2.1.0","EEF-CVE-2026-32688"
"plug_cowboy","2.1.1","EEF-CVE-2026-32688"
"plug_cowboy","2.1.2","EEF-CVE-2026-32688"
"plug_cowboy","2.1.3","EEF-CVE-2026-32688"
"plug_cowboy","2.2.0","EEF-CVE-2026-32688"
"plug_cowboy","2.2.1","EEF-CVE-2026-32688"
"plug_cowboy","2.2.2","EEF-CVE-2026-32688"
"plug_cowboy","2.3.0","EEF-CVE-2026-32688"
"plug_cowboy","2.4.0","EEF-CVE-2026-32688"
"plug_cowboy","2.4.1","EEF-CVE-2026-32688"
"plug_cowboy","2.5.0","EEF-CVE-2026-32688"
"plug_cowboy","2.5.1","EEF-CVE-2026-32688"
"plug_cowboy","2.5.2","EEF-CVE-2026-32688"
"plug_cowboy","2.6.0","EEF-CVE-2026-32688"
"plug_cowboy","2.6.1","EEF-CVE-2026-32688"
"plug_cowboy","2.6.2","EEF-CVE-2026-32688"
"plug_cowboy","2.7.0","EEF-CVE-2026-32688"
"plug_cowboy","2.7.1","EEF-CVE-2026-32688"
"plug_cowboy","2.7.2","EEF-CVE-2026-32688"
"plug_cowboy","2.7.3","EEF-CVE-2026-32688"
"plug_cowboy","2.7.4","EEF-CVE-2026-32688"
"plug_cowboy","2.7.5","EEF-CVE-2026-32688"
"plug_cowboy","2.8.0","EEF-CVE-2026-32688"
"phoenix","1.7.0","EEF-CVE-2026-32689"
"phoenix","1.7.1","EEF-CVE-2026-32689"
"phoenix","1.7.10","EEF-CVE-2026-32689"
"phoenix","1.7.11","EEF-CVE-2026-32689"
"phoenix","1.7.12","EEF-CVE-2026-32689"
"phoenix","1.7.13","EEF-CVE-2026-32689"
"phoenix","1.7.14","EEF-CVE-2026-32689"
"phoenix","1.7.15","EEF-CVE-2026-32689"
"phoenix","1.7.16","EEF-CVE-2026-32689"
"phoenix","1.7.17","EEF-CVE-2026-32689"
"phoenix","1.7.18","EEF-CVE-2026-32689"
"phoenix","1.7.19","EEF-CVE-2026-32689"
"phoenix","1.7.2","EEF-CVE-2026-32689"
"phoenix","1.7.20","EEF-CVE-2026-32689"
"phoenix","1.7.21","EEF-CVE-2026-32689"
"phoenix","1.7.3","EEF-CVE-2026-32689"
"phoenix","1.7.4","EEF-CVE-2026-32689"
"phoenix","1.7.5","EEF-CVE-2026-32689"
"phoenix","1.7.6","EEF-CVE-2026-32689"
"phoenix","1.7.7","EEF-CVE-2026-32689"
"phoenix","1.7.8","EEF-CVE-2026-32689"
"phoenix","1.7.9","EEF-CVE-2026-32689"
"phoenix","1.8.0","EEF-CVE-2026-32689"
"phoenix","1.8.1","EEF-CVE-2026-32689"
"phoenix","1.8.2","EEF-CVE-2026-32689"
"phoenix","1.8.3","EEF-CVE-2026-32689"
"phoenix","1.8.4","EEF-CVE-2026-32689"
"phoenix","1.8.5","EEF-CVE-2026-32689"
"bandit","1.10.0","EEF-CVE-2026-39803"
"bandit","1.10.1","EEF-CVE-2026-39803"
"bandit","1.10.2","EEF-CVE-2026-39803"
"bandit","1.10.3","EEF-CVE-2026-39803"
"bandit","1.10.4","EEF-CVE-2026-39803"
"bandit","1.11.0","EEF-CVE-2026-39803"
"bandit","1.4.0","EEF-CVE-2026-39803"
"bandit","1.4.1","EEF-CVE-2026-39803"
"bandit","1.4.2","EEF-CVE-2026-39803"
"bandit","1.5.0","EEF-CVE-2026-39803"
"bandit","1.5.1","EEF-CVE-2026-39803"
"bandit","1.5.2","EEF-CVE-2026-39803"
"bandit","1.5.3","EEF-CVE-2026-39803"
"bandit","1.5.4","EEF-CVE-2026-39803"
"bandit","1.5.5","EEF-CVE-2026-39803"
"bandit","1.5.6","EEF-CVE-2026-39803"
"bandit","1.5.7","EEF-CVE-2026-39803"
"bandit","1.6.0","EEF-CVE-2026-39803"
"bandit","1.6.1","EEF-CVE-2026-39803"
"bandit","1.6.10","EEF-CVE-2026-39803"
"bandit","1.6.11","EEF-CVE-2026-39803"
"bandit","1.6.2","EEF-CVE-2026-39803"
"bandit","1.6.3","EEF-CVE-2026-39803"
"bandit","1.6.4","EEF-CVE-2026-39803"
"bandit","1.6.5","EEF-CVE-2026-39803"
"bandit","1.6.6","EEF-CVE-2026-39803"
"bandit","1.6.7","EEF-CVE-2026-39803"
"bandit","1.6.8","EEF-CVE-2026-39803"
"bandit","1.6.9","EEF-CVE-2026-39803"
"bandit","1.7.0","EEF-CVE-2026-39803"
"bandit","1.8.0","EEF-CVE-2026-39803"
"bandit","1.9.0","EEF-CVE-2026-39803"
"bandit","0.5.10","EEF-CVE-2026-39804"
"bandit","0.5.11","EEF-CVE-2026-39804"
"bandit","0.5.9","EEF-CVE-2026-39804"
"bandit","0.6.0","EEF-CVE-2026-39804"
"bandit","0.6.1","EEF-CVE-2026-39804"
"bandit","0.6.10","EEF-CVE-2026-39804"
"bandit","0.6.11","EEF-CVE-2026-39804"
"bandit","0.6.2","EEF-CVE-2026-39804"
"bandit","0.6.3","EEF-CVE-2026-39804"
"bandit","0.6.4","EEF-CVE-2026-39804"
"bandit","0.6.5","EEF-CVE-2026-39804"
"bandit","0.6.6","EEF-CVE-2026-39804"
"bandit","0.6.7","EEF-CVE-2026-39804"
"bandit","0.6.8","EEF-CVE-2026-39804"
"bandit","0.6.9","EEF-CVE-2026-39804"
"bandit","0.7.0","EEF-CVE-2026-39804"
"bandit","0.7.1","EEF-CVE-2026-39804"
"bandit","0.7.2","EEF-CVE-2026-39804"
"bandit","0.7.3","EEF-CVE-2026-39804"
"bandit","0.7.4","EEF-CVE-2026-39804"
"bandit","0.7.5","EEF-CVE-2026-39804"
"bandit","0.7.6","EEF-CVE-2026-39804"
"bandit","0.7.7","EEF-CVE-2026-39804"
"bandit","1.0.0","EEF-CVE-2026-39804"
"bandit","1.0.0-pre.1","EEF-CVE-2026-39804"
"bandit","1.0.0-pre.10","EEF-CVE-2026-39804"
"bandit","1.0.0-pre.11","EEF-CVE-2026-39804"
"bandit","1.0.0-pre.12","EEF-CVE-2026-39804"
"bandit","1.0.0-pre.13","EEF-CVE-2026-39804"
"bandit","1.0.0-pre.14","EEF-CVE-2026-39804"
"bandit","1.0.0-pre.15","EEF-CVE-2026-39804"
"bandit","1.0.0-pre.16","EEF-CVE-2026-39804"
"bandit","1.0.0-pre.17","EEF-CVE-2026-39804"
"bandit","1.0.0-pre.18","EEF-CVE-2026-39804"
"bandit","1.0.0-pre.2","EEF-CVE-2026-39804"
"bandit","1.0.0-pre.3","EEF-CVE-2026-39804"
"bandit","1.0.0-pre.4","EEF-CVE-2026-39804"
"bandit","1.0.0-pre.5","EEF-CVE-2026-39804"
"bandit","1.0.0-pre.6","EEF-CVE-2026-39804"
"bandit","1.0.0-pre.7","EEF-CVE-2026-39804"
"bandit","1.0.0-pre.8","EEF-CVE-2026-39804"
"bandit","1.0.0-pre.9","EEF-CVE-2026-39804"
"bandit","1.1.0","EEF-CVE-2026-39804"
"bandit","1.1.1","EEF-CVE-2026-39804"
"bandit","1.1.2","EEF-CVE-2026-39804"
"bandit","1.1.3","EEF-CVE-2026-39804"
"bandit","1.10.0","EEF-CVE-2026-39804"
"bandit","1.10.1","EEF-CVE-2026-39804"
"bandit","1.10.2","EEF-CVE-2026-39804"
"bandit","1.10.3","EEF-CVE-2026-39804"
"bandit","1.10.4","EEF-CVE-2026-39804"
"bandit","1.2.0","EEF-CVE-2026-39804"
"bandit","1.2.1","EEF-CVE-2026-39804"
"bandit","1.2.2","EEF-CVE-2026-39804"
"bandit","1.2.3","EEF-CVE-2026-39804"
"bandit","1.3.0","EEF-CVE-2026-39804"
"bandit","1.4.0","EEF-CVE-2026-39804"
"bandit","1.4.1","EEF-CVE-2026-39804"
"bandit","1.4.2","EEF-CVE-2026-39804"
"bandit","1.5.0","EEF-CVE-2026-39804"
"bandit","1.5.1","EEF-CVE-2026-39804"
"bandit","1.5.2","EEF-CVE-2026-39804"
"bandit","1.5.3","EEF-CVE-2026-39804"
"bandit","1.5.4","EEF-CVE-2026-39804"
"bandit","1.5.5","EEF-CVE-2026-39804"
"bandit","1.5.6","EEF-CVE-2026-39804"
"bandit","1.5.7","EEF-CVE-2026-39804"
"bandit","1.6.0","EEF-CVE-2026-39804"
"bandit","1.6.1","EEF-CVE-2026-39804"
"bandit","1.6.10","EEF-CVE-2026-39804"
"bandit","1.6.11","EEF-CVE-2026-39804"
"bandit","1.6.2","EEF-CVE-2026-39804"
"bandit","1.6.3","EEF-CVE-2026-39804"
"bandit","1.6.4","EEF-CVE-2026-39804"
"bandit","1.6.5","EEF-CVE-2026-39804"
"bandit","1.6.6","EEF-CVE-2026-39804"
"bandit","1.6.7","EEF-CVE-2026-39804"
"bandit","1.6.8","EEF-CVE-2026-39804"
"bandit","1.6.9","EEF-CVE-2026-39804"
"bandit","1.7.0","EEF-CVE-2026-39804"
"bandit","1.8.0","EEF-CVE-2026-39804"
"bandit","1.9.0","EEF-CVE-2026-39804"
"bandit","0.1.0","EEF-CVE-2026-39805"
"bandit","0.1.1","EEF-CVE-2026-39805"
"bandit","0.2.0","EEF-CVE-2026-39805"
"bandit","0.2.1","EEF-CVE-2026-39805"
"bandit","0.2.2","EEF-CVE-2026-39805"
"bandit","0.2.3","EEF-CVE-2026-39805"
"bandit","0.3.2","EEF-CVE-2026-39805"
"bandit","0.3.3","EEF-CVE-2026-39805"
"bandit","0.3.4","EEF-CVE-2026-39805"
"bandit","0.3.5","EEF-CVE-2026-39805"
"bandit","0.3.6","EEF-CVE-2026-39805"
"bandit","0.3.7","EEF-CVE-2026-39805"
"bandit","0.3.8","EEF-CVE-2026-39805"
"bandit","0.3.9","EEF-CVE-2026-39805"
"bandit","0.4.0","EEF-CVE-2026-39805"
"bandit","0.4.1","EEF-CVE-2026-39805"
"bandit","0.4.10","EEF-CVE-2026-39805"
"bandit","0.4.2","EEF-CVE-2026-39805"
"bandit","0.4.3","EEF-CVE-2026-39805"
"bandit","0.4.4","EEF-CVE-2026-39805"
"bandit","0.4.5","EEF-CVE-2026-39805"
"bandit","0.4.6","EEF-CVE-2026-39805"
"bandit","0.4.7","EEF-CVE-2026-39805"
"bandit","0.4.8","EEF-CVE-2026-39805"
"bandit","0.4.9","EEF-CVE-2026-39805"
"bandit","0.5.0","EEF-CVE-2026-39805"
"bandit","0.5.1","EEF-CVE-2026-39805"
"bandit","0.5.10","EEF-CVE-2026-39805"
"bandit","0.5.11","EEF-CVE-2026-39805"
"bandit","0.5.2","EEF-CVE-2026-39805"
"bandit","0.5.3","EEF-CVE-2026-39805"
"bandit","0.5.4","EEF-CVE-2026-39805"
"bandit","0.5.5","EEF-CVE-2026-39805"
"bandit","0.5.6","EEF-CVE-2026-39805"
"bandit","0.5.7","EEF-CVE-2026-39805"
"bandit","0.5.8","EEF-CVE-2026-39805"
"bandit","0.5.9","EEF-CVE-2026-39805"
"bandit","0.6.0","EEF-CVE-2026-39805"
"bandit","0.6.1","EEF-CVE-2026-39805"
"bandit","0.6.10","EEF-CVE-2026-39805"
"bandit","0.6.11","EEF-CVE-2026-39805"
"bandit","0.6.2","EEF-CVE-2026-39805"
"bandit","0.6.3","EEF-CVE-2026-39805"
"bandit","0.6.4","EEF-CVE-2026-39805"
"bandit","0.6.5","EEF-CVE-2026-39805"
"bandit","0.6.6","EEF-CVE-2026-39805"
"bandit","0.6.7","EEF-CVE-2026-39805"
"bandit","0.6.8","EEF-CVE-2026-39805"
"bandit","0.6.9","EEF-CVE-2026-39805"
"bandit","0.7.0","EEF-CVE-2026-39805"
"bandit","0.7.1","EEF-CVE-2026-39805"
"bandit","0.7.2","EEF-CVE-2026-39805"
"bandit","0.7.3","EEF-CVE-2026-39805"
"bandit","0.7.4","EEF-CVE-2026-39805"
"bandit","0.7.5","EEF-CVE-2026-39805"
"bandit","0.7.6","EEF-CVE-2026-39805"
"bandit","0.7.7","EEF-CVE-2026-39805"
"bandit","1.0.0","EEF-CVE-2026-39805"
"bandit","1.0.0-pre.1","EEF-CVE-2026-39805"
"bandit","1.0.0-pre.10","EEF-CVE-2026-39805"
"bandit","1.0.0-pre.11","EEF-CVE-2026-39805"
"bandit","1.0.0-pre.12","EEF-CVE-2026-39805"
"bandit","1.0.0-pre.13","EEF-CVE-2026-39805"
"bandit","1.0.0-pre.14","EEF-CVE-2026-39805"
"bandit","1.0.0-pre.15","EEF-CVE-2026-39805"
"bandit","1.0.0-pre.16","EEF-CVE-2026-39805"
"bandit","1.0.0-pre.17","EEF-CVE-2026-39805"
"bandit","1.0.0-pre.18","EEF-CVE-2026-39805"
"bandit","1.0.0-pre.2","EEF-CVE-2026-39805"
"bandit","1.0.0-pre.3","EEF-CVE-2026-39805"
"bandit","1.0.0-pre.4","EEF-CVE-2026-39805"
"bandit","1.0.0-pre.5","EEF-CVE-2026-39805"
"bandit","1.0.0-pre.6","EEF-CVE-2026-39805"
"bandit","1.0.0-pre.7","EEF-CVE-2026-39805"
"bandit","1.0.0-pre.8","EEF-CVE-2026-39805"
"bandit","1.0.0-pre.9","EEF-CVE-2026-39805"
"bandit","1.1.0","EEF-CVE-2026-39805"
"bandit","1.1.1","EEF-CVE-2026-39805"
"bandit","1.1.2","EEF-CVE-2026-39805"
"bandit","1.1.3","EEF-CVE-2026-39805"
"bandit","1.10.0","EEF-CVE-2026-39805"
"bandit","1.10.1","EEF-CVE-2026-39805"
"bandit","1.10.2","EEF-CVE-2026-39805"
"bandit","1.10.3","EEF-CVE-2026-39805"
"bandit","1.10.4","EEF-CVE-2026-39805"
"bandit","1.2.0","EEF-CVE-2026-39805"
"bandit","1.2.1","EEF-CVE-2026-39805"
"bandit","1.2.2","EEF-CVE-2026-39805"
"bandit","1.2.3","EEF-CVE-2026-39805"
"bandit","1.3.0","EEF-CVE-2026-39805"
"bandit","1.4.0","EEF-CVE-2026-39805"
"bandit","1.4.1","EEF-CVE-2026-39805"
"bandit","1.4.2","EEF-CVE-2026-39805"
"bandit","1.5.0","EEF-CVE-2026-39805"
"bandit","1.5.1","EEF-CVE-2026-39805"
"bandit","1.5.2","EEF-CVE-2026-39805"
"bandit","1.5.3","EEF-CVE-2026-39805"
"bandit","1.5.4","EEF-CVE-2026-39805"
"bandit","1.5.5","EEF-CVE-2026-39805"
"bandit","1.5.6","EEF-CVE-2026-39805"
"bandit","1.5.7","EEF-CVE-2026-39805"
"bandit","1.6.0","EEF-CVE-2026-39805"
"bandit","1.6.1","EEF-CVE-2026-39805"
"bandit","1.6.10","EEF-CVE-2026-39805"
"bandit","1.6.11","EEF-CVE-2026-39805"
"bandit","1.6.2","EEF-CVE-2026-39805"
"bandit","1.6.3","EEF-CVE-2026-39805"
"bandit","1.6.4","EEF-CVE-2026-39805"
"bandit","1.6.5","EEF-CVE-2026-39805"
"bandit","1.6.6","EEF-CVE-2026-39805"
"bandit","1.6.7","EEF-CVE-2026-39805"
"bandit","1.6.8","EEF-CVE-2026-39805"
"bandit","1.6.9","EEF-CVE-2026-39805"
"bandit","1.7.0","EEF-CVE-2026-39805"
"bandit","1.8.0","EEF-CVE-2026-39805"
"bandit","1.9.0","EEF-CVE-2026-39805"
"bandit","1.10.0","EEF-CVE-2026-39806"
"bandit","1.10.1","EEF-CVE-2026-39806"
"bandit","1.10.2","EEF-CVE-2026-39806"
"bandit","1.10.3","EEF-CVE-2026-39806"
"bandit","1.10.4","EEF-CVE-2026-39806"
"bandit","1.11.0","EEF-CVE-2026-39806"
"bandit","1.6.1","EEF-CVE-2026-39806"
"bandit","1.6.10","EEF-CVE-2026-39806"
"bandit","1.6.11","EEF-CVE-2026-39806"
"bandit","1.6.2","EEF-CVE-2026-39806"
"bandit","1.6.3","EEF-CVE-2026-39806"
"bandit","1.6.4","EEF-CVE-2026-39806"
"bandit","1.6.5","EEF-CVE-2026-39806"
"bandit","1.6.6","EEF-CVE-2026-39806"
"bandit","1.6.7","EEF-CVE-2026-39806"
"bandit","1.6.8","EEF-CVE-2026-39806"
"bandit","1.6.9","EEF-CVE-2026-39806"
"bandit","1.7.0","EEF-CVE-2026-39806"
"bandit","1.8.0","EEF-CVE-2026-39806"
"bandit","1.9.0","EEF-CVE-2026-39806"
"bandit","1.0.0","EEF-CVE-2026-39807"
"bandit","1.1.0","EEF-CVE-2026-39807"
"bandit","1.1.1","EEF-CVE-2026-39807"
"bandit","1.1.2","EEF-CVE-2026-39807"
"bandit","1.1.3","EEF-CVE-2026-39807"
"bandit","1.10.0","EEF-CVE-2026-39807"
"bandit","1.10.1","EEF-CVE-2026-39807"
"bandit","1.10.2","EEF-CVE-2026-39807"
"bandit","1.10.3","EEF-CVE-2026-39807"
"bandit","1.10.4","EEF-CVE-2026-39807"
"bandit","1.2.0","EEF-CVE-2026-39807"
"bandit","1.2.1","EEF-CVE-2026-39807"
"bandit","1.2.2","EEF-CVE-2026-39807"
"bandit","1.2.3","EEF-CVE-2026-39807"
"bandit","1.3.0","EEF-CVE-2026-39807"
"bandit","1.4.0","EEF-CVE-2026-39807"
"bandit","1.4.1","EEF-CVE-2026-39807"
"bandit","1.4.2","EEF-CVE-2026-39807"
"bandit","1.5.0","EEF-CVE-2026-39807"
"bandit","1.5.1","EEF-CVE-2026-39807"
"bandit","1.5.2","EEF-CVE-2026-39807"
"bandit","1.5.3","EEF-CVE-2026-39807"
"bandit","1.5.4","EEF-CVE-2026-39807"
"bandit","1.5.5","EEF-CVE-2026-39807"
"bandit","1.5.6","EEF-CVE-2026-39807"
"bandit","1.5.7","EEF-CVE-2026-39807"
"bandit","1.6.0","EEF-CVE-2026-39807"
"bandit","1.6.1","EEF-CVE-2026-39807"
"bandit","1.6.10","EEF-CVE-2026-39807"
"bandit","1.6.11","EEF-CVE-2026-39807"
"bandit","1.6.2","EEF-CVE-2026-39807"
"bandit","1.6.3","EEF-CVE-2026-39807"
"bandit","1.6.4","EEF-CVE-2026-39807"
"bandit","1.6.5","EEF-CVE-2026-39807"
"bandit","1.6.6","EEF-CVE-2026-39807"
"bandit","1.6.7","EEF-CVE-2026-39807"
"bandit","1.6.8","EEF-CVE-2026-39807"
"bandit","1.6.9","EEF-CVE-2026-39807"
"bandit","1.7.0","EEF-CVE-2026-39807"
"bandit","1.8.0","EEF-CVE-2026-39807"
"bandit","1.9.0","EEF-CVE-2026-39807"
"bandit","0.5.0","EEF-CVE-2026-42786"
"bandit","0.5.1","EEF-CVE-2026-42786"
"bandit","0.5.10","EEF-CVE-2026-42786"
"bandit","0.5.11","EEF-CVE-2026-42786"
"bandit","0.5.2","EEF-CVE-2026-42786"
"bandit","0.5.3","EEF-CVE-2026-42786"
"bandit","0.5.4","EEF-CVE-2026-42786"
"bandit","0.5.5","EEF-CVE-2026-42786"
"bandit","0.5.6","EEF-CVE-2026-42786"
"bandit","0.5.7","EEF-CVE-2026-42786"
"bandit","0.5.8","EEF-CVE-2026-42786"
"bandit","0.5.9","EEF-CVE-2026-42786"
"bandit","0.6.0","EEF-CVE-2026-42786"
"bandit","0.6.1","EEF-CVE-2026-42786"
"bandit","0.6.10","EEF-CVE-2026-42786"
"bandit","0.6.11","EEF-CVE-2026-42786"
"bandit","0.6.2","EEF-CVE-2026-42786"
"bandit","0.6.3","EEF-CVE-2026-42786"
"bandit","0.6.4","EEF-CVE-2026-42786"
"bandit","0.6.5","EEF-CVE-2026-42786"
"bandit","0.6.6","EEF-CVE-2026-42786"
"bandit","0.6.7","EEF-CVE-2026-42786"
"bandit","0.6.8","EEF-CVE-2026-42786"
"bandit","0.6.9","EEF-CVE-2026-42786"
"bandit","0.7.0","EEF-CVE-2026-42786"
"bandit","0.7.1","EEF-CVE-2026-42786"
"bandit","0.7.2","EEF-CVE-2026-42786"
"bandit","0.7.3","EEF-CVE-2026-42786"
"bandit","0.7.4","EEF-CVE-2026-42786"
"bandit","0.7.5","EEF-CVE-2026-42786"
"bandit","0.7.6","EEF-CVE-2026-42786"
"bandit","0.7.7","EEF-CVE-2026-42786"
"bandit","1.0.0","EEF-CVE-2026-42786"
"bandit","1.0.0-pre.1","EEF-CVE-2026-42786"
"bandit","1.0.0-pre.10","EEF-CVE-2026-42786"
"bandit","1.0.0-pre.11","EEF-CVE-2026-42786"
"bandit","1.0.0-pre.12","EEF-CVE-2026-42786"
"bandit","1.0.0-pre.13","EEF-CVE-2026-42786"
"bandit","1.0.0-pre.14","EEF-CVE-2026-42786"
"bandit","1.0.0-pre.15","EEF-CVE-2026-42786"
"bandit","1.0.0-pre.16","EEF-CVE-2026-42786"
"bandit","1.0.0-pre.17","EEF-CVE-2026-42786"
"bandit","1.0.0-pre.18","EEF-CVE-2026-42786"
"bandit","1.0.0-pre.2","EEF-CVE-2026-42786"
"bandit","1.0.0-pre.3","EEF-CVE-2026-42786"
"bandit","1.0.0-pre.4","EEF-CVE-2026-42786"
"bandit","1.0.0-pre.5","EEF-CVE-2026-42786"
"bandit","1.0.0-pre.6","EEF-CVE-2026-42786"
"bandit","1.0.0-pre.7","EEF-CVE-2026-42786"
"bandit","1.0.0-pre.8","EEF-CVE-2026-42786"
"bandit","1.0.0-pre.9","EEF-CVE-2026-42786"
"bandit","1.1.0","EEF-CVE-2026-42786"
"bandit","1.1.1","EEF-CVE-2026-42786"
"bandit","1.1.2","EEF-CVE-2026-42786"
"bandit","1.1.3","EEF-CVE-2026-42786"
"bandit","1.10.0","EEF-CVE-2026-42786"
"bandit","1.10.1","EEF-CVE-2026-42786"
"bandit","1.10.2","EEF-CVE-2026-42786"
"bandit","1.10.3","EEF-CVE-2026-42786"
"bandit","1.10.4","EEF-CVE-2026-42786"
"bandit","1.2.0","EEF-CVE-2026-42786"
"bandit","1.2.1","EEF-CVE-2026-42786"
"bandit","1.2.2","EEF-CVE-2026-42786"
"bandit","1.2.3","EEF-CVE-2026-42786"
"bandit","1.3.0","EEF-CVE-2026-42786"
"bandit","1.4.0","EEF-CVE-2026-42786"
"bandit","1.4.1","EEF-CVE-2026-42786"
"bandit","1.4.2","EEF-CVE-2026-42786"
"bandit","1.5.0","EEF-CVE-2026-42786"
"bandit","1.5.1","EEF-CVE-2026-42786"
"bandit","1.5.2","EEF-CVE-2026-42786"
"bandit","1.5.3","EEF-CVE-2026-42786"
"bandit","1.5.4","EEF-CVE-2026-42786"
"bandit","1.5.5","EEF-CVE-2026-42786"
"bandit","1.5.6","EEF-CVE-2026-42786"
"bandit","1.5.7","EEF-CVE-2026-42786"
"bandit","1.6.0","EEF-CVE-2026-42786"
"bandit","1.6.1","EEF-CVE-2026-42786"
"bandit","1.6.10","EEF-CVE-2026-42786"
"bandit","1.6.11","EEF-CVE-2026-42786"
"bandit","1.6.2","EEF-CVE-2026-42786"
"bandit","1.6.3","EEF-CVE-2026-42786"
"bandit","1.6.4","EEF-CVE-2026-42786"
"bandit","1.6.5","EEF-CVE-2026-42786"
"bandit","1.6.6","EEF-CVE-2026-42786"
"bandit","1.6.7","EEF-CVE-2026-42786"
"bandit","1.6.8","EEF-CVE-2026-42786"
"bandit","1.6.9","EEF-CVE-2026-42786"
"bandit","1.7.0","EEF-CVE-2026-42786"
"bandit","1.8.0","EEF-CVE-2026-42786"
"bandit","1.9.0","EEF-CVE-2026-42786"
"bandit","0.3.6","EEF-CVE-2026-42788"
"bandit","0.3.7","EEF-CVE-2026-42788"
"bandit","0.3.8","EEF-CVE-2026-42788"
"bandit","0.3.9","EEF-CVE-2026-42788"
"bandit","0.4.0","EEF-CVE-2026-42788"
"bandit","0.4.1","EEF-CVE-2026-42788"
"bandit","0.4.10","EEF-CVE-2026-42788"
"bandit","0.4.2","EEF-CVE-2026-42788"
"bandit","0.4.3","EEF-CVE-2026-42788"
"bandit","0.4.4","EEF-CVE-2026-42788"
"bandit","0.4.5","EEF-CVE-2026-42788"
"bandit","0.4.6","EEF-CVE-2026-42788"
"bandit","0.4.7","EEF-CVE-2026-42788"
"bandit","0.4.8","EEF-CVE-2026-42788"
"bandit","0.4.9","EEF-CVE-2026-42788"
"bandit","0.5.0","EEF-CVE-2026-42788"
"bandit","0.5.1","EEF-CVE-2026-42788"
"bandit","0.5.10","EEF-CVE-2026-42788"
"bandit","0.5.11","EEF-CVE-2026-42788"
"bandit","0.5.2","EEF-CVE-2026-42788"
"bandit","0.5.3","EEF-CVE-2026-42788"
"bandit","0.5.4","EEF-CVE-2026-42788"
"bandit","0.5.5","EEF-CVE-2026-42788"
"bandit","0.5.6","EEF-CVE-2026-42788"
"bandit","0.5.7","EEF-CVE-2026-42788"
"bandit","0.5.8","EEF-CVE-2026-42788"
"bandit","0.5.9","EEF-CVE-2026-42788"
"bandit","0.6.0","EEF-CVE-2026-42788"
"bandit","0.6.1","EEF-CVE-2026-42788"
"bandit","0.6.10","EEF-CVE-2026-42788"
"bandit","0.6.11","EEF-CVE-2026-42788"
"bandit","0.6.2","EEF-CVE-2026-42788"
"bandit","0.6.3","EEF-CVE-2026-42788"
"bandit","0.6.4","EEF-CVE-2026-42788"
"bandit","0.6.5","EEF-CVE-2026-42788"
"bandit","0.6.6","EEF-CVE-2026-42788"
"bandit","0.6.7","EEF-CVE-2026-42788"
"bandit","0.6.8","EEF-CVE-2026-42788"
"bandit","0.6.9","EEF-CVE-2026-42788"
"bandit","0.7.0","EEF-CVE-2026-42788"
"bandit","0.7.1","EEF-CVE-2026-42788"
"bandit","0.7.2","EEF-CVE-2026-42788"
"bandit","0.7.3","EEF-CVE-2026-42788"
"bandit","0.7.4","EEF-CVE-2026-42788"
"bandit","0.7.5","EEF-CVE-2026-42788"
"bandit","0.7.6","EEF-CVE-2026-42788"
"bandit","0.7.7","EEF-CVE-2026-42788"
"bandit","1.0.0","EEF-CVE-2026-42788"
"bandit","1.0.0-pre.1","EEF-CVE-2026-42788"
"bandit","1.0.0-pre.10","EEF-CVE-2026-42788"
"bandit","1.0.0-pre.11","EEF-CVE-2026-42788"
"bandit","1.0.0-pre.12","EEF-CVE-2026-42788"
"bandit","1.0.0-pre.13","EEF-CVE-2026-42788"
"bandit","1.0.0-pre.14","EEF-CVE-2026-42788"
"bandit","1.0.0-pre.15","EEF-CVE-2026-42788"
"bandit","1.0.0-pre.16","EEF-CVE-2026-42788"
"bandit","1.0.0-pre.17","EEF-CVE-2026-42788"
"bandit","1.0.0-pre.18","EEF-CVE-2026-42788"
"bandit","1.0.0-pre.2","EEF-CVE-2026-42788"
"bandit","1.0.0-pre.3","EEF-CVE-2026-42788"
"bandit","1.0.0-pre.4","EEF-CVE-2026-42788"
"bandit","1.0.0-pre.5","EEF-CVE-2026-42788"
"bandit","1.0.0-pre.6","EEF-CVE-2026-42788"
"bandit","1.0.0-pre.7","EEF-CVE-2026-42788"
"bandit","1.0.0-pre.8","EEF-CVE-2026-42788"
"bandit","1.0.0-pre.9","EEF-CVE-2026-42788"
"bandit","1.1.0","EEF-CVE-2026-42788"
"bandit","1.1.1","EEF-CVE-2026-42788"
"bandit","1.1.2","EEF-CVE-2026-42788"
"bandit","1.1.3","EEF-CVE-2026-42788"
"bandit","1.10.0","EEF-CVE-2026-42788"
"bandit","1.10.1","EEF-CVE-2026-42788"
"bandit","1.10.2","EEF-CVE-2026-42788"
"bandit","1.10.3","EEF-CVE-2026-42788"
"bandit","1.10.4","EEF-CVE-2026-42788"
"bandit","1.2.0","EEF-CVE-2026-42788"
"bandit","1.2.1","EEF-CVE-2026-42788"
"bandit","1.2.2","EEF-CVE-2026-42788"
"bandit","1.2.3","EEF-CVE-2026-42788"
"bandit","1.3.0","EEF-CVE-2026-42788"
"bandit","1.4.0","EEF-CVE-2026-42788"
"bandit","1.4.1","EEF-CVE-2026-42788"
"bandit","1.4.2","EEF-CVE-2026-42788"
"bandit","1.5.0","EEF-CVE-2026-42788"
"bandit","1.5.1","EEF-CVE-2026-42788"
"bandit","1.5.2","EEF-CVE-2026-42788"
"bandit","1.5.3","EEF-CVE-2026-42788"
"bandit","1.5.4","EEF-CVE-2026-42788"
"bandit","1.5.5","EEF-CVE-2026-42788"
"bandit","1.5.6","EEF-CVE-2026-42788"
"bandit","1.5.7","EEF-CVE-2026-42788"
"bandit","1.6.0","EEF-CVE-2026-42788"
"bandit","1.6.1","EEF-CVE-2026-42788"
"bandit","1.6.10","EEF-CVE-2026-42788"
"bandit","1.6.11","EEF-CVE-2026-42788"
"bandit","1.6.2","EEF-CVE-2026-42788"
"bandit","1.6.3","EEF-CVE-2026-42788"
"bandit","1.6.4","EEF-CVE-2026-42788"
"bandit","1.6.5","EEF-CVE-2026-42788"
"bandit","1.6.6","EEF-CVE-2026-42788"
"bandit","1.6.7","EEF-CVE-2026-42788"
"bandit","1.6.8","EEF-CVE-2026-42788"
"bandit","1.6.9","EEF-CVE-2026-42788"
"bandit","1.7.0","EEF-CVE-2026-42788"
"bandit","1.8.0","EEF-CVE-2026-42788"
"bandit","1.9.0","EEF-CVE-2026-42788"
"absinthe","1.10.0","EEF-CVE-2026-42793"
"absinthe","1.10.1","EEF-CVE-2026-42793"
"absinthe","1.5.0","EEF-CVE-2026-42793"
"absinthe","1.5.1","EEF-CVE-2026-42793"
"absinthe","1.5.2","EEF-CVE-2026-42793"
"absinthe","1.5.3","EEF-CVE-2026-42793"
"absinthe","1.5.4","EEF-CVE-2026-42793"
"absinthe","1.5.5","EEF-CVE-2026-42793"
"absinthe","1.6.0","EEF-CVE-2026-42793"
"absinthe","1.6.0-rc.0","EEF-CVE-2026-42793"
"absinthe","1.6.0-rc.1","EEF-CVE-2026-42793"
"absinthe","1.6.1","EEF-CVE-2026-42793"
"absinthe","1.6.2","EEF-CVE-2026-42793"
"absinthe","1.6.3","EEF-CVE-2026-42793"
"absinthe","1.6.4","EEF-CVE-2026-42793"
"absinthe","1.6.5","EEF-CVE-2026-42793"
"absinthe","1.6.6","EEF-CVE-2026-42793"
"absinthe","1.6.7","EEF-CVE-2026-42793"
"absinthe","1.6.8","EEF-CVE-2026-42793"
"absinthe","1.7.0","EEF-CVE-2026-42793"
"absinthe","1.7.1","EEF-CVE-2026-42793"
"absinthe","1.7.10","EEF-CVE-2026-42793"
"absinthe","1.7.11","EEF-CVE-2026-42793"
"absinthe","1.7.2","EEF-CVE-2026-42793"
"absinthe","1.7.3","EEF-CVE-2026-42793"
"absinthe","1.7.4","EEF-CVE-2026-42793"
"absinthe","1.7.5","EEF-CVE-2026-42793"
"absinthe","1.7.6","EEF-CVE-2026-42793"
"absinthe","1.7.7","EEF-CVE-2026-42793"
"absinthe","1.7.8","EEF-CVE-2026-42793"
"absinthe","1.7.9","EEF-CVE-2026-42793"
"absinthe","1.8.0","EEF-CVE-2026-42793"
"absinthe","1.9.0","EEF-CVE-2026-42793"
"absinthe","1.9.1","EEF-CVE-2026-42793"
"absinthe_plug","1.2.0","EEF-CVE-2026-42794"
"absinthe_plug","1.2.2","EEF-CVE-2026-42794"
"absinthe_plug","1.2.3","EEF-CVE-2026-42794"
"absinthe_plug","1.2.4","EEF-CVE-2026-42794"
"absinthe_plug","1.2.5","EEF-CVE-2026-42794"
"absinthe_plug","1.3.0","EEF-CVE-2026-42794"
"absinthe_plug","1.3.0-alpha.0","EEF-CVE-2026-42794"
"absinthe_plug","1.3.0-beta.0","EEF-CVE-2026-42794"
"absinthe_plug","1.3.0-beta.1","EEF-CVE-2026-42794"
"absinthe_plug","1.3.0-rc.0","EEF-CVE-2026-42794"
"absinthe_plug","1.3.0-rc.1","EEF-CVE-2026-42794"
"absinthe_plug","1.3.1","EEF-CVE-2026-42794"
"absinthe_plug","1.4.0","EEF-CVE-2026-42794"
"absinthe_plug","1.4.0-beta.1","EEF-CVE-2026-42794"
"absinthe_plug","1.4.0-beta.2","EEF-CVE-2026-42794"
"absinthe_plug","1.4.0-rc.0","EEF-CVE-2026-42794"
"absinthe_plug","1.4.0-rc.1","EEF-CVE-2026-42794"
"absinthe_plug","1.4.0-rc.2","EEF-CVE-2026-42794"
"absinthe_plug","1.4.1","EEF-CVE-2026-42794"
"absinthe_plug","1.4.2","EEF-CVE-2026-42794"
"absinthe_plug","1.4.3","EEF-CVE-2026-42794"
"absinthe_plug","1.4.4","EEF-CVE-2026-42794"
"absinthe_plug","1.4.5","EEF-CVE-2026-42794"
"absinthe_plug","1.4.6","EEF-CVE-2026-42794"
"absinthe_plug","1.4.7","EEF-CVE-2026-42794"
"absinthe_plug","1.5.0","EEF-CVE-2026-42794"
"absinthe_plug","1.5.0-alpha.0","EEF-CVE-2026-42794"
"absinthe_plug","1.5.0-rc.0","EEF-CVE-2026-42794"
"absinthe_plug","1.5.0-rc.1","EEF-CVE-2026-42794"
"absinthe_plug","1.5.0-rc.2","EEF-CVE-2026-42794"
"absinthe_plug","1.5.1","EEF-CVE-2026-42794"
"absinthe_plug","1.5.2","EEF-CVE-2026-42794"
"absinthe_plug","1.5.3","EEF-CVE-2026-42794"
"absinthe_plug","1.5.4","EEF-CVE-2026-42794"
"absinthe_plug","1.5.5","EEF-CVE-2026-42794"
"absinthe_plug","1.5.6","EEF-CVE-2026-42794"
"absinthe_plug","1.5.7","EEF-CVE-2026-42794"
"absinthe_plug","1.5.8","EEF-CVE-2026-42794"
"absinthe_plug","1.5.9","EEF-CVE-2026-42794"
"cowlib","2.10.0","EEF-CVE-2026-43966"
"cowlib","2.10.1","EEF-CVE-2026-43966"
"cowlib","2.11.0","EEF-CVE-2026-43966"
"cowlib","2.12.0","EEF-CVE-2026-43966"
"cowlib","2.12.1","EEF-CVE-2026-43966"
"cowlib","2.13.0","EEF-CVE-2026-43966"
"cowlib","2.14.0","EEF-CVE-2026-43966"
"cowlib","2.15.0","EEF-CVE-2026-43966"
"cowlib","2.16.0","EEF-CVE-2026-43966"
"cowlib","2.16.1","EEF-CVE-2026-43966"
"cowlib","2.17.0","EEF-CVE-2026-43966"
"cowlib","2.17.1","EEF-CVE-2026-43966"
"cowlib","2.18.0","EEF-CVE-2026-43966"
"cowlib","2.19.0","EEF-CVE-2026-43966"
"cowlib","2.9.0","EEF-CVE-2026-43966"
"cowlib","2.9.1","EEF-CVE-2026-43966"
"absinthe","1.10.0","EEF-CVE-2026-43967"
"absinthe","1.10.1","EEF-CVE-2026-43967"
"absinthe","1.2.0","EEF-CVE-2026-43967"
"absinthe","1.2.1","EEF-CVE-2026-43967"
"absinthe","1.2.2","EEF-CVE-2026-43967"
"absinthe","1.2.3","EEF-CVE-2026-43967"
"absinthe","1.2.4","EEF-CVE-2026-43967"
"absinthe","1.2.5","EEF-CVE-2026-43967"
"absinthe","1.2.6","EEF-CVE-2026-43967"
"absinthe","1.3.0","EEF-CVE-2026-43967"
"absinthe","1.3.0-beta.0","EEF-CVE-2026-43967"
"absinthe","1.3.0-beta.1","EEF-CVE-2026-43967"
"absinthe","1.3.0-beta.2","EEF-CVE-2026-43967"
"absinthe","1.3.0-rc.0","EEF-CVE-2026-43967"
"absinthe","1.3.1","EEF-CVE-2026-43967"
"absinthe","1.3.2","EEF-CVE-2026-43967"
"absinthe","1.4.0","EEF-CVE-2026-43967"
"absinthe","1.4.0-beta.1","EEF-CVE-2026-43967"
"absinthe","1.4.0-beta.2","EEF-CVE-2026-43967"
"absinthe","1.4.0-beta.3","EEF-CVE-2026-43967"
"absinthe","1.4.0-beta.4","EEF-CVE-2026-43967"
"absinthe","1.4.0-beta.5","EEF-CVE-2026-43967"
"absinthe","1.4.0-rc.0","EEF-CVE-2026-43967"
"absinthe","1.4.0-rc.1","EEF-CVE-2026-43967"
"absinthe","1.4.0-rc.2","EEF-CVE-2026-43967"
"absinthe","1.4.0-rc.3","EEF-CVE-2026-43967"
"absinthe","1.4.1","EEF-CVE-2026-43967"
"absinthe","1.4.10","EEF-CVE-2026-43967"
"absinthe","1.4.11","EEF-CVE-2026-43967"
"absinthe","1.4.12","EEF-CVE-2026-43967"
"absinthe","1.4.13","EEF-CVE-2026-43967"
"absinthe","1.4.14","EEF-CVE-2026-43967"
"absinthe","1.4.15","EEF-CVE-2026-43967"
"absinthe","1.4.16","EEF-CVE-2026-43967"
"absinthe","1.4.2","EEF-CVE-2026-43967"
"absinthe","1.4.3","EEF-CVE-2026-43967"
"absinthe","1.4.4","EEF-CVE-2026-43967"
"absinthe","1.4.5","EEF-CVE-2026-43967"
"absinthe","1.4.6","EEF-CVE-2026-43967"
"absinthe","1.4.7","EEF-CVE-2026-43967"
"absinthe","1.4.8","EEF-CVE-2026-43967"
"absinthe","1.4.9","EEF-CVE-2026-43967"
"absinthe","1.5.0","EEF-CVE-2026-43967"
"absinthe","1.5.0-alpha.0","EEF-CVE-2026-43967"
"absinthe","1.5.0-alpha.1","EEF-CVE-2026-43967"
"absinthe","1.5.0-alpha.2","EEF-CVE-2026-43967"
"absinthe","1.5.0-alpha.3","EEF-CVE-2026-43967"
"absinthe","1.5.0-alpha.4","EEF-CVE-2026-43967"
"absinthe","1.5.0-beta.0","EEF-CVE-2026-43967"
"absinthe","1.5.0-beta.1","EEF-CVE-2026-43967"
"absinthe","1.5.0-beta.2","EEF-CVE-2026-43967"
"absinthe","1.5.0-rc.0","EEF-CVE-2026-43967"
"absinthe","1.5.0-rc.1","EEF-CVE-2026-43967"
"absinthe","1.5.0-rc.2","EEF-CVE-2026-43967"
"absinthe","1.5.0-rc.3","EEF-CVE-2026-43967"
"absinthe","1.5.0-rc.4","EEF-CVE-2026-43967"
"absinthe","1.5.0-rc.5","EEF-CVE-2026-43967"
"absinthe","1.5.1","EEF-CVE-2026-43967"
"absinthe","1.5.2","EEF-CVE-2026-43967"
"absinthe","1.5.3","EEF-CVE-2026-43967"
"absinthe","1.5.4","EEF-CVE-2026-43967"
"absinthe","1.5.5","EEF-CVE-2026-43967"
"absinthe","1.6.0","EEF-CVE-2026-43967"
"absinthe","1.6.0-rc.0","EEF-CVE-2026-43967"
"absinthe","1.6.0-rc.1","EEF-CVE-2026-43967"
"absinthe","1.6.1","EEF-CVE-2026-43967"
"absinthe","1.6.2","EEF-CVE-2026-43967"
"absinthe","1.6.3","EEF-CVE-2026-43967"
"absinthe","1.6.4","EEF-CVE-2026-43967"
"absinthe","1.6.5","EEF-CVE-2026-43967"
"absinthe","1.6.6","EEF-CVE-2026-43967"
"absinthe","1.6.7","EEF-CVE-2026-43967"
"absinthe","1.6.8","EEF-CVE-2026-43967"
"absinthe","1.7.0","EEF-CVE-2026-43967"
"absinthe","1.7.1","EEF-CVE-2026-43967"
"absinthe","1.7.10","EEF-CVE-2026-43967"
"absinthe","1.7.11","EEF-CVE-2026-43967"
"absinthe","1.7.2","EEF-CVE-2026-43967"
"absinthe","1.7.3","EEF-CVE-2026-43967"
"absinthe","1.7.4","EEF-CVE-2026-43967"
"absinthe","1.7.5","EEF-CVE-2026-43967"
"absinthe","1.7.6","EEF-CVE-2026-43967"
"absinthe","1.7.7","EEF-CVE-2026-43967"
"absinthe","1.7.8","EEF-CVE-2026-43967"
"absinthe","1.7.9","EEF-CVE-2026-43967"
"absinthe","1.8.0","EEF-CVE-2026-43967"
"absinthe","1.9.0","EEF-CVE-2026-43967"
"absinthe","1.9.1","EEF-CVE-2026-43967"
"cowlib","2.10.0","EEF-CVE-2026-43968"
"cowlib","2.10.1","EEF-CVE-2026-43968"
"cowlib","2.11.0","EEF-CVE-2026-43968"
"cowlib","2.12.0","EEF-CVE-2026-43968"
"cowlib","2.12.1","EEF-CVE-2026-43968"
"cowlib","2.13.0","EEF-CVE-2026-43968"
"cowlib","2.14.0","EEF-CVE-2026-43968"
"cowlib","2.15.0","EEF-CVE-2026-43968"
"cowlib","2.16.0","EEF-CVE-2026-43968"
"cowlib","2.6.0","EEF-CVE-2026-43968"
"cowlib","2.7.0","EEF-CVE-2026-43968"
"cowlib","2.7.1","EEF-CVE-2026-43968"
"cowlib","2.7.2","EEF-CVE-2026-43968"
"cowlib","2.7.3","EEF-CVE-2026-43968"
"cowlib","2.8.0","EEF-CVE-2026-43968"
"cowlib","2.9.0","EEF-CVE-2026-43968"
"cowlib","2.9.1","EEF-CVE-2026-43968"
"cowlib","2.10.0","EEF-CVE-2026-43969"
"cowlib","2.10.1","EEF-CVE-2026-43969"
"cowlib","2.11.0","EEF-CVE-2026-43969"
"cowlib","2.12.0","EEF-CVE-2026-43969"
"cowlib","2.12.1","EEF-CVE-2026-43969"
"cowlib","2.13.0","EEF-CVE-2026-43969"
"cowlib","2.14.0","EEF-CVE-2026-43969"
"cowlib","2.15.0","EEF-CVE-2026-43969"
"cowlib","2.16.0","EEF-CVE-2026-43969"
"cowlib","2.16.1","EEF-CVE-2026-43969"
"cowlib","2.17.0","EEF-CVE-2026-43969"
"cowlib","2.17.1","EEF-CVE-2026-43969"
"cowlib","2.18.0","EEF-CVE-2026-43969"
"cowlib","2.19.0","EEF-CVE-2026-43969"
"cowlib","2.9.0","EEF-CVE-2026-43969"
"cowlib","2.9.1","EEF-CVE-2026-43969"
"cowlib","1.0.0","EEF-CVE-2026-43970"
"cowlib","1.0.1","EEF-CVE-2026-43970"
"cowlib","1.0.2","EEF-CVE-2026-43970"
"cowlib","1.1.0","EEF-CVE-2026-43970"
"cowlib","1.2.0","EEF-CVE-2026-43970"
"cowlib","1.3.0","EEF-CVE-2026-43970"
"cowlib","2.0.0","EEF-CVE-2026-43970"
"cowlib","2.0.1","EEF-CVE-2026-43970"
"cowlib","2.1.0","EEF-CVE-2026-43970"
"cowlib","2.10.0","EEF-CVE-2026-43970"
"cowlib","2.10.1","EEF-CVE-2026-43970"
"cowlib","2.11.0","EEF-CVE-2026-43970"
"cowlib","2.12.0","EEF-CVE-2026-43970"
"cowlib","2.12.1","EEF-CVE-2026-43970"
"cowlib","2.13.0","EEF-CVE-2026-43970"
"cowlib","2.14.0","EEF-CVE-2026-43970"
"cowlib","2.15.0","EEF-CVE-2026-43970"
"cowlib","2.16.0","EEF-CVE-2026-43970"
"cowlib","2.2.0","EEF-CVE-2026-43970"
"cowlib","2.2.1","EEF-CVE-2026-43970"
"cowlib","2.3.0","EEF-CVE-2026-43970"
"cowlib","2.4.0","EEF-CVE-2026-43970"
"cowlib","2.5.0","EEF-CVE-2026-43970"
"cowlib","2.5.1","EEF-CVE-2026-43970"
"cowlib","2.6.0","EEF-CVE-2026-43970"
"cowlib","2.7.0","EEF-CVE-2026-43970"
"cowlib","2.7.1","EEF-CVE-2026-43970"
"cowlib","2.7.2","EEF-CVE-2026-43970"
"cowlib","2.7.3","EEF-CVE-2026-43970"
"cowlib","2.8.0","EEF-CVE-2026-43970"
"cowlib","2.9.0","EEF-CVE-2026-43970"
"cowlib","2.9.1","EEF-CVE-2026-43970"
"gun","2.0.0","EEF-CVE-2026-43972"
"gun","2.0.1","EEF-CVE-2026-43972"
"gun","2.1.0","EEF-CVE-2026-43972"
"gun","2.2.0","EEF-CVE-2026-43972"
"gun","2.3.0","EEF-CVE-2026-43972"
"gun","1.0.0","EEF-CVE-2026-43973"
"gun","1.1.0","EEF-CVE-2026-43973"
"gun","1.2.0","EEF-CVE-2026-43973"
"gun","1.3.0","EEF-CVE-2026-43973"
"gun","1.3.1","EEF-CVE-2026-43973"
"gun","1.3.2","EEF-CVE-2026-43973"
"gun","1.3.3","EEF-CVE-2026-43973"
"gun","2.0.0","EEF-CVE-2026-43973"
"gun","2.0.0-rc.1","EEF-CVE-2026-43973"
"gun","2.0.0-rc.2","EEF-CVE-2026-43973"
"gun","2.0.1","EEF-CVE-2026-43973"
"gun","2.1.0","EEF-CVE-2026-43973"
"gun","2.2.0","EEF-CVE-2026-43973"
"gun","2.3.0","EEF-CVE-2026-43973"
"gun","2.0.0","EEF-CVE-2026-43974"
"gun","2.0.1","EEF-CVE-2026-43974"
"gun","2.1.0","EEF-CVE-2026-43974"
"gun","2.2.0","EEF-CVE-2026-43974"
"gun","2.3.0","EEF-CVE-2026-43974"
"hackney","2.0.0","EEF-CVE-2026-47066"
"hackney","2.0.0-beta.1","EEF-CVE-2026-47066"
"hackney","2.0.1","EEF-CVE-2026-47066"
"hackney","3.0.0","EEF-CVE-2026-47066"
"hackney","3.0.1","EEF-CVE-2026-47066"
"hackney","3.0.2","EEF-CVE-2026-47066"
"hackney","3.0.3","EEF-CVE-2026-47066"
"hackney","3.1.0","EEF-CVE-2026-47066"
"hackney","3.1.1","EEF-CVE-2026-47066"
"hackney","3.1.2","EEF-CVE-2026-47066"
"hackney","3.2.0","EEF-CVE-2026-47066"
"hackney","3.2.1","EEF-CVE-2026-47066"
"hackney","4.0.0","EEF-CVE-2026-47066"
"hackney","2.0.0","EEF-CVE-2026-47067"
"hackney","2.0.1","EEF-CVE-2026-47067"
"hackney","3.0.0","EEF-CVE-2026-47067"
"hackney","3.0.1","EEF-CVE-2026-47067"
"hackney","3.0.2","EEF-CVE-2026-47067"
"hackney","3.0.3","EEF-CVE-2026-47067"
"hackney","3.1.0","EEF-CVE-2026-47067"
"hackney","3.1.1","EEF-CVE-2026-47067"
"hackney","3.1.2","EEF-CVE-2026-47067"
"hackney","3.2.0","EEF-CVE-2026-47067"
"hackney","3.2.1","EEF-CVE-2026-47067"
"hackney","4.0.0","EEF-CVE-2026-47067"
"phoenix_storybook","0.5.0","EEF-CVE-2026-47068"
"phoenix_storybook","0.5.1","EEF-CVE-2026-47068"
"phoenix_storybook","0.5.2","EEF-CVE-2026-47068"
"phoenix_storybook","0.5.3","EEF-CVE-2026-47068"
"phoenix_storybook","0.5.4","EEF-CVE-2026-47068"
"phoenix_storybook","0.5.5","EEF-CVE-2026-47068"
"phoenix_storybook","0.5.6","EEF-CVE-2026-47068"
"phoenix_storybook","0.5.7","EEF-CVE-2026-47068"
"phoenix_storybook","0.6.0","EEF-CVE-2026-47068"
"phoenix_storybook","0.6.1","EEF-CVE-2026-47068"
"phoenix_storybook","0.6.2","EEF-CVE-2026-47068"
"phoenix_storybook","0.6.3","EEF-CVE-2026-47068"
"phoenix_storybook","0.6.4","EEF-CVE-2026-47068"
"phoenix_storybook","0.7.0","EEF-CVE-2026-47068"
"phoenix_storybook","0.7.1","EEF-CVE-2026-47068"
"phoenix_storybook","0.7.2","EEF-CVE-2026-47068"
"phoenix_storybook","0.8.0","EEF-CVE-2026-47068"
"phoenix_storybook","0.8.1","EEF-CVE-2026-47068"
"phoenix_storybook","0.8.2","EEF-CVE-2026-47068"
"phoenix_storybook","0.8.3","EEF-CVE-2026-47068"
"phoenix_storybook","0.9.0","EEF-CVE-2026-47068"
"phoenix_storybook","0.9.1","EEF-CVE-2026-47068"
"phoenix_storybook","0.9.2","EEF-CVE-2026-47068"
"phoenix_storybook","0.9.3","EEF-CVE-2026-47068"
"phoenix_storybook","1.0.0","EEF-CVE-2026-47068"
"hackney","0.13.1","EEF-CVE-2026-47069"
"hackney","0.14.0","EEF-CVE-2026-47069"
"hackney","0.14.1","EEF-CVE-2026-47069"
"hackney","0.14.2","EEF-CVE-2026-47069"
"hackney","0.14.3","EEF-CVE-2026-47069"
"hackney","0.15.0","EEF-CVE-2026-47069"
"hackney","0.15.2","EEF-CVE-2026-47069"
"hackney","1.0.1","EEF-CVE-2026-47069"
"hackney","1.0.2","EEF-CVE-2026-47069"
"hackney","1.0.5","EEF-CVE-2026-47069"
"hackney","1.0.6","EEF-CVE-2026-47069"
"hackney","1.1.0","EEF-CVE-2026-47069"
"hackney","1.10.0","EEF-CVE-2026-47069"
"hackney","1.10.1","EEF-CVE-2026-47069"
"hackney","1.11.0","EEF-CVE-2026-47069"
"hackney","1.12.0","EEF-CVE-2026-47069"
"hackney","1.12.1","EEF-CVE-2026-47069"
"hackney","1.13.0","EEF-CVE-2026-47069"
"hackney","1.14.0","EEF-CVE-2026-47069"
"hackney","1.14.2","EEF-CVE-2026-47069"
"hackney","1.14.3","EEF-CVE-2026-47069"
"hackney","1.15.0","EEF-CVE-2026-47069"
"hackney","1.15.1","EEF-CVE-2026-47069"
"hackney","1.15.2","EEF-CVE-2026-47069"
"hackney","1.16.0","EEF-CVE-2026-47069"
"hackney","1.17.0","EEF-CVE-2026-47069"
"hackney","1.17.1","EEF-CVE-2026-47069"
"hackney","1.17.2","EEF-CVE-2026-47069"
"hackney","1.17.3","EEF-CVE-2026-47069"
"hackney","1.17.4","EEF-CVE-2026-47069"
"hackney","1.18.0","EEF-CVE-2026-47069"
"hackney","1.18.1","EEF-CVE-2026-47069"
"hackney","1.18.2","EEF-CVE-2026-47069"
"hackney","1.19.0","EEF-CVE-2026-47069"
"hackney","1.19.1","EEF-CVE-2026-47069"
"hackney","1.2.0","EEF-CVE-2026-47069"
"hackney","1.20.0","EEF-CVE-2026-47069"
"hackney","1.20.1","EEF-CVE-2026-47069"
"hackney","1.21.0","EEF-CVE-2026-47069"
"hackney","1.22.0","EEF-CVE-2026-47069"
"hackney","1.23.0","EEF-CVE-2026-47069"
"hackney","1.24.0","EEF-CVE-2026-47069"
"hackney","1.24.1","EEF-CVE-2026-47069"
"hackney","1.25.0","EEF-CVE-2026-47069"
"hackney","1.3.0","EEF-CVE-2026-47069"
"hackney","1.3.1","EEF-CVE-2026-47069"
"hackney","1.3.2","EEF-CVE-2026-47069"
"hackney","1.4.0","EEF-CVE-2026-47069"
"hackney","1.4.1","EEF-CVE-2026-47069"
"hackney","1.4.10","EEF-CVE-2026-47069"
"hackney","1.4.2","EEF-CVE-2026-47069"
"hackney","1.4.3","EEF-CVE-2026-47069"
"hackney","1.4.4","EEF-CVE-2026-47069"
"hackney","1.4.5","EEF-CVE-2026-47069"
"hackney","1.4.6","EEF-CVE-2026-47069"
"hackney","1.4.7","EEF-CVE-2026-47069"
"hackney","1.4.8","EEF-CVE-2026-47069"
"hackney","1.5.0","EEF-CVE-2026-47069"
"hackney","1.5.1","EEF-CVE-2026-47069"
"hackney","1.5.2","EEF-CVE-2026-47069"
"hackney","1.5.3","EEF-CVE-2026-47069"
"hackney","1.5.4","EEF-CVE-2026-47069"
"hackney","1.5.5","EEF-CVE-2026-47069"
"hackney","1.5.6","EEF-CVE-2026-47069"
"hackney","1.5.7","EEF-CVE-2026-47069"
"hackney","1.6.0","EEF-CVE-2026-47069"
"hackney","1.6.1","EEF-CVE-2026-47069"
"hackney","1.6.2","EEF-CVE-2026-47069"
"hackney","1.6.3","EEF-CVE-2026-47069"
"hackney","1.6.4","EEF-CVE-2026-47069"
"hackney","1.6.5","EEF-CVE-2026-47069"
"hackney","1.6.6","EEF-CVE-2026-47069"
"hackney","1.7.0","EEF-CVE-2026-47069"
"hackney","1.7.1","EEF-CVE-2026-47069"
"hackney","1.8.0","EEF-CVE-2026-47069"
"hackney","1.8.2","EEF-CVE-2026-47069"
"hackney","1.8.3","EEF-CVE-2026-47069"
"hackney","1.8.4","EEF-CVE-2026-47069"
"hackney","1.8.5","EEF-CVE-2026-47069"
"hackney","1.8.6","EEF-CVE-2026-47069"
"hackney","1.9.0","EEF-CVE-2026-47069"
"hackney","2.0.0","EEF-CVE-2026-47069"
"hackney","2.0.0-beta.1","EEF-CVE-2026-47069"
"hackney","2.0.1","EEF-CVE-2026-47069"
"hackney","3.0.0","EEF-CVE-2026-47069"
"hackney","3.0.1","EEF-CVE-2026-47069"
"hackney","3.0.2","EEF-CVE-2026-47069"
"hackney","3.0.3","EEF-CVE-2026-47069"
"hackney","3.1.0","EEF-CVE-2026-47069"
"hackney","3.1.1","EEF-CVE-2026-47069"
"hackney","3.1.2","EEF-CVE-2026-47069"
"hackney","3.2.0","EEF-CVE-2026-47069"
"hackney","3.2.1","EEF-CVE-2026-47069"
"hackney","4.0.0","EEF-CVE-2026-47069"
"hackney","3.1.1","EEF-CVE-2026-47070"
"hackney","3.1.2","EEF-CVE-2026-47070"
"hackney","3.2.0","EEF-CVE-2026-47070"
"hackney","3.2.1","EEF-CVE-2026-47070"
"hackney","4.0.0","EEF-CVE-2026-47070"
"hackney","0.13.1","EEF-CVE-2026-47071"
"hackney","0.14.0","EEF-CVE-2026-47071"
"hackney","0.14.1","EEF-CVE-2026-47071"
"hackney","0.14.2","EEF-CVE-2026-47071"
"hackney","0.14.3","EEF-CVE-2026-47071"
"hackney","0.15.0","EEF-CVE-2026-47071"
"hackney","0.15.2","EEF-CVE-2026-47071"
"hackney","1.0.1","EEF-CVE-2026-47071"
"hackney","1.0.2","EEF-CVE-2026-47071"
"hackney","1.0.5","EEF-CVE-2026-47071"
"hackney","1.0.6","EEF-CVE-2026-47071"
"hackney","1.1.0","EEF-CVE-2026-47071"
"hackney","1.10.0","EEF-CVE-2026-47071"
"hackney","1.10.1","EEF-CVE-2026-47071"
"hackney","1.11.0","EEF-CVE-2026-47071"
"hackney","1.12.0","EEF-CVE-2026-47071"
"hackney","1.12.1","EEF-CVE-2026-47071"
"hackney","1.13.0","EEF-CVE-2026-47071"
"hackney","1.14.0","EEF-CVE-2026-47071"
"hackney","1.14.2","EEF-CVE-2026-47071"
"hackney","1.14.3","EEF-CVE-2026-47071"
"hackney","1.15.0","EEF-CVE-2026-47071"
"hackney","1.15.1","EEF-CVE-2026-47071"
"hackney","1.15.2","EEF-CVE-2026-47071"
"hackney","1.16.0","EEF-CVE-2026-47071"
"hackney","1.17.0","EEF-CVE-2026-47071"
"hackney","1.17.1","EEF-CVE-2026-47071"
"hackney","1.17.2","EEF-CVE-2026-47071"
"hackney","1.17.3","EEF-CVE-2026-47071"
"hackney","1.17.4","EEF-CVE-2026-47071"
"hackney","1.18.0","EEF-CVE-2026-47071"
"hackney","1.18.1","EEF-CVE-2026-47071"
"hackney","1.18.2","EEF-CVE-2026-47071"
"hackney","1.19.0","EEF-CVE-2026-47071"
"hackney","1.19.1","EEF-CVE-2026-47071"
"hackney","1.2.0","EEF-CVE-2026-47071"
"hackney","1.20.0","EEF-CVE-2026-47071"
"hackney","1.20.1","EEF-CVE-2026-47071"
"hackney","1.21.0","EEF-CVE-2026-47071"
"hackney","1.22.0","EEF-CVE-2026-47071"
"hackney","1.23.0","EEF-CVE-2026-47071"
"hackney","1.24.0","EEF-CVE-2026-47071"
"hackney","1.24.1","EEF-CVE-2026-47071"
"hackney","1.25.0","EEF-CVE-2026-47071"
"hackney","1.3.0","EEF-CVE-2026-47071"
"hackney","1.3.1","EEF-CVE-2026-47071"
"hackney","1.3.2","EEF-CVE-2026-47071"
"hackney","1.4.0","EEF-CVE-2026-47071"
"hackney","1.4.1","EEF-CVE-2026-47071"
"hackney","1.4.10","EEF-CVE-2026-47071"
"hackney","1.4.2","EEF-CVE-2026-47071"
"hackney","1.4.3","EEF-CVE-2026-47071"
"hackney","1.4.4","EEF-CVE-2026-47071"
"hackney","1.4.5","EEF-CVE-2026-47071"
"hackney","1.4.6","EEF-CVE-2026-47071"
"hackney","1.4.7","EEF-CVE-2026-47071"
"hackney","1.4.8","EEF-CVE-2026-47071"
"hackney","1.5.0","EEF-CVE-2026-47071"
"hackney","1.5.1","EEF-CVE-2026-47071"
"hackney","1.5.2","EEF-CVE-2026-47071"
"hackney","1.5.3","EEF-CVE-2026-47071"
"hackney","1.5.4","EEF-CVE-2026-47071"
"hackney","1.5.5","EEF-CVE-2026-47071"
"hackney","1.5.6","EEF-CVE-2026-47071"
"hackney","1.5.7","EEF-CVE-2026-47071"
"hackney","1.6.0","EEF-CVE-2026-47071"
"hackney","1.6.1","EEF-CVE-2026-47071"
"hackney","1.6.2","EEF-CVE-2026-47071"
"hackney","1.6.3","EEF-CVE-2026-47071"
"hackney","1.6.4","EEF-CVE-2026-47071"
"hackney","1.6.5","EEF-CVE-2026-47071"
"hackney","1.6.6","EEF-CVE-2026-47071"
"hackney","1.7.0","EEF-CVE-2026-47071"
"hackney","1.7.1","EEF-CVE-2026-47071"
"hackney","1.8.0","EEF-CVE-2026-47071"
"hackney","1.8.2","EEF-CVE-2026-47071"
"hackney","1.8.3","EEF-CVE-2026-47071"
"hackney","1.8.4","EEF-CVE-2026-47071"
"hackney","1.8.5","EEF-CVE-2026-47071"
"hackney","1.8.6","EEF-CVE-2026-47071"
"hackney","1.9.0","EEF-CVE-2026-47071"
"hackney","2.0.0","EEF-CVE-2026-47071"
"hackney","2.0.0-beta.1","EEF-CVE-2026-47071"
"hackney","2.0.1","EEF-CVE-2026-47071"
"hackney","3.0.0","EEF-CVE-2026-47071"
"hackney","3.0.1","EEF-CVE-2026-47071"
"hackney","3.0.2","EEF-CVE-2026-47071"
"hackney","3.0.3","EEF-CVE-2026-47071"
"hackney","3.1.0","EEF-CVE-2026-47071"
"hackney","3.1.1","EEF-CVE-2026-47071"
"hackney","3.1.2","EEF-CVE-2026-47071"
"hackney","3.2.0","EEF-CVE-2026-47071"
"hackney","3.2.1","EEF-CVE-2026-47071"
"hackney","4.0.0","EEF-CVE-2026-47071"
"hackney","2.0.0","EEF-CVE-2026-47072"
"hackney","2.0.1","EEF-CVE-2026-47072"
"hackney","3.0.0","EEF-CVE-2026-47072"
"hackney","3.0.1","EEF-CVE-2026-47072"
"hackney","3.0.2","EEF-CVE-2026-47072"
"hackney","3.0.3","EEF-CVE-2026-47072"
"hackney","3.1.0","EEF-CVE-2026-47072"
"hackney","3.1.1","EEF-CVE-2026-47072"
"hackney","3.1.2","EEF-CVE-2026-47072"
"hackney","3.2.0","EEF-CVE-2026-47072"
"hackney","3.2.1","EEF-CVE-2026-47072"
"hackney","4.0.0","EEF-CVE-2026-47072"
"hackney","2.0.0","EEF-CVE-2026-47073"
"hackney","2.0.1","EEF-CVE-2026-47073"
"hackney","3.0.0","EEF-CVE-2026-47073"
"hackney","3.0.1","EEF-CVE-2026-47073"
"hackney","3.0.2","EEF-CVE-2026-47073"
"hackney","3.0.3","EEF-CVE-2026-47073"
"hackney","3.1.0","EEF-CVE-2026-47073"
"hackney","3.1.1","EEF-CVE-2026-47073"
"hackney","3.1.2","EEF-CVE-2026-47073"
"hackney","3.2.0","EEF-CVE-2026-47073"
"hackney","3.2.1","EEF-CVE-2026-47073"
"hackney","4.0.0","EEF-CVE-2026-47073"
"ex_aws_sns","2.0.1","EEF-CVE-2026-47074"
"ex_aws_sns","2.1.0","EEF-CVE-2026-47074"
"ex_aws_sns","2.2.0","EEF-CVE-2026-47074"
"ex_aws_sns","2.3.0","EEF-CVE-2026-47074"
"ex_aws_sns","2.3.1","EEF-CVE-2026-47074"
"ex_aws_sns","2.3.2","EEF-CVE-2026-47074"
"ex_aws_sns","2.3.3","EEF-CVE-2026-47074"
"ex_aws_sns","2.3.4","EEF-CVE-2026-47074"
"hackney","0.13.1","EEF-CVE-2026-47075"
"hackney","0.14.0","EEF-CVE-2026-47075"
"hackney","0.14.1","EEF-CVE-2026-47075"
"hackney","0.14.2","EEF-CVE-2026-47075"
"hackney","0.14.3","EEF-CVE-2026-47075"
"hackney","0.15.0","EEF-CVE-2026-47075"
"hackney","0.15.2","EEF-CVE-2026-47075"
"hackney","1.0.1","EEF-CVE-2026-47075"
"hackney","1.0.2","EEF-CVE-2026-47075"
"hackney","1.0.5","EEF-CVE-2026-47075"
"hackney","1.0.6","EEF-CVE-2026-47075"
"hackney","1.1.0","EEF-CVE-2026-47075"
"hackney","1.10.0","EEF-CVE-2026-47075"
"hackney","1.10.1","EEF-CVE-2026-47075"
"hackney","1.11.0","EEF-CVE-2026-47075"
"hackney","1.12.0","EEF-CVE-2026-47075"
"hackney","1.12.1","EEF-CVE-2026-47075"
"hackney","1.13.0","EEF-CVE-2026-47075"
"hackney","1.14.0","EEF-CVE-2026-47075"
"hackney","1.14.2","EEF-CVE-2026-47075"
"hackney","1.14.3","EEF-CVE-2026-47075"
"hackney","1.15.0","EEF-CVE-2026-47075"
"hackney","1.15.1","EEF-CVE-2026-47075"
"hackney","1.15.2","EEF-CVE-2026-47075"
"hackney","1.16.0","EEF-CVE-2026-47075"
"hackney","1.17.0","EEF-CVE-2026-47075"
"hackney","1.17.1","EEF-CVE-2026-47075"
"hackney","1.17.2","EEF-CVE-2026-47075"
"hackney","1.17.3","EEF-CVE-2026-47075"
"hackney","1.17.4","EEF-CVE-2026-47075"
"hackney","1.18.0","EEF-CVE-2026-47075"
"hackney","1.18.1","EEF-CVE-2026-47075"
"hackney","1.18.2","EEF-CVE-2026-47075"
"hackney","1.19.0","EEF-CVE-2026-47075"
"hackney","1.19.1","EEF-CVE-2026-47075"
"hackney","1.2.0","EEF-CVE-2026-47075"
"hackney","1.20.0","EEF-CVE-2026-47075"
"hackney","1.20.1","EEF-CVE-2026-47075"
"hackney","1.21.0","EEF-CVE-2026-47075"
"hackney","1.22.0","EEF-CVE-2026-47075"
"hackney","1.23.0","EEF-CVE-2026-47075"
"hackney","1.24.0","EEF-CVE-2026-47075"
"hackney","1.24.1","EEF-CVE-2026-47075"
"hackney","1.25.0","EEF-CVE-2026-47075"
"hackney","1.3.0","EEF-CVE-2026-47075"
"hackney","1.3.1","EEF-CVE-2026-47075"
"hackney","1.3.2","EEF-CVE-2026-47075"
"hackney","1.4.0","EEF-CVE-2026-47075"
"hackney","1.4.1","EEF-CVE-2026-47075"
"hackney","1.4.10","EEF-CVE-2026-47075"
"hackney","1.4.2","EEF-CVE-2026-47075"
"hackney","1.4.3","EEF-CVE-2026-47075"
"hackney","1.4.4","EEF-CVE-2026-47075"
"hackney","1.4.5","EEF-CVE-2026-47075"
"hackney","1.4.6","EEF-CVE-2026-47075"
"hackney","1.4.7","EEF-CVE-2026-47075"
"hackney","1.4.8","EEF-CVE-2026-47075"
"hackney","1.5.0","EEF-CVE-2026-47075"
"hackney","1.5.1","EEF-CVE-2026-47075"
"hackney","1.5.2","EEF-CVE-2026-47075"
"hackney","1.5.3","EEF-CVE-2026-47075"
"hackney","1.5.4","EEF-CVE-2026-47075"
"hackney","1.5.5","EEF-CVE-2026-47075"
"hackney","1.5.6","EEF-CVE-2026-47075"
"hackney","1.5.7","EEF-CVE-2026-47075"
"hackney","1.6.0","EEF-CVE-2026-47075"
"hackney","1.6.1","EEF-CVE-2026-47075"
"hackney","1.6.2","EEF-CVE-2026-47075"
"hackney","1.6.3","EEF-CVE-2026-47075"
"hackney","1.6.4","EEF-CVE-2026-47075"
"hackney","1.6.5","EEF-CVE-2026-47075"
"hackney","1.6.6","EEF-CVE-2026-47075"
"hackney","1.7.0","EEF-CVE-2026-47075"
"hackney","1.7.1","EEF-CVE-2026-47075"
"hackney","1.8.0","EEF-CVE-2026-47075"
"hackney","1.8.2","EEF-CVE-2026-47075"
"hackney","1.8.3","EEF-CVE-2026-47075"
"hackney","1.8.4","EEF-CVE-2026-47075"
"hackney","1.8.5","EEF-CVE-2026-47075"
"hackney","1.8.6","EEF-CVE-2026-47075"
"hackney","1.9.0","EEF-CVE-2026-47075"
"hackney","2.0.0","EEF-CVE-2026-47075"
"hackney","2.0.0-beta.1","EEF-CVE-2026-47075"
"hackney","2.0.1","EEF-CVE-2026-47075"
"hackney","3.0.0","EEF-CVE-2026-47075"
"hackney","3.0.1","EEF-CVE-2026-47075"
"hackney","3.0.2","EEF-CVE-2026-47075"
"hackney","3.0.3","EEF-CVE-2026-47075"
"hackney","3.1.0","EEF-CVE-2026-47075"
"hackney","3.1.1","EEF-CVE-2026-47075"
"hackney","3.1.2","EEF-CVE-2026-47075"
"hackney","3.2.0","EEF-CVE-2026-47075"
"hackney","3.2.1","EEF-CVE-2026-47075"
"hackney","4.0.0","EEF-CVE-2026-47075"
"hackney","0.13.1","EEF-CVE-2026-47076"
"hackney","0.14.0","EEF-CVE-2026-47076"
"hackney","0.14.1","EEF-CVE-2026-47076"
"hackney","0.14.2","EEF-CVE-2026-47076"
"hackney","0.14.3","EEF-CVE-2026-47076"
"hackney","0.15.0","EEF-CVE-2026-47076"
"hackney","0.15.2","EEF-CVE-2026-47076"
"hackney","1.0.1","EEF-CVE-2026-47076"
"hackney","1.0.2","EEF-CVE-2026-47076"
"hackney","1.0.5","EEF-CVE-2026-47076"
"hackney","1.0.6","EEF-CVE-2026-47076"
"hackney","1.1.0","EEF-CVE-2026-47076"
"hackney","1.10.0","EEF-CVE-2026-47076"
"hackney","1.10.1","EEF-CVE-2026-47076"
"hackney","1.11.0","EEF-CVE-2026-47076"
"hackney","1.12.0","EEF-CVE-2026-47076"
"hackney","1.12.1","EEF-CVE-2026-47076"
"hackney","1.13.0","EEF-CVE-2026-47076"
"hackney","1.14.0","EEF-CVE-2026-47076"
"hackney","1.14.2","EEF-CVE-2026-47076"
"hackney","1.14.3","EEF-CVE-2026-47076"
"hackney","1.15.0","EEF-CVE-2026-47076"
"hackney","1.15.1","EEF-CVE-2026-47076"
"hackney","1.15.2","EEF-CVE-2026-47076"
"hackney","1.16.0","EEF-CVE-2026-47076"
"hackney","1.17.0","EEF-CVE-2026-47076"
"hackney","1.17.1","EEF-CVE-2026-47076"
"hackney","1.17.2","EEF-CVE-2026-47076"
"hackney","1.17.3","EEF-CVE-2026-47076"
"hackney","1.17.4","EEF-CVE-2026-47076"
"hackney","1.18.0","EEF-CVE-2026-47076"
"hackney","1.18.1","EEF-CVE-2026-47076"
"hackney","1.18.2","EEF-CVE-2026-47076"
"hackney","1.19.0","EEF-CVE-2026-47076"
"hackney","1.19.1","EEF-CVE-2026-47076"
"hackney","1.2.0","EEF-CVE-2026-47076"
"hackney","1.20.0","EEF-CVE-2026-47076"
"hackney","1.20.1","EEF-CVE-2026-47076"
"hackney","1.21.0","EEF-CVE-2026-47076"
"hackney","1.22.0","EEF-CVE-2026-47076"
"hackney","1.23.0","EEF-CVE-2026-47076"
"hackney","1.24.0","EEF-CVE-2026-47076"
"hackney","1.24.1","EEF-CVE-2026-47076"
"hackney","1.25.0","EEF-CVE-2026-47076"
"hackney","1.3.0","EEF-CVE-2026-47076"
"hackney","1.3.1","EEF-CVE-2026-47076"
"hackney","1.3.2","EEF-CVE-2026-47076"
"hackney","1.4.0","EEF-CVE-2026-47076"
"hackney","1.4.1","EEF-CVE-2026-47076"
"hackney","1.4.10","EEF-CVE-2026-47076"
"hackney","1.4.2","EEF-CVE-2026-47076"
"hackney","1.4.3","EEF-CVE-2026-47076"
"hackney","1.4.4","EEF-CVE-2026-47076"
"hackney","1.4.5","EEF-CVE-2026-47076"
"hackney","1.4.6","EEF-CVE-2026-47076"
"hackney","1.4.7","EEF-CVE-2026-47076"
"hackney","1.4.8","EEF-CVE-2026-47076"
"hackney","1.5.0","EEF-CVE-2026-47076"
"hackney","1.5.1","EEF-CVE-2026-47076"
"hackney","1.5.2","EEF-CVE-2026-47076"
"hackney","1.5.3","EEF-CVE-2026-47076"
"hackney","1.5.4","EEF-CVE-2026-47076"
"hackney","1.5.5","EEF-CVE-2026-47076"
"hackney","1.5.6","EEF-CVE-2026-47076"
"hackney","1.5.7","EEF-CVE-2026-47076"
"hackney","1.6.0","EEF-CVE-2026-47076"
"hackney","1.6.1","EEF-CVE-2026-47076"
"hackney","1.6.2","EEF-CVE-2026-47076"
"hackney","1.6.3","EEF-CVE-2026-47076"
"hackney","1.6.4","EEF-CVE-2026-47076"
"hackney","1.6.5","EEF-CVE-2026-47076"
"hackney","1.6.6","EEF-CVE-2026-47076"
"hackney","1.7.0","EEF-CVE-2026-47076"
"hackney","1.7.1","EEF-CVE-2026-47076"
"hackney","1.8.0","EEF-CVE-2026-47076"
"hackney","1.8.2","EEF-CVE-2026-47076"
"hackney","1.8.3","EEF-CVE-2026-47076"
"hackney","1.8.4","EEF-CVE-2026-47076"
"hackney","1.8.5","EEF-CVE-2026-47076"
"hackney","1.8.6","EEF-CVE-2026-47076"
"hackney","1.9.0","EEF-CVE-2026-47076"
"hackney","2.0.0","EEF-CVE-2026-47076"
"hackney","2.0.0-beta.1","EEF-CVE-2026-47076"
"hackney","2.0.1","EEF-CVE-2026-47076"
"hackney","3.0.0","EEF-CVE-2026-47076"
"hackney","3.0.1","EEF-CVE-2026-47076"
"hackney","3.0.2","EEF-CVE-2026-47076"
"hackney","3.0.3","EEF-CVE-2026-47076"
"hackney","3.1.0","EEF-CVE-2026-47076"
"hackney","3.1.1","EEF-CVE-2026-47076"
"hackney","3.1.2","EEF-CVE-2026-47076"
"hackney","3.2.0","EEF-CVE-2026-47076"
"hackney","3.2.1","EEF-CVE-2026-47076"
"hackney","4.0.0","EEF-CVE-2026-47076"
"hackney","2.0.0","EEF-CVE-2026-47077"
"hackney","2.0.1","EEF-CVE-2026-47077"
"hackney","3.0.0","EEF-CVE-2026-47077"
"hackney","3.0.1","EEF-CVE-2026-47077"
"hackney","3.0.2","EEF-CVE-2026-47077"
"hackney","3.0.3","EEF-CVE-2026-47077"
"hackney","3.1.0","EEF-CVE-2026-47077"
"hackney","3.1.1","EEF-CVE-2026-47077"
"hackney","3.1.2","EEF-CVE-2026-47077"
"hackney","3.2.0","EEF-CVE-2026-47077"
"hackney","3.2.1","EEF-CVE-2026-47077"
"hackney","4.0.0","EEF-CVE-2026-47077"
"earmark","1.4.1","EEF-CVE-2026-48591"
"earmark","1.4.10","EEF-CVE-2026-48591"
"earmark","1.4.12","EEF-CVE-2026-48591"
"earmark","1.4.13","EEF-CVE-2026-48591"
"earmark","1.4.14","EEF-CVE-2026-48591"
"earmark","1.4.15","EEF-CVE-2026-48591"
"earmark","1.4.16","EEF-CVE-2026-48591"
"earmark","1.4.16-pre","EEF-CVE-2026-48591"
"earmark","1.4.16-pre1","EEF-CVE-2026-48591"
"earmark","1.4.16-pre2","EEF-CVE-2026-48591"
"earmark","1.4.17","EEF-CVE-2026-48591"
"earmark","1.4.18","EEF-CVE-2026-48591"
"earmark","1.4.19","EEF-CVE-2026-48591"
"earmark","1.4.2","EEF-CVE-2026-48591"
"earmark","1.4.20","EEF-CVE-2026-48591"
"earmark","1.4.21","EEF-CVE-2026-48591"
"earmark","1.4.22","EEF-CVE-2026-48591"
"earmark","1.4.23","EEF-CVE-2026-48591"
"earmark","1.4.24","EEF-CVE-2026-48591"
"earmark","1.4.25","EEF-CVE-2026-48591"
"earmark","1.4.26","EEF-CVE-2026-48591"
"earmark","1.4.27","EEF-CVE-2026-48591"
"earmark","1.4.28","EEF-CVE-2026-48591"
"earmark","1.4.29","EEF-CVE-2026-48591"
"earmark","1.4.3","EEF-CVE-2026-48591"
"earmark","1.4.30","EEF-CVE-2026-48591"
"earmark","1.4.31","EEF-CVE-2026-48591"
"earmark","1.4.32","EEF-CVE-2026-48591"
"earmark","1.4.33","EEF-CVE-2026-48591"
"earmark","1.4.34","EEF-CVE-2026-48591"
"earmark","1.4.35","EEF-CVE-2026-48591"
"earmark","1.4.36","EEF-CVE-2026-48591"
"earmark","1.4.37","EEF-CVE-2026-48591"
"earmark","1.4.38","EEF-CVE-2026-48591"
"earmark","1.4.39","EEF-CVE-2026-48591"
"earmark","1.4.4","EEF-CVE-2026-48591"
"earmark","1.4.40","EEF-CVE-2026-48591"
"earmark","1.4.41","EEF-CVE-2026-48591"
"earmark","1.4.42","EEF-CVE-2026-48591"
"earmark","1.4.43","EEF-CVE-2026-48591"
"earmark","1.4.44","EEF-CVE-2026-48591"
"earmark","1.4.45","EEF-CVE-2026-48591"
"earmark","1.4.46","EEF-CVE-2026-48591"
"earmark","1.4.47","EEF-CVE-2026-48591"
"earmark","1.4.48","EEF-CVE-2026-48591"
"earmark","1.4.49","EEF-CVE-2026-48591"
"earmark","1.4.5","EEF-CVE-2026-48591"
"earmark","1.4.6","EEF-CVE-2026-48591"
"earmark","1.4.7","EEF-CVE-2026-48591"
"earmark","1.4.8","EEF-CVE-2026-48591"
"earmark","1.4.9","EEF-CVE-2026-48591"
"earmark","1.5.0-pre","EEF-CVE-2026-48591"
"earmark","1.5.0-pre1","EEF-CVE-2026-48591"
"oban_web","2.12.0","EEF-CVE-2026-48592"
"oban_web","2.12.1","EEF-CVE-2026-48592"
"oban_web","2.12.2","EEF-CVE-2026-48592"
"oban_web","2.12.3","EEF-CVE-2026-48592"
"oban_web","2.12.4","EEF-CVE-2026-48592"
"oban_web","2.12.0","EEF-CVE-2026-48593"
"oban_web","2.12.1","EEF-CVE-2026-48593"
"oban_web","2.12.2","EEF-CVE-2026-48593"
"oban_web","2.12.3","EEF-CVE-2026-48593"
"oban_web","2.12.4","EEF-CVE-2026-48593"
"tesla","0.10.0","EEF-CVE-2026-48594"
"tesla","0.6.0","EEF-CVE-2026-48594"
"tesla","0.7.0","EEF-CVE-2026-48594"
"tesla","0.7.1","EEF-CVE-2026-48594"
"tesla","0.7.2","EEF-CVE-2026-48594"
"tesla","0.8.0","EEF-CVE-2026-48594"
"tesla","0.9.0","EEF-CVE-2026-48594"
"tesla","1.0.0","EEF-CVE-2026-48594"
"tesla","1.0.0-beta.1","EEF-CVE-2026-48594"
"tesla","1.1.0","EEF-CVE-2026-48594"
"tesla","1.10.0","EEF-CVE-2026-48594"
"tesla","1.10.1","EEF-CVE-2026-48594"
"tesla","1.10.2","EEF-CVE-2026-48594"
"tesla","1.10.3","EEF-CVE-2026-48594"
"tesla","1.11.0","EEF-CVE-2026-48594"
"tesla","1.11.1","EEF-CVE-2026-48594"
"tesla","1.11.2","EEF-CVE-2026-48594"
"tesla","1.12.0","EEF-CVE-2026-48594"
"tesla","1.12.1","EEF-CVE-2026-48594"
"tesla","1.12.2","EEF-CVE-2026-48594"
"tesla","1.12.3","EEF-CVE-2026-48594"
"tesla","1.13.0","EEF-CVE-2026-48594"
"tesla","1.13.1","EEF-CVE-2026-48594"
"tesla","1.13.2","EEF-CVE-2026-48594"
"tesla","1.14.0","EEF-CVE-2026-48594"
"tesla","1.14.1","EEF-CVE-2026-48594"
"tesla","1.14.2","EEF-CVE-2026-48594"
"tesla","1.14.3","EEF-CVE-2026-48594"
"tesla","1.15.0","EEF-CVE-2026-48594"
"tesla","1.15.1","EEF-CVE-2026-48594"
"tesla","1.15.2","EEF-CVE-2026-48594"
"tesla","1.15.3","EEF-CVE-2026-48594"
"tesla","1.16.0","EEF-CVE-2026-48594"
"tesla","1.17.0","EEF-CVE-2026-48594"
"tesla","1.18.0","EEF-CVE-2026-48594"
"tesla","1.18.1","EEF-CVE-2026-48594"
"tesla","1.18.2","EEF-CVE-2026-48594"
"tesla","1.2.0","EEF-CVE-2026-48594"
"tesla","1.2.1","EEF-CVE-2026-48594"
"tesla","1.3.0","EEF-CVE-2026-48594"
"tesla","1.3.1","EEF-CVE-2026-48594"
"tesla","1.3.2","EEF-CVE-2026-48594"
"tesla","1.3.3","EEF-CVE-2026-48594"
"tesla","1.4.0","EEF-CVE-2026-48594"
"tesla","1.4.1","EEF-CVE-2026-48594"
"tesla","1.4.2","EEF-CVE-2026-48594"
"tesla","1.4.3","EEF-CVE-2026-48594"
"tesla","1.4.4","EEF-CVE-2026-48594"
"tesla","1.5.0","EEF-CVE-2026-48594"
"tesla","1.5.1","EEF-CVE-2026-48594"
"tesla","1.6.0","EEF-CVE-2026-48594"
"tesla","1.6.1","EEF-CVE-2026-48594"
"tesla","1.7.0","EEF-CVE-2026-48594"
"tesla","1.8.0","EEF-CVE-2026-48594"
"tesla","1.8.1","EEF-CVE-2026-48594"
"tesla","1.9.0","EEF-CVE-2026-48594"
"tesla","1.10.0","EEF-CVE-2026-48595"
"tesla","1.10.1","EEF-CVE-2026-48595"
"tesla","1.10.2","EEF-CVE-2026-48595"
"tesla","1.10.3","EEF-CVE-2026-48595"
"tesla","1.11.0","EEF-CVE-2026-48595"
"tesla","1.11.1","EEF-CVE-2026-48595"
"tesla","1.11.2","EEF-CVE-2026-48595"
"tesla","1.12.0","EEF-CVE-2026-48595"
"tesla","1.12.1","EEF-CVE-2026-48595"
"tesla","1.12.2","EEF-CVE-2026-48595"
"tesla","1.12.3","EEF-CVE-2026-48595"
"tesla","1.13.0","EEF-CVE-2026-48595"
"tesla","1.13.1","EEF-CVE-2026-48595"
"tesla","1.13.2","EEF-CVE-2026-48595"
"tesla","1.14.0","EEF-CVE-2026-48595"
"tesla","1.14.1","EEF-CVE-2026-48595"
"tesla","1.14.2","EEF-CVE-2026-48595"
"tesla","1.14.3","EEF-CVE-2026-48595"
"tesla","1.15.0","EEF-CVE-2026-48595"
"tesla","1.15.1","EEF-CVE-2026-48595"
"tesla","1.15.2","EEF-CVE-2026-48595"
"tesla","1.15.3","EEF-CVE-2026-48595"
"tesla","1.16.0","EEF-CVE-2026-48595"
"tesla","1.17.0","EEF-CVE-2026-48595"
"tesla","1.18.0","EEF-CVE-2026-48595"
"tesla","1.18.1","EEF-CVE-2026-48595"
"tesla","1.18.2","EEF-CVE-2026-48595"
"tesla","1.4.0","EEF-CVE-2026-48595"
"tesla","1.4.1","EEF-CVE-2026-48595"
"tesla","1.4.2","EEF-CVE-2026-48595"
"tesla","1.4.3","EEF-CVE-2026-48595"
"tesla","1.4.4","EEF-CVE-2026-48595"
"tesla","1.5.0","EEF-CVE-2026-48595"
"tesla","1.5.1","EEF-CVE-2026-48595"
"tesla","1.6.0","EEF-CVE-2026-48595"
"tesla","1.6.1","EEF-CVE-2026-48595"
"tesla","1.7.0","EEF-CVE-2026-48595"
"tesla","1.8.0","EEF-CVE-2026-48595"
"tesla","1.8.1","EEF-CVE-2026-48595"
"tesla","1.9.0","EEF-CVE-2026-48595"
"tesla","0.10.0","EEF-CVE-2026-48596"
"tesla","0.8.0","EEF-CVE-2026-48596"
"tesla","0.9.0","EEF-CVE-2026-48596"
"tesla","1.0.0","EEF-CVE-2026-48596"
"tesla","1.0.0-beta.1","EEF-CVE-2026-48596"
"tesla","1.1.0","EEF-CVE-2026-48596"
"tesla","1.10.0","EEF-CVE-2026-48596"
"tesla","1.10.1","EEF-CVE-2026-48596"
"tesla","1.10.2","EEF-CVE-2026-48596"
"tesla","1.10.3","EEF-CVE-2026-48596"
"tesla","1.11.0","EEF-CVE-2026-48596"
"tesla","1.11.1","EEF-CVE-2026-48596"
"tesla","1.11.2","EEF-CVE-2026-48596"
"tesla","1.12.0","EEF-CVE-2026-48596"
"tesla","1.12.1","EEF-CVE-2026-48596"
"tesla","1.12.2","EEF-CVE-2026-48596"
"tesla","1.12.3","EEF-CVE-2026-48596"
"tesla","1.13.0","EEF-CVE-2026-48596"
"tesla","1.13.1","EEF-CVE-2026-48596"
"tesla","1.13.2","EEF-CVE-2026-48596"
"tesla","1.14.0","EEF-CVE-2026-48596"
"tesla","1.14.1","EEF-CVE-2026-48596"
"tesla","1.14.2","EEF-CVE-2026-48596"
"tesla","1.14.3","EEF-CVE-2026-48596"
"tesla","1.15.0","EEF-CVE-2026-48596"
"tesla","1.15.1","EEF-CVE-2026-48596"
"tesla","1.15.2","EEF-CVE-2026-48596"
"tesla","1.15.3","EEF-CVE-2026-48596"
"tesla","1.16.0","EEF-CVE-2026-48596"
"tesla","1.17.0","EEF-CVE-2026-48596"
"tesla","1.18.0","EEF-CVE-2026-48596"
"tesla","1.18.1","EEF-CVE-2026-48596"
"tesla","1.18.2","EEF-CVE-2026-48596"
"tesla","1.2.0","EEF-CVE-2026-48596"
"tesla","1.2.1","EEF-CVE-2026-48596"
"tesla","1.3.0","EEF-CVE-2026-48596"
"tesla","1.3.1","EEF-CVE-2026-48596"
"tesla","1.3.2","EEF-CVE-2026-48596"
"tesla","1.3.3","EEF-CVE-2026-48596"
"tesla","1.4.0","EEF-CVE-2026-48596"
"tesla","1.4.1","EEF-CVE-2026-48596"
"tesla","1.4.2","EEF-CVE-2026-48596"
"tesla","1.4.3","EEF-CVE-2026-48596"
"tesla","1.4.4","EEF-CVE-2026-48596"
"tesla","1.5.0","EEF-CVE-2026-48596"
"tesla","1.5.1","EEF-CVE-2026-48596"
"tesla","1.6.0","EEF-CVE-2026-48596"
"tesla","1.6.1","EEF-CVE-2026-48596"
"tesla","1.7.0","EEF-CVE-2026-48596"
"tesla","1.8.0","EEF-CVE-2026-48596"
"tesla","1.8.1","EEF-CVE-2026-48596"
"tesla","1.9.0","EEF-CVE-2026-48596"
"tesla","1.10.0","EEF-CVE-2026-48597"
"tesla","1.10.1","EEF-CVE-2026-48597"
"tesla","1.10.2","EEF-CVE-2026-48597"
"tesla","1.10.3","EEF-CVE-2026-48597"
"tesla","1.11.0","EEF-CVE-2026-48597"
"tesla","1.11.1","EEF-CVE-2026-48597"
"tesla","1.11.2","EEF-CVE-2026-48597"
"tesla","1.12.0","EEF-CVE-2026-48597"
"tesla","1.12.1","EEF-CVE-2026-48597"
"tesla","1.12.2","EEF-CVE-2026-48597"
"tesla","1.12.3","EEF-CVE-2026-48597"
"tesla","1.13.0","EEF-CVE-2026-48597"
"tesla","1.13.1","EEF-CVE-2026-48597"
"tesla","1.13.2","EEF-CVE-2026-48597"
"tesla","1.14.0","EEF-CVE-2026-48597"
"tesla","1.14.1","EEF-CVE-2026-48597"
"tesla","1.14.2","EEF-CVE-2026-48597"
"tesla","1.14.3","EEF-CVE-2026-48597"
"tesla","1.15.0","EEF-CVE-2026-48597"
"tesla","1.15.1","EEF-CVE-2026-48597"
"tesla","1.15.2","EEF-CVE-2026-48597"
"tesla","1.15.3","EEF-CVE-2026-48597"
"tesla","1.16.0","EEF-CVE-2026-48597"
"tesla","1.17.0","EEF-CVE-2026-48597"
"tesla","1.18.0","EEF-CVE-2026-48597"
"tesla","1.18.1","EEF-CVE-2026-48597"
"tesla","1.18.2","EEF-CVE-2026-48597"
"tesla","1.3.0","EEF-CVE-2026-48597"
"tesla","1.3.1","EEF-CVE-2026-48597"
"tesla","1.3.2","EEF-CVE-2026-48597"
"tesla","1.3.3","EEF-CVE-2026-48597"
"tesla","1.4.0","EEF-CVE-2026-48597"
"tesla","1.4.1","EEF-CVE-2026-48597"
"tesla","1.4.2","EEF-CVE-2026-48597"
"tesla","1.4.3","EEF-CVE-2026-48597"
"tesla","1.4.4","EEF-CVE-2026-48597"
"tesla","1.5.0","EEF-CVE-2026-48597"
"tesla","1.5.1","EEF-CVE-2026-48597"
"tesla","1.6.0","EEF-CVE-2026-48597"
"tesla","1.6.1","EEF-CVE-2026-48597"
"tesla","1.7.0","EEF-CVE-2026-48597"
"tesla","1.8.0","EEF-CVE-2026-48597"
"tesla","1.8.1","EEF-CVE-2026-48597"
"tesla","1.9.0","EEF-CVE-2026-48597"
"tesla","0.10.0","EEF-CVE-2026-48598"
"tesla","0.8.0","EEF-CVE-2026-48598"
"tesla","0.9.0","EEF-CVE-2026-48598"
"tesla","1.0.0","EEF-CVE-2026-48598"
"tesla","1.0.0-beta.1","EEF-CVE-2026-48598"
"tesla","1.1.0","EEF-CVE-2026-48598"
"tesla","1.10.0","EEF-CVE-2026-48598"
"tesla","1.10.1","EEF-CVE-2026-48598"
"tesla","1.10.2","EEF-CVE-2026-48598"
"tesla","1.10.3","EEF-CVE-2026-48598"
"tesla","1.11.0","EEF-CVE-2026-48598"
"tesla","1.11.1","EEF-CVE-2026-48598"
"tesla","1.11.2","EEF-CVE-2026-48598"
"tesla","1.12.0","EEF-CVE-2026-48598"
"tesla","1.12.1","EEF-CVE-2026-48598"
"tesla","1.12.2","EEF-CVE-2026-48598"
"tesla","1.12.3","EEF-CVE-2026-48598"
"tesla","1.13.0","EEF-CVE-2026-48598"
"tesla","1.13.1","EEF-CVE-2026-48598"
"tesla","1.13.2","EEF-CVE-2026-48598"
"tesla","1.14.0","EEF-CVE-2026-48598"
"tesla","1.14.1","EEF-CVE-2026-48598"
"tesla","1.14.2","EEF-CVE-2026-48598"
"tesla","1.14.3","EEF-CVE-2026-48598"
"tesla","1.15.0","EEF-CVE-2026-48598"
"tesla","1.15.1","EEF-CVE-2026-48598"
"tesla","1.15.2","EEF-CVE-2026-48598"
"tesla","1.15.3","EEF-CVE-2026-48598"
"tesla","1.16.0","EEF-CVE-2026-48598"
"tesla","1.17.0","EEF-CVE-2026-48598"
"tesla","1.18.0","EEF-CVE-2026-48598"
"tesla","1.18.1","EEF-CVE-2026-48598"
"tesla","1.18.2","EEF-CVE-2026-48598"
"tesla","1.2.0","EEF-CVE-2026-48598"
"tesla","1.2.1","EEF-CVE-2026-48598"
"tesla","1.3.0","EEF-CVE-2026-48598"
"tesla","1.3.1","EEF-CVE-2026-48598"
"tesla","1.3.2","EEF-CVE-2026-48598"
"tesla","1.3.3","EEF-CVE-2026-48598"
"tesla","1.4.0","EEF-CVE-2026-48598"
"tesla","1.4.1","EEF-CVE-2026-48598"
"tesla","1.4.2","EEF-CVE-2026-48598"
"tesla","1.4.3","EEF-CVE-2026-48598"
"tesla","1.4.4","EEF-CVE-2026-48598"
"tesla","1.5.0","EEF-CVE-2026-48598"
"tesla","1.5.1","EEF-CVE-2026-48598"
"tesla","1.6.0","EEF-CVE-2026-48598"
"tesla","1.6.1","EEF-CVE-2026-48598"
"tesla","1.7.0","EEF-CVE-2026-48598"
"tesla","1.8.0","EEF-CVE-2026-48598"
"tesla","1.8.1","EEF-CVE-2026-48598"
"tesla","1.9.0","EEF-CVE-2026-48598"
"grpc","0.10.0","EEF-CVE-2026-48599"
"grpc","0.10.1","EEF-CVE-2026-48599"
"grpc","0.10.2","EEF-CVE-2026-48599"
"grpc","0.11.0","EEF-CVE-2026-48599"
"grpc","0.11.1","EEF-CVE-2026-48599"
"grpc","0.11.2","EEF-CVE-2026-48599"
"grpc","0.11.3","EEF-CVE-2026-48599"
"grpc","0.11.4","EEF-CVE-2026-48599"
"grpc","0.11.5","EEF-CVE-2026-48599"
"grpc","0.8.0","EEF-CVE-2026-48599"
"grpc","0.8.1","EEF-CVE-2026-48599"
"grpc","0.9.0","EEF-CVE-2026-48599"
"grpc","1.0.0-rc.1","EEF-CVE-2026-48599"
"grpc","0.10.0","EEF-CVE-2026-48853"
"grpc","0.10.1","EEF-CVE-2026-48853"
"grpc","0.10.2","EEF-CVE-2026-48853"
"grpc","0.11.0","EEF-CVE-2026-48853"
"grpc","0.11.1","EEF-CVE-2026-48853"
"grpc","0.11.2","EEF-CVE-2026-48853"
"grpc","0.11.3","EEF-CVE-2026-48853"
"grpc","0.11.4","EEF-CVE-2026-48853"
"grpc","0.11.5","EEF-CVE-2026-48853"
"grpc","0.5.0","EEF-CVE-2026-48853"
"grpc","0.5.0-beta","EEF-CVE-2026-48853"
"grpc","0.5.0-beta.1","EEF-CVE-2026-48853"
"grpc","0.6.0","EEF-CVE-2026-48853"
"grpc","0.7.0","EEF-CVE-2026-48853"
"grpc","0.8.0","EEF-CVE-2026-48853"
"grpc","0.8.1","EEF-CVE-2026-48853"
"grpc","0.9.0","EEF-CVE-2026-48853"
"grpc","1.0.0-rc.1","EEF-CVE-2026-48853"
"grpc","0.10.0","EEF-CVE-2026-48854"
"grpc","0.10.1","EEF-CVE-2026-48854"
"grpc","0.10.2","EEF-CVE-2026-48854"
"grpc","0.11.0","EEF-CVE-2026-48854"
"grpc","0.11.1","EEF-CVE-2026-48854"
"grpc","0.11.2","EEF-CVE-2026-48854"
"grpc","0.11.3","EEF-CVE-2026-48854"
"grpc","0.11.4","EEF-CVE-2026-48854"
"grpc","0.11.5","EEF-CVE-2026-48854"
"grpc","0.3.1","EEF-CVE-2026-48854"
"grpc","0.4.0-alpha.1","EEF-CVE-2026-48854"
"grpc","0.4.0-alpha.2","EEF-CVE-2026-48854"
"grpc","0.5.0","EEF-CVE-2026-48854"
"grpc","0.5.0-beta","EEF-CVE-2026-48854"
"grpc","0.5.0-beta.1","EEF-CVE-2026-48854"
"grpc","0.6.0","EEF-CVE-2026-48854"
"grpc","0.7.0","EEF-CVE-2026-48854"
"grpc","0.8.0","EEF-CVE-2026-48854"
"grpc","0.8.1","EEF-CVE-2026-48854"
"grpc","0.9.0","EEF-CVE-2026-48854"
"grpc","1.0.0-rc.1","EEF-CVE-2026-48854"
"mint","0.1.0","EEF-CVE-2026-48861"
"mint","0.2.0","EEF-CVE-2026-48861"
"mint","0.2.1","EEF-CVE-2026-48861"
"mint","0.3.0","EEF-CVE-2026-48861"
"mint","0.4.0","EEF-CVE-2026-48861"
"mint","0.5.0","EEF-CVE-2026-48861"
"mint","1.0.0","EEF-CVE-2026-48861"
"mint","1.1.0","EEF-CVE-2026-48861"
"mint","1.2.0","EEF-CVE-2026-48861"
"mint","1.2.1","EEF-CVE-2026-48861"
"mint","1.3.0","EEF-CVE-2026-48861"
"mint","1.4.0","EEF-CVE-2026-48861"
"mint","1.4.1","EEF-CVE-2026-48861"
"mint","1.4.2","EEF-CVE-2026-48861"
"mint","1.5.0","EEF-CVE-2026-48861"
"mint","1.5.1","EEF-CVE-2026-48861"
"mint","1.5.2","EEF-CVE-2026-48861"
"mint","1.6.0","EEF-CVE-2026-48861"
"mint","1.6.1","EEF-CVE-2026-48861"
"mint","1.6.2","EEF-CVE-2026-48861"
"mint","1.7.0","EEF-CVE-2026-48861"
"mint","1.7.1","EEF-CVE-2026-48861"
"mint","1.8.0","EEF-CVE-2026-48861"
"mint","0.2.0","EEF-CVE-2026-48862"
"mint","0.2.1","EEF-CVE-2026-48862"
"mint","0.3.0","EEF-CVE-2026-48862"
"mint","0.4.0","EEF-CVE-2026-48862"
"mint","0.5.0","EEF-CVE-2026-48862"
"mint","1.0.0","EEF-CVE-2026-48862"
"mint","1.1.0","EEF-CVE-2026-48862"
"mint","1.2.0","EEF-CVE-2026-48862"
"mint","1.2.1","EEF-CVE-2026-48862"
"mint","1.3.0","EEF-CVE-2026-48862"
"mint","1.4.0","EEF-CVE-2026-48862"
"mint","1.4.1","EEF-CVE-2026-48862"
"mint","1.4.2","EEF-CVE-2026-48862"
"mint","1.5.0","EEF-CVE-2026-48862"
"mint","1.5.1","EEF-CVE-2026-48862"
"mint","1.5.2","EEF-CVE-2026-48862"
"mint","1.6.0","EEF-CVE-2026-48862"
"mint","1.6.1","EEF-CVE-2026-48862"
"mint","1.6.2","EEF-CVE-2026-48862"
"mint","1.7.0","EEF-CVE-2026-48862"
"mint","1.7.1","EEF-CVE-2026-48862"
"mint","1.8.0","EEF-CVE-2026-48862"
"mint","0.1.0","EEF-CVE-2026-49753"
"mint","0.2.0","EEF-CVE-2026-49753"
"mint","0.2.1","EEF-CVE-2026-49753"
"mint","0.3.0","EEF-CVE-2026-49753"
"mint","0.4.0","EEF-CVE-2026-49753"
"mint","0.5.0","EEF-CVE-2026-49753"
"mint","1.0.0","EEF-CVE-2026-49753"
"mint","1.1.0","EEF-CVE-2026-49753"
"mint","1.2.0","EEF-CVE-2026-49753"
"mint","1.2.1","EEF-CVE-2026-49753"
"mint","1.3.0","EEF-CVE-2026-49753"
"mint","1.4.0","EEF-CVE-2026-49753"
"mint","1.4.1","EEF-CVE-2026-49753"
"mint","1.4.2","EEF-CVE-2026-49753"
"mint","1.5.0","EEF-CVE-2026-49753"
"mint","1.5.1","EEF-CVE-2026-49753"
"mint","1.5.2","EEF-CVE-2026-49753"
"mint","1.6.0","EEF-CVE-2026-49753"
"mint","1.6.1","EEF-CVE-2026-49753"
"mint","1.6.2","EEF-CVE-2026-49753"
"mint","1.7.0","EEF-CVE-2026-49753"
"mint","1.7.1","EEF-CVE-2026-49753"
"mint","1.8.0","EEF-CVE-2026-49753"
"mint","0.1.0","EEF-CVE-2026-49754"
"mint","0.2.0","EEF-CVE-2026-49754"
"mint","0.2.1","EEF-CVE-2026-49754"
"mint","0.3.0","EEF-CVE-2026-49754"
"mint","0.4.0","EEF-CVE-2026-49754"
"mint","0.5.0","EEF-CVE-2026-49754"
"mint","1.0.0","EEF-CVE-2026-49754"
"mint","1.1.0","EEF-CVE-2026-49754"
"mint","1.2.0","EEF-CVE-2026-49754"
"mint","1.2.1","EEF-CVE-2026-49754"
"mint","1.3.0","EEF-CVE-2026-49754"
"mint","1.4.0","EEF-CVE-2026-49754"
"mint","1.4.1","EEF-CVE-2026-49754"
"mint","1.4.2","EEF-CVE-2026-49754"
"mint","1.5.0","EEF-CVE-2026-49754"
"mint","1.5.1","EEF-CVE-2026-49754"
"mint","1.5.2","EEF-CVE-2026-49754"
"mint","1.6.0","EEF-CVE-2026-49754"
"mint","1.6.1","EEF-CVE-2026-49754"
"mint","1.6.2","EEF-CVE-2026-49754"
"mint","1.7.0","EEF-CVE-2026-49754"
"mint","1.7.1","EEF-CVE-2026-49754"
"mint","1.8.0","EEF-CVE-2026-49754"
"req","0.1.0","EEF-CVE-2026-49755"
"req","0.1.1","EEF-CVE-2026-49755"
"req","0.1.2","EEF-CVE-2026-49755"
"req","0.2.0","EEF-CVE-2026-49755"
"req","0.2.1","EEF-CVE-2026-49755"
"req","0.2.2","EEF-CVE-2026-49755"
"req","0.3.0","EEF-CVE-2026-49755"
"req","0.3.1","EEF-CVE-2026-49755"
"req","0.3.10","EEF-CVE-2026-49755"
"req","0.3.11","EEF-CVE-2026-49755"
"req","0.3.12","EEF-CVE-2026-49755"
"req","0.3.2","EEF-CVE-2026-49755"
"req","0.3.3","EEF-CVE-2026-49755"
"req","0.3.4","EEF-CVE-2026-49755"
"req","0.3.5","EEF-CVE-2026-49755"
"req","0.3.6","EEF-CVE-2026-49755"
"req","0.3.7","EEF-CVE-2026-49755"
"req","0.3.8","EEF-CVE-2026-49755"
"req","0.3.9","EEF-CVE-2026-49755"
"req","0.4.0","EEF-CVE-2026-49755"
"req","0.4.1","EEF-CVE-2026-49755"
"req","0.4.10","EEF-CVE-2026-49755"
"req","0.4.11","EEF-CVE-2026-49755"
"req","0.4.12","EEF-CVE-2026-49755"
"req","0.4.13","EEF-CVE-2026-49755"
"req","0.4.14","EEF-CVE-2026-49755"
"req","0.4.2","EEF-CVE-2026-49755"
"req","0.4.3","EEF-CVE-2026-49755"
"req","0.4.4","EEF-CVE-2026-49755"
"req","0.4.5","EEF-CVE-2026-49755"
"req","0.4.6","EEF-CVE-2026-49755"
"req","0.4.7","EEF-CVE-2026-49755"
"req","0.4.8","EEF-CVE-2026-49755"
"req","0.4.9","EEF-CVE-2026-49755"
"req","0.5.0","EEF-CVE-2026-49755"
"req","0.5.1","EEF-CVE-2026-49755"
"req","0.5.10","EEF-CVE-2026-49755"
"req","0.5.11","EEF-CVE-2026-49755"
"req","0.5.12","EEF-CVE-2026-49755"
"req","0.5.13","EEF-CVE-2026-49755"
"req","0.5.14","EEF-CVE-2026-49755"
"req","0.5.15","EEF-CVE-2026-49755"
"req","0.5.16","EEF-CVE-2026-49755"
"req","0.5.17","EEF-CVE-2026-49755"
"req","0.5.18","EEF-CVE-2026-49755"
"req","0.5.2","EEF-CVE-2026-49755"
"req","0.5.3","EEF-CVE-2026-49755"
"req","0.5.4","EEF-CVE-2026-49755"
"req","0.5.5","EEF-CVE-2026-49755"
"req","0.5.6","EEF-CVE-2026-49755"
"req","0.5.7","EEF-CVE-2026-49755"
"req","0.5.8","EEF-CVE-2026-49755"
"req","0.5.9","EEF-CVE-2026-49755"
"req","0.6.0","EEF-CVE-2026-49755"
"req","0.5.10","EEF-CVE-2026-49756"
"req","0.5.11","EEF-CVE-2026-49756"
"req","0.5.12","EEF-CVE-2026-49756"
"req","0.5.13","EEF-CVE-2026-49756"
"req","0.5.14","EEF-CVE-2026-49756"
"req","0.5.15","EEF-CVE-2026-49756"
"req","0.5.16","EEF-CVE-2026-49756"
"req","0.5.17","EEF-CVE-2026-49756"
"req","0.5.18","EEF-CVE-2026-49756"
"req","0.5.3","EEF-CVE-2026-49756"
"req","0.5.4","EEF-CVE-2026-49756"
"req","0.5.5","EEF-CVE-2026-49756"
"req","0.5.6","EEF-CVE-2026-49756"
"req","0.5.7","EEF-CVE-2026-49756"
"req","0.5.8","EEF-CVE-2026-49756"
"req","0.5.9","EEF-CVE-2026-49756"
"ash_authentication","3.0.3","EEF-CVE-2026-49757"
"ash_authentication","3.1.0","EEF-CVE-2026-49757"
"ash_authentication","3.10.0","EEF-CVE-2026-49757"
"ash_authentication","3.10.1","EEF-CVE-2026-49757"
"ash_authentication","3.10.2","EEF-CVE-2026-49757"
"ash_authentication","3.10.3","EEF-CVE-2026-49757"
"ash_authentication","3.10.4","EEF-CVE-2026-49757"
"ash_authentication","3.10.5","EEF-CVE-2026-49757"
"ash_authentication","3.10.6","EEF-CVE-2026-49757"
"ash_authentication","3.10.7","EEF-CVE-2026-49757"
"ash_authentication","3.10.8","EEF-CVE-2026-49757"
"ash_authentication","3.11.0","EEF-CVE-2026-49757"
"ash_authentication","3.11.1","EEF-CVE-2026-49757"
"ash_authentication","3.11.10","EEF-CVE-2026-49757"
"ash_authentication","3.11.11","EEF-CVE-2026-49757"
"ash_authentication","3.11.12","EEF-CVE-2026-49757"
"ash_authentication","3.11.13","EEF-CVE-2026-49757"
"ash_authentication","3.11.14","EEF-CVE-2026-49757"
"ash_authentication","3.11.15","EEF-CVE-2026-49757"
"ash_authentication","3.11.16","EEF-CVE-2026-49757"
"ash_authentication","3.11.2","EEF-CVE-2026-49757"
"ash_authentication","3.11.3","EEF-CVE-2026-49757"
"ash_authentication","3.11.4","EEF-CVE-2026-49757"
"ash_authentication","3.11.5","EEF-CVE-2026-49757"
"ash_authentication","3.11.6","EEF-CVE-2026-49757"
"ash_authentication","3.11.7","EEF-CVE-2026-49757"
"ash_authentication","3.11.8","EEF-CVE-2026-49757"
"ash_authentication","3.11.9","EEF-CVE-2026-49757"
"ash_authentication","3.12.0","EEF-CVE-2026-49757"
"ash_authentication","3.12.1","EEF-CVE-2026-49757"
"ash_authentication","3.12.2","EEF-CVE-2026-49757"
"ash_authentication","3.12.3","EEF-CVE-2026-49757"
"ash_authentication","3.12.4","EEF-CVE-2026-49757"
"ash_authentication","3.2.0","EEF-CVE-2026-49757"
"ash_authentication","3.2.1","EEF-CVE-2026-49757"
"ash_authentication","3.2.2","EEF-CVE-2026-49757"
"ash_authentication","3.3.0","EEF-CVE-2026-49757"
"ash_authentication","3.3.1","EEF-CVE-2026-49757"
"ash_authentication","3.5.0","EEF-CVE-2026-49757"
"ash_authentication","3.5.1","EEF-CVE-2026-49757"
"ash_authentication","3.5.2","EEF-CVE-2026-49757"
"ash_authentication","3.5.3","EEF-CVE-2026-49757"
"ash_authentication","3.6.0","EEF-CVE-2026-49757"
"ash_authentication","3.6.1","EEF-CVE-2026-49757"
"ash_authentication","3.7.0","EEF-CVE-2026-49757"
"ash_authentication","3.7.1","EEF-CVE-2026-49757"
"ash_authentication","3.7.2","EEF-CVE-2026-49757"
"ash_authentication","3.7.3","EEF-CVE-2026-49757"
"ash_authentication","3.7.4","EEF-CVE-2026-49757"
"ash_authentication","3.7.5","EEF-CVE-2026-49757"
"ash_authentication","3.7.6","EEF-CVE-2026-49757"
"ash_authentication","3.7.8","EEF-CVE-2026-49757"
"ash_authentication","3.7.9","EEF-CVE-2026-49757"
"ash_authentication","3.8.0","EEF-CVE-2026-49757"
"ash_authentication","3.9.0","EEF-CVE-2026-49757"
"ash_authentication","3.9.1","EEF-CVE-2026-49757"
"ash_authentication","3.9.2","EEF-CVE-2026-49757"
"ash_authentication","3.9.3","EEF-CVE-2026-49757"
"ash_authentication","3.9.4","EEF-CVE-2026-49757"
"ash_authentication","3.9.5","EEF-CVE-2026-49757"
"ash_authentication","3.9.6","EEF-CVE-2026-49757"
"ash_authentication","4.0.0","EEF-CVE-2026-49757"
"ash_authentication","4.0.0-rc.0","EEF-CVE-2026-49757"
"ash_authentication","4.0.0-rc.1","EEF-CVE-2026-49757"
"ash_authentication","4.0.0-rc.2","EEF-CVE-2026-49757"
"ash_authentication","4.0.0-rc.3","EEF-CVE-2026-49757"
"ash_authentication","4.0.0-rc.5","EEF-CVE-2026-49757"
"ash_authentication","4.0.0-rc.6","EEF-CVE-2026-49757"
"ash_authentication","4.0.1","EEF-CVE-2026-49757"
"ash_authentication","4.0.2","EEF-CVE-2026-49757"
"ash_authentication","4.0.3","EEF-CVE-2026-49757"
"ash_authentication","4.0.4","EEF-CVE-2026-49757"
"ash_authentication","4.1.0","EEF-CVE-2026-49757"
"ash_authentication","4.10.0","EEF-CVE-2026-49757"
"ash_authentication","4.11.0","EEF-CVE-2026-49757"
"ash_authentication","4.12.0","EEF-CVE-2026-49757"
"ash_authentication","4.13.0","EEF-CVE-2026-49757"
"ash_authentication","4.13.1","EEF-CVE-2026-49757"
"ash_authentication","4.13.2","EEF-CVE-2026-49757"
"ash_authentication","4.13.3","EEF-CVE-2026-49757"
"ash_authentication","4.13.4","EEF-CVE-2026-49757"
"ash_authentication","4.13.5","EEF-CVE-2026-49757"
"ash_authentication","4.13.6","EEF-CVE-2026-49757"
"ash_authentication","4.13.7","EEF-CVE-2026-49757"
"ash_authentication","4.2.0","EEF-CVE-2026-49757"
"ash_authentication","4.2.1","EEF-CVE-2026-49757"
"ash_authentication","4.2.2","EEF-CVE-2026-49757"
"ash_authentication","4.2.3","EEF-CVE-2026-49757"
"ash_authentication","4.2.4","EEF-CVE-2026-49757"
"ash_authentication","4.2.5","EEF-CVE-2026-49757"
"ash_authentication","4.2.6","EEF-CVE-2026-49757"
"ash_authentication","4.2.7","EEF-CVE-2026-49757"
"ash_authentication","4.3.0","EEF-CVE-2026-49757"
"ash_authentication","4.3.1","EEF-CVE-2026-49757"
"ash_authentication","4.3.10","EEF-CVE-2026-49757"
"ash_authentication","4.3.11","EEF-CVE-2026-49757"
"ash_authentication","4.3.12","EEF-CVE-2026-49757"
"ash_authentication","4.3.2","EEF-CVE-2026-49757"
"ash_authentication","4.3.3","EEF-CVE-2026-49757"
"ash_authentication","4.3.4","EEF-CVE-2026-49757"
"ash_authentication","4.3.5","EEF-CVE-2026-49757"
"ash_authentication","4.3.6","EEF-CVE-2026-49757"
"ash_authentication","4.3.7","EEF-CVE-2026-49757"
"ash_authentication","4.3.8","EEF-CVE-2026-49757"
"ash_authentication","4.3.9","EEF-CVE-2026-49757"
"ash_authentication","4.4.0","EEF-CVE-2026-49757"
"ash_authentication","4.4.1","EEF-CVE-2026-49757"
"ash_authentication","4.4.2","EEF-CVE-2026-49757"
"ash_authentication","4.4.3","EEF-CVE-2026-49757"
"ash_authentication","4.4.4","EEF-CVE-2026-49757"
"ash_authentication","4.4.5","EEF-CVE-2026-49757"
"ash_authentication","4.4.6","EEF-CVE-2026-49757"
"ash_authentication","4.4.7","EEF-CVE-2026-49757"
"ash_authentication","4.4.8","EEF-CVE-2026-49757"
"ash_authentication","4.4.9","EEF-CVE-2026-49757"
"ash_authentication","4.5.0","EEF-CVE-2026-49757"
"ash_authentication","4.5.1","EEF-CVE-2026-49757"
"ash_authentication","4.5.2","EEF-CVE-2026-49757"
"ash_authentication","4.5.3","EEF-CVE-2026-49757"
"ash_authentication","4.5.4","EEF-CVE-2026-49757"
"ash_authentication","4.5.5","EEF-CVE-2026-49757"
"ash_authentication","4.5.6","EEF-CVE-2026-49757"
"ash_authentication","4.6.0","EEF-CVE-2026-49757"
"ash_authentication","4.6.1","EEF-CVE-2026-49757"
"ash_authentication","4.6.2","EEF-CVE-2026-49757"
"ash_authentication","4.6.3","EEF-CVE-2026-49757"
"ash_authentication","4.6.4","EEF-CVE-2026-49757"
"ash_authentication","4.7.0","EEF-CVE-2026-49757"
"ash_authentication","4.7.1","EEF-CVE-2026-49757"
"ash_authentication","4.7.2","EEF-CVE-2026-49757"
"ash_authentication","4.7.3","EEF-CVE-2026-49757"
"ash_authentication","4.7.4","EEF-CVE-2026-49757"
"ash_authentication","4.7.5","EEF-CVE-2026-49757"
"ash_authentication","4.7.6","EEF-CVE-2026-49757"
"ash_authentication","4.8.0","EEF-CVE-2026-49757"
"ash_authentication","4.8.1","EEF-CVE-2026-49757"
"ash_authentication","4.8.2","EEF-CVE-2026-49757"
"ash_authentication","4.8.3","EEF-CVE-2026-49757"
"ash_authentication","4.8.5","EEF-CVE-2026-49757"
"ash_authentication","4.8.6","EEF-CVE-2026-49757"
"ash_authentication","4.8.7","EEF-CVE-2026-49757"
"ash_authentication","4.9.0","EEF-CVE-2026-49757"
"ash_authentication","4.9.1","EEF-CVE-2026-49757"
"ash_authentication","4.9.2","EEF-CVE-2026-49757"
"ash_authentication","4.9.3","EEF-CVE-2026-49757"
"ash_authentication","4.9.4","EEF-CVE-2026-49757"
"ash_authentication","4.9.5","EEF-CVE-2026-49757"
"ash_authentication","4.9.6","EEF-CVE-2026-49757"
"ash_authentication","4.9.7","EEF-CVE-2026-49757"
"ash_authentication","4.9.8","EEF-CVE-2026-49757"
"ash_authentication","4.9.9","EEF-CVE-2026-49757"
"ash_authentication","5.0.0-rc.0","EEF-CVE-2026-49757"
"ash_authentication","5.0.0-rc.1","EEF-CVE-2026-49757"
"ash_authentication","5.0.0-rc.2","EEF-CVE-2026-49757"
"ash_authentication","5.0.0-rc.3","EEF-CVE-2026-49757"
"ash_authentication","5.0.0-rc.4","EEF-CVE-2026-49757"
"ash_authentication","5.0.0-rc.5","EEF-CVE-2026-49757"
"ash_authentication","5.0.0-rc.6","EEF-CVE-2026-49757"
"ash_authentication","5.0.0-rc.7","EEF-CVE-2026-49757"
"ash_authentication","5.0.0-rc.8","EEF-CVE-2026-49757"
"ash_authentication","5.0.0-rc.9","EEF-CVE-2026-49757"
"membrane_mp4_plugin","0.10.0","EEF-CVE-2026-53423"
"membrane_mp4_plugin","0.11.0","EEF-CVE-2026-53423"
"membrane_mp4_plugin","0.12.0","EEF-CVE-2026-53423"
"membrane_mp4_plugin","0.12.1","EEF-CVE-2026-53423"
"membrane_mp4_plugin","0.13.0","EEF-CVE-2026-53423"
"membrane_mp4_plugin","0.14.0","EEF-CVE-2026-53423"
"membrane_mp4_plugin","0.15.0","EEF-CVE-2026-53423"
"membrane_mp4_plugin","0.16.0","EEF-CVE-2026-53423"
"membrane_mp4_plugin","0.16.1","EEF-CVE-2026-53423"
"membrane_mp4_plugin","0.16.2","EEF-CVE-2026-53423"
"membrane_mp4_plugin","0.17.0","EEF-CVE-2026-53423"
"membrane_mp4_plugin","0.18.0","EEF-CVE-2026-53423"
"membrane_mp4_plugin","0.18.1","EEF-CVE-2026-53423"
"membrane_mp4_plugin","0.19.0","EEF-CVE-2026-53423"
"membrane_mp4_plugin","0.20.0","EEF-CVE-2026-53423"
"membrane_mp4_plugin","0.21.0","EEF-CVE-2026-53423"
"membrane_mp4_plugin","0.22.0","EEF-CVE-2026-53423"
"membrane_mp4_plugin","0.22.1","EEF-CVE-2026-53423"
"membrane_mp4_plugin","0.22.2","EEF-CVE-2026-53423"
"membrane_mp4_plugin","0.22.3","EEF-CVE-2026-53423"
"membrane_mp4_plugin","0.23.0","EEF-CVE-2026-53423"
"membrane_mp4_plugin","0.24.0","EEF-CVE-2026-53423"
"membrane_mp4_plugin","0.24.1","EEF-CVE-2026-53423"
"membrane_mp4_plugin","0.25.0","EEF-CVE-2026-53423"
"membrane_mp4_plugin","0.26.0","EEF-CVE-2026-53423"
"membrane_mp4_plugin","0.26.1","EEF-CVE-2026-53423"
"membrane_mp4_plugin","0.27.0","EEF-CVE-2026-53423"
"membrane_mp4_plugin","0.28.0","EEF-CVE-2026-53423"
"membrane_mp4_plugin","0.28.1","EEF-CVE-2026-53423"
"membrane_mp4_plugin","0.29.0","EEF-CVE-2026-53423"
"membrane_mp4_plugin","0.29.1","EEF-CVE-2026-53423"
"membrane_mp4_plugin","0.3.0","EEF-CVE-2026-53423"
"membrane_mp4_plugin","0.30.0","EEF-CVE-2026-53423"
"membrane_mp4_plugin","0.30.1","EEF-CVE-2026-53423"
"membrane_mp4_plugin","0.30.2","EEF-CVE-2026-53423"
"membrane_mp4_plugin","0.31.0","EEF-CVE-2026-53423"
"membrane_mp4_plugin","0.32.0","EEF-CVE-2026-53423"
"membrane_mp4_plugin","0.33.0","EEF-CVE-2026-53423"
"membrane_mp4_plugin","0.33.1","EEF-CVE-2026-53423"
"membrane_mp4_plugin","0.34.0","EEF-CVE-2026-53423"
"membrane_mp4_plugin","0.34.1","EEF-CVE-2026-53423"
"membrane_mp4_plugin","0.34.2","EEF-CVE-2026-53423"
"membrane_mp4_plugin","0.35.0","EEF-CVE-2026-53423"
"membrane_mp4_plugin","0.35.1","EEF-CVE-2026-53423"
"membrane_mp4_plugin","0.35.2","EEF-CVE-2026-53423"
"membrane_mp4_plugin","0.35.3","EEF-CVE-2026-53423"
"membrane_mp4_plugin","0.36.0","EEF-CVE-2026-53423"
"membrane_mp4_plugin","0.36.1","EEF-CVE-2026-53423"
"membrane_mp4_plugin","0.36.2","EEF-CVE-2026-53423"
"membrane_mp4_plugin","0.36.3","EEF-CVE-2026-53423"
"membrane_mp4_plugin","0.36.4","EEF-CVE-2026-53423"
"membrane_mp4_plugin","0.36.5","EEF-CVE-2026-53423"
"membrane_mp4_plugin","0.36.6","EEF-CVE-2026-53423"
"membrane_mp4_plugin","0.4.0","EEF-CVE-2026-53423"
"membrane_mp4_plugin","0.5.0","EEF-CVE-2026-53423"
"membrane_mp4_plugin","0.6.0","EEF-CVE-2026-53423"
"membrane_mp4_plugin","0.7.0","EEF-CVE-2026-53423"
"membrane_mp4_plugin","0.8.0","EEF-CVE-2026-53423"
"membrane_mp4_plugin","0.9.0","EEF-CVE-2026-53423"
"mdex","0.10.0","EEF-CVE-2026-53426"
"mdex","0.11.0","EEF-CVE-2026-53426"
"mdex","0.11.1","EEF-CVE-2026-53426"
"mdex","0.11.2","EEF-CVE-2026-53426"
"mdex","0.11.3","EEF-CVE-2026-53426"
"mdex","0.11.4","EEF-CVE-2026-53426"
"mdex","0.11.5","EEF-CVE-2026-53426"
"mdex","0.11.6","EEF-CVE-2026-53426"
"mdex","0.11.7","EEF-CVE-2026-53426"
"mdex","0.12.0","EEF-CVE-2026-53426"
"mdex","0.12.1","EEF-CVE-2026-53426"
"mdex","0.12.2","EEF-CVE-2026-53426"
"mdex","0.12.3","EEF-CVE-2026-53426"
"mdex","0.12.4","EEF-CVE-2026-53426"
"mdex","0.12.5","EEF-CVE-2026-53426"
"mdex","0.13.0","EEF-CVE-2026-53426"
"mdex","0.13.1","EEF-CVE-2026-53426"
"mdex","0.4.3","EEF-CVE-2026-53426"
"mdex","0.5.0","EEF-CVE-2026-53426"
"mdex","0.6.0","EEF-CVE-2026-53426"
"mdex","0.6.1","EEF-CVE-2026-53426"
"mdex","0.6.2","EEF-CVE-2026-53426"
"mdex","0.7.0","EEF-CVE-2026-53426"
"mdex","0.7.1","EEF-CVE-2026-53426"
"mdex","0.7.2","EEF-CVE-2026-53426"
"mdex","0.7.3","EEF-CVE-2026-53426"
"mdex","0.7.4","EEF-CVE-2026-53426"
"mdex","0.7.5","EEF-CVE-2026-53426"
"mdex","0.8.0","EEF-CVE-2026-53426"
"mdex","0.8.1","EEF-CVE-2026-53426"
"mdex","0.8.2","EEF-CVE-2026-53426"
"mdex","0.8.3","EEF-CVE-2026-53426"
"mdex","0.8.4","EEF-CVE-2026-53426"
"mdex","0.8.5","EEF-CVE-2026-53426"
"mdex","0.8.6","EEF-CVE-2026-53426"
"mdex","0.9.0","EEF-CVE-2026-53426"
"mdex","0.9.1","EEF-CVE-2026-53426"
"mdex","0.9.2","EEF-CVE-2026-53426"
"mdex","0.9.3","EEF-CVE-2026-53426"
"mdex","0.9.4","EEF-CVE-2026-53426"
"mdex","0.11.3","EEF-CVE-2026-53427"
"mdex","0.11.4","EEF-CVE-2026-53427"
"mdex","0.11.5","EEF-CVE-2026-53427"
"mdex","0.11.6","EEF-CVE-2026-53427"
"mdex","0.11.7","EEF-CVE-2026-53427"
"mdex","0.12.0","EEF-CVE-2026-53427"
"mdex","0.12.1","EEF-CVE-2026-53427"
"mdex","0.12.2","EEF-CVE-2026-53427"
"mdex_native","0.1.0","EEF-CVE-2026-53427"
"mdex_native","0.1.1","EEF-CVE-2026-53427"
"mdex_native","0.1.2","EEF-CVE-2026-53427"
"mdex_native","0.1.3","EEF-CVE-2026-53427"
"mdex_native","0.1.4","EEF-CVE-2026-53427"
"mdex_native","0.1.5","EEF-CVE-2026-53427"
"mdex_native","0.2.0","EEF-CVE-2026-53427"
"mdex_native","0.2.1","EEF-CVE-2026-53427"
"mdex_native","0.2.2","EEF-CVE-2026-53427"
"mdex","0.11.0","EEF-CVE-2026-53428"
"mdex","0.11.1","EEF-CVE-2026-53428"
"mdex","0.11.2","EEF-CVE-2026-53428"
"mdex","0.11.3","EEF-CVE-2026-53428"
"mdex","0.11.4","EEF-CVE-2026-53428"
"mdex","0.11.5","EEF-CVE-2026-53428"
"mdex","0.11.6","EEF-CVE-2026-53428"
"mdex","0.11.7","EEF-CVE-2026-53428"
"mdex","0.12.0","EEF-CVE-2026-53428"
"mdex","0.12.1","EEF-CVE-2026-53428"
"mdex","0.12.2","EEF-CVE-2026-53428"
"mdex_native","0.1.0","EEF-CVE-2026-53428"
"mdex_native","0.1.1","EEF-CVE-2026-53428"
"mdex_native","0.1.2","EEF-CVE-2026-53428"
"mdex_native","0.1.3","EEF-CVE-2026-53428"
"mdex_native","0.1.4","EEF-CVE-2026-53428"
"mdex_native","0.1.5","EEF-CVE-2026-53428"
"mdex_native","0.2.0","EEF-CVE-2026-53428"
"mdex_native","0.2.1","EEF-CVE-2026-53428"
"mdex_native","0.2.2","EEF-CVE-2026-53428"
"mdex","0.11.0","EEF-CVE-2026-53429"
"mdex","0.11.1","EEF-CVE-2026-53429"
"mdex","0.11.2","EEF-CVE-2026-53429"
"mdex","0.11.3","EEF-CVE-2026-53429"
"mdex","0.11.4","EEF-CVE-2026-53429"
"mdex","0.11.5","EEF-CVE-2026-53429"
"mdex","0.11.6","EEF-CVE-2026-53429"
"mdex","0.11.7","EEF-CVE-2026-53429"
"mdex","0.12.0","EEF-CVE-2026-53429"
"mdex","0.12.1","EEF-CVE-2026-53429"
"mdex","0.12.2","EEF-CVE-2026-53429"
"mdex_native","0.1.0","EEF-CVE-2026-53429"
"mdex_native","0.1.1","EEF-CVE-2026-53429"
"mdex_native","0.1.2","EEF-CVE-2026-53429"
"mdex_native","0.1.3","EEF-CVE-2026-53429"
"mdex_native","0.1.4","EEF-CVE-2026-53429"
"mdex_native","0.1.5","EEF-CVE-2026-53429"
"mdex_native","0.2.0","EEF-CVE-2026-53429"
"mdex_native","0.2.1","EEF-CVE-2026-53429"
"mdex_native","0.2.2","EEF-CVE-2026-53429"
"grpc","0.10.0","EEF-CVE-2026-53430"
"grpc","0.10.1","EEF-CVE-2026-53430"
"grpc","0.10.2","EEF-CVE-2026-53430"
"grpc","0.11.0","EEF-CVE-2026-53430"
"grpc","0.11.1","EEF-CVE-2026-53430"
"grpc","0.11.2","EEF-CVE-2026-53430"
"grpc","0.11.3","EEF-CVE-2026-53430"
"grpc","0.11.4","EEF-CVE-2026-53430"
"grpc","0.11.5","EEF-CVE-2026-53430"
"grpc","0.5.0","EEF-CVE-2026-53430"
"grpc","0.5.0-beta","EEF-CVE-2026-53430"
"grpc","0.5.0-beta.1","EEF-CVE-2026-53430"
"grpc","0.6.0","EEF-CVE-2026-53430"
"grpc","0.7.0","EEF-CVE-2026-53430"
"grpc","0.8.0","EEF-CVE-2026-53430"
"grpc","0.8.1","EEF-CVE-2026-53430"
"grpc","0.9.0","EEF-CVE-2026-53430"
"grpc","1.0.0-rc.1","EEF-CVE-2026-53430"
"boruta","2.3.0","EEF-CVE-2026-53431"
"boruta","2.3.1","EEF-CVE-2026-53431"
"boruta","2.3.2","EEF-CVE-2026-53431"
"boruta","2.3.3","EEF-CVE-2026-53431"
"boruta","2.3.4","EEF-CVE-2026-53431"
"boruta","2.3.5","EEF-CVE-2026-53431"
"boruta","2.3.6","EEF-CVE-2026-53431"
"boruta","2.3.2","EEF-CVE-2026-54885"
"boruta","2.3.3","EEF-CVE-2026-54885"
"boruta","2.3.4","EEF-CVE-2026-54885"
"boruta","2.3.5","EEF-CVE-2026-54885"
"boruta","2.3.6","EEF-CVE-2026-54885"
"mdex","0.10.0","EEF-CVE-2026-54888"
"mdex","0.11.0","EEF-CVE-2026-54888"
"mdex","0.11.1","EEF-CVE-2026-54888"
"mdex","0.11.2","EEF-CVE-2026-54888"
"mdex","0.11.3","EEF-CVE-2026-54888"
"mdex","0.11.4","EEF-CVE-2026-54888"
"mdex","0.11.5","EEF-CVE-2026-54888"
"mdex","0.11.6","EEF-CVE-2026-54888"
"mdex","0.11.7","EEF-CVE-2026-54888"
"mdex","0.12.0","EEF-CVE-2026-54888"
"mdex","0.12.1","EEF-CVE-2026-54888"
"mdex","0.12.2","EEF-CVE-2026-54888"
"mdex","0.3.0","EEF-CVE-2026-54888"
"mdex","0.3.1","EEF-CVE-2026-54888"
"mdex","0.3.2","EEF-CVE-2026-54888"
"mdex","0.3.3","EEF-CVE-2026-54888"
"mdex","0.4.0","EEF-CVE-2026-54888"
"mdex","0.4.1","EEF-CVE-2026-54888"
"mdex","0.4.2","EEF-CVE-2026-54888"
"mdex","0.4.3","EEF-CVE-2026-54888"
"mdex","0.5.0","EEF-CVE-2026-54888"
"mdex","0.6.0","EEF-CVE-2026-54888"
"mdex","0.6.1","EEF-CVE-2026-54888"
"mdex","0.6.2","EEF-CVE-2026-54888"
"mdex","0.7.0","EEF-CVE-2026-54888"
"mdex","0.7.1","EEF-CVE-2026-54888"
"mdex","0.7.2","EEF-CVE-2026-54888"
"mdex","0.7.3","EEF-CVE-2026-54888"
"mdex","0.7.4","EEF-CVE-2026-54888"
"mdex","0.7.5","EEF-CVE-2026-54888"
"mdex","0.8.0","EEF-CVE-2026-54888"
"mdex","0.8.1","EEF-CVE-2026-54888"
"mdex","0.8.2","EEF-CVE-2026-54888"
"mdex","0.8.3","EEF-CVE-2026-54888"
"mdex","0.8.4","EEF-CVE-2026-54888"
"mdex","0.8.5","EEF-CVE-2026-54888"
"mdex","0.8.6","EEF-CVE-2026-54888"
"mdex","0.9.0","EEF-CVE-2026-54888"
"mdex","0.9.1","EEF-CVE-2026-54888"
"mdex","0.9.2","EEF-CVE-2026-54888"
"mdex","0.9.3","EEF-CVE-2026-54888"
"mdex","0.9.4","EEF-CVE-2026-54888"
"mdex_native","0.1.0","EEF-CVE-2026-54888"
"mdex_native","0.1.1","EEF-CVE-2026-54888"
"mdex_native","0.1.2","EEF-CVE-2026-54888"
"mdex_native","0.1.3","EEF-CVE-2026-54888"
"mdex_native","0.1.4","EEF-CVE-2026-54888"
"mdex_native","0.1.5","EEF-CVE-2026-54888"
"mdex_native","0.2.0","EEF-CVE-2026-54888"
"mdex_native","0.2.1","EEF-CVE-2026-54888"
"mdex_native","0.2.2","EEF-CVE-2026-54888"
"mdex","0.10.0","EEF-CVE-2026-54889"
"mdex","0.11.0","EEF-CVE-2026-54889"
"mdex","0.11.1","EEF-CVE-2026-54889"
"mdex","0.11.2","EEF-CVE-2026-54889"
"mdex","0.11.3","EEF-CVE-2026-54889"
"mdex","0.11.4","EEF-CVE-2026-54889"
"mdex","0.11.5","EEF-CVE-2026-54889"
"mdex","0.11.6","EEF-CVE-2026-54889"
"mdex","0.11.7","EEF-CVE-2026-54889"
"mdex","0.12.0","EEF-CVE-2026-54889"
"mdex","0.12.1","EEF-CVE-2026-54889"
"mdex","0.12.2","EEF-CVE-2026-54889"
"mdex","0.12.3","EEF-CVE-2026-54889"
"mdex","0.12.4","EEF-CVE-2026-54889"
"mdex","0.12.5","EEF-CVE-2026-54889"
"mdex","0.13.0","EEF-CVE-2026-54889"
"mdex","0.13.1","EEF-CVE-2026-54889"
"mdex","0.8.3","EEF-CVE-2026-54889"
"mdex","0.8.4","EEF-CVE-2026-54889"
"mdex","0.8.5","EEF-CVE-2026-54889"
"mdex","0.8.6","EEF-CVE-2026-54889"
"mdex","0.9.0","EEF-CVE-2026-54889"
"mdex","0.9.1","EEF-CVE-2026-54889"
"mdex","0.9.2","EEF-CVE-2026-54889"
"mdex","0.9.3","EEF-CVE-2026-54889"
"mdex","0.9.4","EEF-CVE-2026-54889"
"plug","1.15.0","EEF-CVE-2026-54892"
"plug","1.15.1","EEF-CVE-2026-54892"
"plug","1.15.2","EEF-CVE-2026-54892"
"plug","1.15.3","EEF-CVE-2026-54892"
"plug","1.15.4","EEF-CVE-2026-54892"
"plug","1.16.0","EEF-CVE-2026-54892"
"plug","1.16.1","EEF-CVE-2026-54892"
"plug","1.16.2","EEF-CVE-2026-54892"
"plug","1.16.3","EEF-CVE-2026-54892"
"plug","1.17.0","EEF-CVE-2026-54892"
"plug","1.17.1","EEF-CVE-2026-54892"
"plug","1.18.0","EEF-CVE-2026-54892"
"plug","1.18.1","EEF-CVE-2026-54892"
"plug","1.18.2","EEF-CVE-2026-54892"
"plug","1.19.0","EEF-CVE-2026-54892"
"plug","1.19.1","EEF-CVE-2026-54892"
"plug","1.19.2","EEF-CVE-2026-54892"
"swoosh","1.12.0","EEF-CVE-2026-54893"
"swoosh","1.13.0","EEF-CVE-2026-54893"
"swoosh","1.14.0","EEF-CVE-2026-54893"
"swoosh","1.14.1","EEF-CVE-2026-54893"
"swoosh","1.14.2","EEF-CVE-2026-54893"
"swoosh","1.14.3","EEF-CVE-2026-54893"
"swoosh","1.14.4","EEF-CVE-2026-54893"
"swoosh","1.15.0","EEF-CVE-2026-54893"
"swoosh","1.15.1","EEF-CVE-2026-54893"
"swoosh","1.15.2","EEF-CVE-2026-54893"
"swoosh","1.15.3","EEF-CVE-2026-54893"
"swoosh","1.16.0","EEF-CVE-2026-54893"
"swoosh","1.16.1","EEF-CVE-2026-54893"
"swoosh","1.16.10","EEF-CVE-2026-54893"
"swoosh","1.16.11","EEF-CVE-2026-54893"
"swoosh","1.16.12","EEF-CVE-2026-54893"
"swoosh","1.16.2","EEF-CVE-2026-54893"
"swoosh","1.16.3","EEF-CVE-2026-54893"
"swoosh","1.16.4","EEF-CVE-2026-54893"
"swoosh","1.16.5","EEF-CVE-2026-54893"
"swoosh","1.16.6","EEF-CVE-2026-54893"
"swoosh","1.16.7","EEF-CVE-2026-54893"
"swoosh","1.16.8","EEF-CVE-2026-54893"
"swoosh","1.16.9","EEF-CVE-2026-54893"
"swoosh","1.17.0","EEF-CVE-2026-54893"
"swoosh","1.17.1","EEF-CVE-2026-54893"
"swoosh","1.17.10","EEF-CVE-2026-54893"
"swoosh","1.17.2","EEF-CVE-2026-54893"
"swoosh","1.17.3","EEF-CVE-2026-54893"
"swoosh","1.17.4","EEF-CVE-2026-54893"
"swoosh","1.17.5","EEF-CVE-2026-54893"
"swoosh","1.17.6","EEF-CVE-2026-54893"
"swoosh","1.17.7","EEF-CVE-2026-54893"
"swoosh","1.17.8","EEF-CVE-2026-54893"
"swoosh","1.17.9","EEF-CVE-2026-54893"
"swoosh","1.18.0","EEF-CVE-2026-54893"
"swoosh","1.18.1","EEF-CVE-2026-54893"
"swoosh","1.18.2","EEF-CVE-2026-54893"
"swoosh","1.18.3","EEF-CVE-2026-54893"
"swoosh","1.18.4","EEF-CVE-2026-54893"
"swoosh","1.19.0","EEF-CVE-2026-54893"
"swoosh","1.19.1","EEF-CVE-2026-54893"
"swoosh","1.19.2","EEF-CVE-2026-54893"
"swoosh","1.19.3","EEF-CVE-2026-54893"
"swoosh","1.19.4","EEF-CVE-2026-54893"
"swoosh","1.19.5","EEF-CVE-2026-54893"
"swoosh","1.19.6","EEF-CVE-2026-54893"
"swoosh","1.19.7","EEF-CVE-2026-54893"
"swoosh","1.19.8","EEF-CVE-2026-54893"
"swoosh","1.19.9","EEF-CVE-2026-54893"
"swoosh","1.20.0","EEF-CVE-2026-54893"
"swoosh","1.20.1","EEF-CVE-2026-54893"
"swoosh","1.21.0","EEF-CVE-2026-54893"
"swoosh","1.22.0","EEF-CVE-2026-54893"
"swoosh","1.22.1","EEF-CVE-2026-54893"
"swoosh","1.23.0","EEF-CVE-2026-54893"
"swoosh","1.23.1","EEF-CVE-2026-54893"
"swoosh","1.24.0","EEF-CVE-2026-54893"
"swoosh","1.25.0","EEF-CVE-2026-54893"
"swoosh","1.25.1","EEF-CVE-2026-54893"
"swoosh","1.25.2","EEF-CVE-2026-54893"
"swoosh","1.25.3","EEF-CVE-2026-54893"
"swoosh","1.26.0","EEF-CVE-2026-54893"
"swoosh","1.26.1","EEF-CVE-2026-54893"
"swoosh","1.26.2","EEF-CVE-2026-54893"
"guardian","0.1.0","EEF-CVE-2026-54894"
"guardian","0.1.1","EEF-CVE-2026-54894"
"guardian","0.10.0","EEF-CVE-2026-54894"
"guardian","0.10.1","EEF-CVE-2026-54894"
"guardian","0.11.1","EEF-CVE-2026-54894"
"guardian","0.12.0","EEF-CVE-2026-54894"
"guardian","0.13.0","EEF-CVE-2026-54894"
"guardian","0.14.0","EEF-CVE-2026-54894"
"guardian","0.14.1","EEF-CVE-2026-54894"
"guardian","0.14.2","EEF-CVE-2026-54894"
"guardian","0.14.3","EEF-CVE-2026-54894"
"guardian","0.14.4","EEF-CVE-2026-54894"
"guardian","0.14.5","EEF-CVE-2026-54894"
"guardian","0.14.6","EEF-CVE-2026-54894"
"guardian","0.2.0","EEF-CVE-2026-54894"
"guardian","0.3.0","EEF-CVE-2026-54894"
"guardian","0.3.1","EEF-CVE-2026-54894"
"guardian","0.4.0","EEF-CVE-2026-54894"
"guardian","0.4.1","EEF-CVE-2026-54894"
"guardian","0.5.0","EEF-CVE-2026-54894"
"guardian","0.5.2","EEF-CVE-2026-54894"
"guardian","0.6.0","EEF-CVE-2026-54894"
"guardian","0.6.1","EEF-CVE-2026-54894"
"guardian","0.6.2","EEF-CVE-2026-54894"
"guardian","0.6.3","EEF-CVE-2026-54894"
"guardian","0.7.0","EEF-CVE-2026-54894"
"guardian","0.7.1","EEF-CVE-2026-54894"
"guardian","0.7.2","EEF-CVE-2026-54894"
"guardian","0.7.4","EEF-CVE-2026-54894"
"guardian","0.8.0","EEF-CVE-2026-54894"
"guardian","0.8.1","EEF-CVE-2026-54894"
"guardian","0.9.0","EEF-CVE-2026-54894"
"guardian","0.9.1","EEF-CVE-2026-54894"
"guardian","1.0.0","EEF-CVE-2026-54894"
"guardian","1.0.0-beta.0","EEF-CVE-2026-54894"
"guardian","1.0.0-beta.1","EEF-CVE-2026-54894"
"guardian","1.0.1","EEF-CVE-2026-54894"
"guardian","1.1.0","EEF-CVE-2026-54894"
"guardian","1.1.1","EEF-CVE-2026-54894"
"guardian","1.2.0","EEF-CVE-2026-54894"
"guardian","1.2.1","EEF-CVE-2026-54894"
"guardian","2.0.0","EEF-CVE-2026-54894"
"guardian","2.1.1","EEF-CVE-2026-54894"
"guardian","2.1.2","EEF-CVE-2026-54894"
"guardian","2.2.0","EEF-CVE-2026-54894"
"guardian","2.2.1","EEF-CVE-2026-54894"
"guardian","2.2.2","EEF-CVE-2026-54894"
"guardian","2.2.3","EEF-CVE-2026-54894"
"guardian","2.2.4","EEF-CVE-2026-54894"
"guardian","2.3.0","EEF-CVE-2026-54894"
"guardian","2.3.1","EEF-CVE-2026-54894"
"guardian","2.3.2","EEF-CVE-2026-54894"
"guardian","2.4.0","EEF-CVE-2026-54894"
"guardian","2.0.0","EEF-CVE-2026-55733"
"guardian","2.1.1","EEF-CVE-2026-55733"
"guardian","2.1.2","EEF-CVE-2026-55733"
"guardian","2.2.0","EEF-CVE-2026-55733"
"guardian","2.2.1","EEF-CVE-2026-55733"
"guardian","2.2.2","EEF-CVE-2026-55733"
"guardian","2.2.3","EEF-CVE-2026-55733"
"guardian","2.2.4","EEF-CVE-2026-55733"
"guardian","2.3.0","EEF-CVE-2026-55733"
"guardian","2.3.1","EEF-CVE-2026-55733"
"guardian","2.3.2","EEF-CVE-2026-55733"
"guardian","2.4.0","EEF-CVE-2026-55733"
"guardian","2.0.0","EEF-CVE-2026-55734"
"guardian","2.1.1","EEF-CVE-2026-55734"
"guardian","2.1.2","EEF-CVE-2026-55734"
"guardian","2.2.0","EEF-CVE-2026-55734"
"guardian","2.2.1","EEF-CVE-2026-55734"
"guardian","2.2.2","EEF-CVE-2026-55734"
"guardian","2.2.3","EEF-CVE-2026-55734"
"guardian","2.2.4","EEF-CVE-2026-55734"
"guardian","2.3.0","EEF-CVE-2026-55734"
"guardian","2.3.1","EEF-CVE-2026-55734"
"guardian","2.3.2","EEF-CVE-2026-55734"
"guardian","2.4.0","EEF-CVE-2026-55734"
"guardian","1.0.0","EEF-CVE-2026-55735"
"guardian","1.0.1","EEF-CVE-2026-55735"
"guardian","1.1.0","EEF-CVE-2026-55735"
"guardian","1.1.1","EEF-CVE-2026-55735"
"guardian","1.2.0","EEF-CVE-2026-55735"
"guardian","1.2.1","EEF-CVE-2026-55735"
"guardian","2.0.0","EEF-CVE-2026-55735"
"guardian","2.1.1","EEF-CVE-2026-55735"
"guardian","2.1.2","EEF-CVE-2026-55735"
"guardian","2.2.0","EEF-CVE-2026-55735"
"guardian","2.2.1","EEF-CVE-2026-55735"
"guardian","2.2.2","EEF-CVE-2026-55735"
"guardian","2.2.3","EEF-CVE-2026-55735"
"guardian","2.2.4","EEF-CVE-2026-55735"
"guardian","2.3.0","EEF-CVE-2026-55735"
"guardian","2.3.1","EEF-CVE-2026-55735"
"guardian","2.3.2","EEF-CVE-2026-55735"
"guardian","2.4.0","EEF-CVE-2026-55735"
"ash","3.0.0","EEF-CVE-2026-55736"
"ash","3.0.1","EEF-CVE-2026-55736"
"ash","3.0.10","EEF-CVE-2026-55736"
"ash","3.0.11","EEF-CVE-2026-55736"
"ash","3.0.12","EEF-CVE-2026-55736"
"ash","3.0.13","EEF-CVE-2026-55736"
"ash","3.0.14","EEF-CVE-2026-55736"
"ash","3.0.15","EEF-CVE-2026-55736"
"ash","3.0.16","EEF-CVE-2026-55736"
"ash","3.0.2","EEF-CVE-2026-55736"
"ash","3.0.3","EEF-CVE-2026-55736"
"ash","3.0.4","EEF-CVE-2026-55736"
"ash","3.0.5","EEF-CVE-2026-55736"
"ash","3.0.6","EEF-CVE-2026-55736"
"ash","3.0.7","EEF-CVE-2026-55736"
"ash","3.0.8","EEF-CVE-2026-55736"
"ash","3.0.9","EEF-CVE-2026-55736"
"ash","3.1.0","EEF-CVE-2026-55736"
"ash","3.1.1","EEF-CVE-2026-55736"
"ash","3.1.2","EEF-CVE-2026-55736"
"ash","3.1.3","EEF-CVE-2026-55736"
"ash","3.1.4","EEF-CVE-2026-55736"
"ash","3.1.5","EEF-CVE-2026-55736"
"ash","3.1.6","EEF-CVE-2026-55736"
"ash","3.1.7","EEF-CVE-2026-55736"
"ash","3.1.8","EEF-CVE-2026-55736"
"ash","3.10.0","EEF-CVE-2026-55736"
"ash","3.10.1","EEF-CVE-2026-55736"
"ash","3.11.0","EEF-CVE-2026-55736"
"ash","3.11.1","EEF-CVE-2026-55736"
"ash","3.11.2","EEF-CVE-2026-55736"
"ash","3.11.3","EEF-CVE-2026-55736"
"ash","3.12.0","EEF-CVE-2026-55736"
"ash","3.13.0","EEF-CVE-2026-55736"
"ash","3.13.1","EEF-CVE-2026-55736"
"ash","3.13.2","EEF-CVE-2026-55736"
"ash","3.14.0","EEF-CVE-2026-55736"
"ash","3.14.1","EEF-CVE-2026-55736"
"ash","3.15.0","EEF-CVE-2026-55736"
"ash","3.16.0","EEF-CVE-2026-55736"
"ash","3.17.0","EEF-CVE-2026-55736"
"ash","3.17.1","EEF-CVE-2026-55736"
"ash","3.18.0","EEF-CVE-2026-55736"
"ash","3.19.0","EEF-CVE-2026-55736"
"ash","3.19.1","EEF-CVE-2026-55736"
"ash","3.19.2","EEF-CVE-2026-55736"
"ash","3.19.3","EEF-CVE-2026-55736"
"ash","3.2.0","EEF-CVE-2026-55736"
"ash","3.2.1","EEF-CVE-2026-55736"
"ash","3.2.2","EEF-CVE-2026-55736"
"ash","3.2.3","EEF-CVE-2026-55736"
"ash","3.2.4","EEF-CVE-2026-55736"
"ash","3.2.5","EEF-CVE-2026-55736"
"ash","3.2.6","EEF-CVE-2026-55736"
"ash","3.20.0","EEF-CVE-2026-55736"
"ash","3.21.0","EEF-CVE-2026-55736"
"ash","3.21.1","EEF-CVE-2026-55736"
"ash","3.21.2","EEF-CVE-2026-55736"
"ash","3.21.3","EEF-CVE-2026-55736"
"ash","3.22.0","EEF-CVE-2026-55736"
"ash","3.22.1","EEF-CVE-2026-55736"
"ash","3.22.2","EEF-CVE-2026-55736"
"ash","3.23.0","EEF-CVE-2026-55736"
"ash","3.23.1","EEF-CVE-2026-55736"
"ash","3.24.0","EEF-CVE-2026-55736"
"ash","3.24.1","EEF-CVE-2026-55736"
"ash","3.24.2","EEF-CVE-2026-55736"
"ash","3.24.3","EEF-CVE-2026-55736"
"ash","3.24.4","EEF-CVE-2026-55736"
"ash","3.24.5","EEF-CVE-2026-55736"
"ash","3.24.6","EEF-CVE-2026-55736"
"ash","3.24.7","EEF-CVE-2026-55736"
"ash","3.25.0","EEF-CVE-2026-55736"
"ash","3.25.1","EEF-CVE-2026-55736"
"ash","3.25.2","EEF-CVE-2026-55736"
"ash","3.26.0","EEF-CVE-2026-55736"
"ash","3.27.0","EEF-CVE-2026-55736"
"ash","3.27.1","EEF-CVE-2026-55736"
"ash","3.27.2","EEF-CVE-2026-55736"
"ash","3.27.3","EEF-CVE-2026-55736"
"ash","3.27.4","EEF-CVE-2026-55736"
"ash","3.27.5","EEF-CVE-2026-55736"
"ash","3.27.6","EEF-CVE-2026-55736"
"ash","3.27.7","EEF-CVE-2026-55736"
"ash","3.27.8","EEF-CVE-2026-55736"
"ash","3.28.0","EEF-CVE-2026-55736"
"ash","3.29.0","EEF-CVE-2026-55736"
"ash","3.29.1","EEF-CVE-2026-55736"
"ash","3.29.2","EEF-CVE-2026-55736"
"ash","3.3.0","EEF-CVE-2026-55736"
"ash","3.3.1","EEF-CVE-2026-55736"
"ash","3.3.2","EEF-CVE-2026-55736"
"ash","3.3.3","EEF-CVE-2026-55736"
"ash","3.4.0","EEF-CVE-2026-55736"
"ash","3.4.1","EEF-CVE-2026-55736"
"ash","3.4.10","EEF-CVE-2026-55736"
"ash","3.4.11","EEF-CVE-2026-55736"
"ash","3.4.12","EEF-CVE-2026-55736"
"ash","3.4.13","EEF-CVE-2026-55736"
"ash","3.4.14","EEF-CVE-2026-55736"
"ash","3.4.15","EEF-CVE-2026-55736"
"ash","3.4.16","EEF-CVE-2026-55736"
"ash","3.4.17","EEF-CVE-2026-55736"
"ash","3.4.18","EEF-CVE-2026-55736"
"ash","3.4.19","EEF-CVE-2026-55736"
"ash","3.4.2","EEF-CVE-2026-55736"
"ash","3.4.20","EEF-CVE-2026-55736"
"ash","3.4.21","EEF-CVE-2026-55736"
"ash","3.4.22","EEF-CVE-2026-55736"
"ash","3.4.23","EEF-CVE-2026-55736"
"ash","3.4.24","EEF-CVE-2026-55736"
"ash","3.4.25","EEF-CVE-2026-55736"
"ash","3.4.26","EEF-CVE-2026-55736"
"ash","3.4.27","EEF-CVE-2026-55736"
"ash","3.4.28","EEF-CVE-2026-55736"
"ash","3.4.29","EEF-CVE-2026-55736"
"ash","3.4.3","EEF-CVE-2026-55736"
"ash","3.4.30","EEF-CVE-2026-55736"
"ash","3.4.31","EEF-CVE-2026-55736"
"ash","3.4.32","EEF-CVE-2026-55736"
"ash","3.4.33","EEF-CVE-2026-55736"
"ash","3.4.34","EEF-CVE-2026-55736"
"ash","3.4.35","EEF-CVE-2026-55736"
"ash","3.4.36","EEF-CVE-2026-55736"
"ash","3.4.37","EEF-CVE-2026-55736"
"ash","3.4.38","EEF-CVE-2026-55736"
"ash","3.4.39","EEF-CVE-2026-55736"
"ash","3.4.4","EEF-CVE-2026-55736"
"ash","3.4.40","EEF-CVE-2026-55736"
"ash","3.4.41","EEF-CVE-2026-55736"
"ash","3.4.42","EEF-CVE-2026-55736"
"ash","3.4.43","EEF-CVE-2026-55736"
"ash","3.4.44","EEF-CVE-2026-55736"
"ash","3.4.45","EEF-CVE-2026-55736"
"ash","3.4.46","EEF-CVE-2026-55736"
"ash","3.4.47","EEF-CVE-2026-55736"
"ash","3.4.48","EEF-CVE-2026-55736"
"ash","3.4.49","EEF-CVE-2026-55736"
"ash","3.4.5","EEF-CVE-2026-55736"
"ash","3.4.50","EEF-CVE-2026-55736"
"ash","3.4.51","EEF-CVE-2026-55736"
"ash","3.4.52","EEF-CVE-2026-55736"
"ash","3.4.53","EEF-CVE-2026-55736"
"ash","3.4.54","EEF-CVE-2026-55736"
"ash","3.4.55","EEF-CVE-2026-55736"
"ash","3.4.56","EEF-CVE-2026-55736"
"ash","3.4.57","EEF-CVE-2026-55736"
"ash","3.4.58","EEF-CVE-2026-55736"
"ash","3.4.59","EEF-CVE-2026-55736"
"ash","3.4.6","EEF-CVE-2026-55736"
"ash","3.4.60","EEF-CVE-2026-55736"
"ash","3.4.61","EEF-CVE-2026-55736"
"ash","3.4.62","EEF-CVE-2026-55736"
"ash","3.4.63","EEF-CVE-2026-55736"
"ash","3.4.64","EEF-CVE-2026-55736"
"ash","3.4.65","EEF-CVE-2026-55736"
"ash","3.4.66","EEF-CVE-2026-55736"
"ash","3.4.67","EEF-CVE-2026-55736"
"ash","3.4.68","EEF-CVE-2026-55736"
"ash","3.4.69","EEF-CVE-2026-55736"
"ash","3.4.7","EEF-CVE-2026-55736"
"ash","3.4.70","EEF-CVE-2026-55736"
"ash","3.4.71","EEF-CVE-2026-55736"
"ash","3.4.72","EEF-CVE-2026-55736"
"ash","3.4.73","EEF-CVE-2026-55736"
"ash","3.4.74","EEF-CVE-2026-55736"
"ash","3.4.8","EEF-CVE-2026-55736"
"ash","3.4.9","EEF-CVE-2026-55736"
"ash","3.5.0","EEF-CVE-2026-55736"
"ash","3.5.1","EEF-CVE-2026-55736"
"ash","3.5.10","EEF-CVE-2026-55736"
"ash","3.5.11","EEF-CVE-2026-55736"
"ash","3.5.12","EEF-CVE-2026-55736"
"ash","3.5.13","EEF-CVE-2026-55736"
"ash","3.5.14","EEF-CVE-2026-55736"
"ash","3.5.15","EEF-CVE-2026-55736"
"ash","3.5.16","EEF-CVE-2026-55736"
"ash","3.5.17","EEF-CVE-2026-55736"
"ash","3.5.18","EEF-CVE-2026-55736"
"ash","3.5.19","EEF-CVE-2026-55736"
"ash","3.5.2","EEF-CVE-2026-55736"
"ash","3.5.20","EEF-CVE-2026-55736"
"ash","3.5.21","EEF-CVE-2026-55736"
"ash","3.5.22","EEF-CVE-2026-55736"
"ash","3.5.23","EEF-CVE-2026-55736"
"ash","3.5.24","EEF-CVE-2026-55736"
"ash","3.5.25","EEF-CVE-2026-55736"
"ash","3.5.26","EEF-CVE-2026-55736"
"ash","3.5.27","EEF-CVE-2026-55736"
"ash","3.5.28","EEF-CVE-2026-55736"
"ash","3.5.29","EEF-CVE-2026-55736"
"ash","3.5.3","EEF-CVE-2026-55736"
"ash","3.5.30","EEF-CVE-2026-55736"
"ash","3.5.31","EEF-CVE-2026-55736"
"ash","3.5.32","EEF-CVE-2026-55736"
"ash","3.5.33","EEF-CVE-2026-55736"
"ash","3.5.34","EEF-CVE-2026-55736"
"ash","3.5.35","EEF-CVE-2026-55736"
"ash","3.5.36","EEF-CVE-2026-55736"
"ash","3.5.37","EEF-CVE-2026-55736"
"ash","3.5.38","EEF-CVE-2026-55736"
"ash","3.5.39","EEF-CVE-2026-55736"
"ash","3.5.4","EEF-CVE-2026-55736"
"ash","3.5.40","EEF-CVE-2026-55736"
"ash","3.5.41","EEF-CVE-2026-55736"
"ash","3.5.42","EEF-CVE-2026-55736"
"ash","3.5.43","EEF-CVE-2026-55736"
"ash","3.5.5","EEF-CVE-2026-55736"
"ash","3.5.6","EEF-CVE-2026-55736"
"ash","3.5.7","EEF-CVE-2026-55736"
"ash","3.5.8","EEF-CVE-2026-55736"
"ash","3.5.9","EEF-CVE-2026-55736"
"ash","3.6.0","EEF-CVE-2026-55736"
"ash","3.6.1","EEF-CVE-2026-55736"
"ash","3.6.2","EEF-CVE-2026-55736"
"ash","3.6.3","EEF-CVE-2026-55736"
"ash","3.7.0","EEF-CVE-2026-55736"
"ash","3.7.1","EEF-CVE-2026-55736"
"ash","3.7.2","EEF-CVE-2026-55736"
"ash","3.7.3","EEF-CVE-2026-55736"
"ash","3.7.4","EEF-CVE-2026-55736"
"ash","3.7.5","EEF-CVE-2026-55736"
"ash","3.7.6","EEF-CVE-2026-55736"
"ash","3.8.0","EEF-CVE-2026-55736"
"ash","3.9.0","EEF-CVE-2026-55736"
"ueberauth_apple","0.1.0","EEF-CVE-2026-55954"
"ueberauth_apple","0.2.0","EEF-CVE-2026-55954"
"ueberauth_apple","0.3.0","EEF-CVE-2026-55954"
"ueberauth_apple","0.4.0","EEF-CVE-2026-55954"
"ueberauth_apple","0.6.0","EEF-CVE-2026-55954"
"ueberauth_apple","0.6.1","EEF-CVE-2026-55954"
"mint","0.5.0","EEF-CVE-2026-56810"
"mint","1.0.0","EEF-CVE-2026-56810"
"mint","1.1.0","EEF-CVE-2026-56810"
"mint","1.2.0","EEF-CVE-2026-56810"
"mint","1.2.1","EEF-CVE-2026-56810"
"mint","1.3.0","EEF-CVE-2026-56810"
"mint","1.4.0","EEF-CVE-2026-56810"
"mint","1.4.1","EEF-CVE-2026-56810"
"mint","1.4.2","EEF-CVE-2026-56810"
"mint","1.5.0","EEF-CVE-2026-56810"
"mint","1.5.1","EEF-CVE-2026-56810"
"mint","1.5.2","EEF-CVE-2026-56810"
"mint","1.6.0","EEF-CVE-2026-56810"
"mint","1.6.1","EEF-CVE-2026-56810"
"mint","1.6.2","EEF-CVE-2026-56810"
"mint","1.7.0","EEF-CVE-2026-56810"
"mint","1.7.1","EEF-CVE-2026-56810"
"mint","1.8.0","EEF-CVE-2026-56810"
"mint","1.9.0","EEF-CVE-2026-56810"
"phoenix","0.11.0","EEF-CVE-2026-56811"
"phoenix","0.12.0","EEF-CVE-2026-56811"
"phoenix","0.13.0","EEF-CVE-2026-56811"
"phoenix","0.13.1","EEF-CVE-2026-56811"
"phoenix","0.14.0","EEF-CVE-2026-56811"
"phoenix","0.15.0","EEF-CVE-2026-56811"
"phoenix","0.16.0","EEF-CVE-2026-56811"
"phoenix","0.16.1","EEF-CVE-2026-56811"
"phoenix","0.17.0","EEF-CVE-2026-56811"
"phoenix","0.17.1","EEF-CVE-2026-56811"
"phoenix","1.0.0","EEF-CVE-2026-56811"
"phoenix","1.0.1","EEF-CVE-2026-56811"
"phoenix","1.0.2","EEF-CVE-2026-56811"
"phoenix","1.0.3","EEF-CVE-2026-56811"
"phoenix","1.0.4","EEF-CVE-2026-56811"
"phoenix","1.0.5","EEF-CVE-2026-56811"
"phoenix","1.0.6","EEF-CVE-2026-56811"
"phoenix","1.1.0","EEF-CVE-2026-56811"
"phoenix","1.1.1","EEF-CVE-2026-56811"
"phoenix","1.1.2","EEF-CVE-2026-56811"
"phoenix","1.1.3","EEF-CVE-2026-56811"
"phoenix","1.1.4","EEF-CVE-2026-56811"
"phoenix","1.1.5","EEF-CVE-2026-56811"
"phoenix","1.1.6","EEF-CVE-2026-56811"
"phoenix","1.1.7","EEF-CVE-2026-56811"
"phoenix","1.1.8","EEF-CVE-2026-56811"
"phoenix","1.1.9","EEF-CVE-2026-56811"
"phoenix","1.2.0","EEF-CVE-2026-56811"
"phoenix","1.2.0-rc.0","EEF-CVE-2026-56811"
"phoenix","1.2.0-rc.1","EEF-CVE-2026-56811"
"phoenix","1.2.1","EEF-CVE-2026-56811"
"phoenix","1.2.2","EEF-CVE-2026-56811"
"phoenix","1.2.3","EEF-CVE-2026-56811"
"phoenix","1.2.4","EEF-CVE-2026-56811"
"phoenix","1.2.5","EEF-CVE-2026-56811"
"phoenix","1.3.0","EEF-CVE-2026-56811"
"phoenix","1.3.0-rc.0","EEF-CVE-2026-56811"
"phoenix","1.3.0-rc.1","EEF-CVE-2026-56811"
"phoenix","1.3.0-rc.2","EEF-CVE-2026-56811"
"phoenix","1.3.0-rc.3","EEF-CVE-2026-56811"
"phoenix","1.3.1","EEF-CVE-2026-56811"
"phoenix","1.3.2","EEF-CVE-2026-56811"
"phoenix","1.3.3","EEF-CVE-2026-56811"
"phoenix","1.3.4","EEF-CVE-2026-56811"
"phoenix","1.3.5","EEF-CVE-2026-56811"
"phoenix","1.4.0","EEF-CVE-2026-56811"
"phoenix","1.4.0-rc.0","EEF-CVE-2026-56811"
"phoenix","1.4.0-rc.1","EEF-CVE-2026-56811"
"phoenix","1.4.0-rc.2","EEF-CVE-2026-56811"
"phoenix","1.4.0-rc.3","EEF-CVE-2026-56811"
"phoenix","1.4.1","EEF-CVE-2026-56811"
"phoenix","1.4.10","EEF-CVE-2026-56811"
"phoenix","1.4.11","EEF-CVE-2026-56811"
"phoenix","1.4.12","EEF-CVE-2026-56811"
"phoenix","1.4.13","EEF-CVE-2026-56811"
"phoenix","1.4.14","EEF-CVE-2026-56811"
"phoenix","1.4.15","EEF-CVE-2026-56811"
"phoenix","1.4.16","EEF-CVE-2026-56811"
"phoenix","1.4.17","EEF-CVE-2026-56811"
"phoenix","1.4.18","EEF-CVE-2026-56811"
"phoenix","1.4.2","EEF-CVE-2026-56811"
"phoenix","1.4.3","EEF-CVE-2026-56811"
"phoenix","1.4.4","EEF-CVE-2026-56811"
"phoenix","1.4.5","EEF-CVE-2026-56811"
"phoenix","1.4.6","EEF-CVE-2026-56811"
"phoenix","1.4.7","EEF-CVE-2026-56811"
"phoenix","1.4.8","EEF-CVE-2026-56811"
"phoenix","1.4.9","EEF-CVE-2026-56811"
"phoenix","1.5.0","EEF-CVE-2026-56811"
"phoenix","1.5.0-rc.0","EEF-CVE-2026-56811"
"phoenix","1.5.1","EEF-CVE-2026-56811"
"phoenix","1.5.10","EEF-CVE-2026-56811"
"phoenix","1.5.11","EEF-CVE-2026-56811"
"phoenix","1.5.12","EEF-CVE-2026-56811"
"phoenix","1.5.13","EEF-CVE-2026-56811"
"phoenix","1.5.14","EEF-CVE-2026-56811"
"phoenix","1.5.2","EEF-CVE-2026-56811"
"phoenix","1.5.3","EEF-CVE-2026-56811"
"phoenix","1.5.4","EEF-CVE-2026-56811"
"phoenix","1.5.5","EEF-CVE-2026-56811"
"phoenix","1.5.6","EEF-CVE-2026-56811"
"phoenix","1.5.7","EEF-CVE-2026-56811"
"phoenix","1.5.8","EEF-CVE-2026-56811"
"phoenix","1.5.9","EEF-CVE-2026-56811"
"phoenix","1.6.0","EEF-CVE-2026-56811"
"phoenix","1.6.0-rc.0","EEF-CVE-2026-56811"
"phoenix","1.6.0-rc.1","EEF-CVE-2026-56811"
"phoenix","1.6.1","EEF-CVE-2026-56811"
"phoenix","1.6.10","EEF-CVE-2026-56811"
"phoenix","1.6.11","EEF-CVE-2026-56811"
"phoenix","1.6.12","EEF-CVE-2026-56811"
"phoenix","1.6.13","EEF-CVE-2026-56811"
"phoenix","1.6.14","EEF-CVE-2026-56811"
"phoenix","1.6.15","EEF-CVE-2026-56811"
"phoenix","1.6.16","EEF-CVE-2026-56811"
"phoenix","1.6.2","EEF-CVE-2026-56811"
"phoenix","1.6.3","EEF-CVE-2026-56811"
"phoenix","1.6.4","EEF-CVE-2026-56811"
"phoenix","1.6.5","EEF-CVE-2026-56811"
"phoenix","1.6.6","EEF-CVE-2026-56811"
"phoenix","1.6.7","EEF-CVE-2026-56811"
"phoenix","1.6.8","EEF-CVE-2026-56811"
"phoenix","1.6.9","EEF-CVE-2026-56811"
"phoenix","1.7.0","EEF-CVE-2026-56811"
"phoenix","1.7.0-rc.0","EEF-CVE-2026-56811"
"phoenix","1.7.0-rc.1","EEF-CVE-2026-56811"
"phoenix","1.7.0-rc.2","EEF-CVE-2026-56811"
"phoenix","1.7.0-rc.3","EEF-CVE-2026-56811"
"phoenix","1.7.1","EEF-CVE-2026-56811"
"phoenix","1.7.10","EEF-CVE-2026-56811"
"phoenix","1.7.11","EEF-CVE-2026-56811"
"phoenix","1.7.12","EEF-CVE-2026-56811"
"phoenix","1.7.13","EEF-CVE-2026-56811"
"phoenix","1.7.14","EEF-CVE-2026-56811"
"phoenix","1.7.15","EEF-CVE-2026-56811"
"phoenix","1.7.16","EEF-CVE-2026-56811"
"phoenix","1.7.17","EEF-CVE-2026-56811"
"phoenix","1.7.18","EEF-CVE-2026-56811"
"phoenix","1.7.19","EEF-CVE-2026-56811"
"phoenix","1.7.2","EEF-CVE-2026-56811"
"phoenix","1.7.20","EEF-CVE-2026-56811"
"phoenix","1.7.21","EEF-CVE-2026-56811"
"phoenix","1.7.22","EEF-CVE-2026-56811"
"phoenix","1.7.23","EEF-CVE-2026-56811"
"phoenix","1.7.3","EEF-CVE-2026-56811"
"phoenix","1.7.4","EEF-CVE-2026-56811"
"phoenix","1.7.5","EEF-CVE-2026-56811"
"phoenix","1.7.6","EEF-CVE-2026-56811"
"phoenix","1.7.7","EEF-CVE-2026-56811"
"phoenix","1.7.8","EEF-CVE-2026-56811"
"phoenix","1.7.9","EEF-CVE-2026-56811"
"phoenix","1.8.0","EEF-CVE-2026-56811"
"phoenix","1.8.0-rc.0","EEF-CVE-2026-56811"
"phoenix","1.8.0-rc.1","EEF-CVE-2026-56811"
"phoenix","1.8.0-rc.2","EEF-CVE-2026-56811"
"phoenix","1.8.0-rc.3","EEF-CVE-2026-56811"
"phoenix","1.8.0-rc.4","EEF-CVE-2026-56811"
"phoenix","1.8.1","EEF-CVE-2026-56811"
"phoenix","1.8.2","EEF-CVE-2026-56811"
"phoenix","1.8.3","EEF-CVE-2026-56811"
"phoenix","1.8.4","EEF-CVE-2026-56811"
"phoenix","1.8.5","EEF-CVE-2026-56811"
"phoenix","1.8.6","EEF-CVE-2026-56811"
"phoenix","1.8.7","EEF-CVE-2026-56811"
"phoenix","1.8.8","EEF-CVE-2026-56811"
"plug","0.10.0","EEF-CVE-2026-56813"
"plug","0.11.0","EEF-CVE-2026-56813"
"plug","0.11.1","EEF-CVE-2026-56813"
"plug","0.11.2","EEF-CVE-2026-56813"
"plug","0.11.3","EEF-CVE-2026-56813"
"plug","0.12.0","EEF-CVE-2026-56813"
"plug","0.12.1","EEF-CVE-2026-56813"
"plug","0.12.2","EEF-CVE-2026-56813"
"plug","0.13.0","EEF-CVE-2026-56813"
"plug","0.13.1","EEF-CVE-2026-56813"
"plug","0.14.0","EEF-CVE-2026-56813"
"plug","0.4.1","EEF-CVE-2026-56813"
"plug","0.4.2","EEF-CVE-2026-56813"
"plug","0.4.3","EEF-CVE-2026-56813"
"plug","0.4.4","EEF-CVE-2026-56813"
"plug","0.5.0","EEF-CVE-2026-56813"
"plug","0.5.1","EEF-CVE-2026-56813"
"plug","0.5.2","EEF-CVE-2026-56813"
"plug","0.5.3","EEF-CVE-2026-56813"
"plug","0.6.0","EEF-CVE-2026-56813"
"plug","0.7.0","EEF-CVE-2026-56813"
"plug","0.8.0","EEF-CVE-2026-56813"
"plug","0.8.1","EEF-CVE-2026-56813"
"plug","0.8.2","EEF-CVE-2026-56813"
"plug","0.8.3","EEF-CVE-2026-56813"
"plug","0.8.4","EEF-CVE-2026-56813"
"plug","0.9.0","EEF-CVE-2026-56813"
"plug","1.0.0","EEF-CVE-2026-56813"
"plug","1.0.1","EEF-CVE-2026-56813"
"plug","1.0.2","EEF-CVE-2026-56813"
"plug","1.0.3","EEF-CVE-2026-56813"
"plug","1.0.4","EEF-CVE-2026-56813"
"plug","1.0.5","EEF-CVE-2026-56813"
"plug","1.0.6","EEF-CVE-2026-56813"
"plug","1.1.0","EEF-CVE-2026-56813"
"plug","1.1.1","EEF-CVE-2026-56813"
"plug","1.1.2","EEF-CVE-2026-56813"
"plug","1.1.3","EEF-CVE-2026-56813"
"plug","1.1.4","EEF-CVE-2026-56813"
"plug","1.1.5","EEF-CVE-2026-56813"
"plug","1.1.6","EEF-CVE-2026-56813"
"plug","1.1.7","EEF-CVE-2026-56813"
"plug","1.1.8","EEF-CVE-2026-56813"
"plug","1.1.9","EEF-CVE-2026-56813"
"plug","1.10.0","EEF-CVE-2026-56813"
"plug","1.10.1","EEF-CVE-2026-56813"
"plug","1.10.2","EEF-CVE-2026-56813"
"plug","1.10.3","EEF-CVE-2026-56813"
"plug","1.10.4","EEF-CVE-2026-56813"
"plug","1.11.0","EEF-CVE-2026-56813"
"plug","1.11.1","EEF-CVE-2026-56813"
"plug","1.12.0","EEF-CVE-2026-56813"
"plug","1.12.1","EEF-CVE-2026-56813"
"plug","1.13.0","EEF-CVE-2026-56813"
"plug","1.13.1","EEF-CVE-2026-56813"
"plug","1.13.2","EEF-CVE-2026-56813"
"plug","1.13.3","EEF-CVE-2026-56813"
"plug","1.13.4","EEF-CVE-2026-56813"
"plug","1.13.5","EEF-CVE-2026-56813"
"plug","1.13.6","EEF-CVE-2026-56813"
"plug","1.14.0","EEF-CVE-2026-56813"
"plug","1.14.1","EEF-CVE-2026-56813"
"plug","1.14.2","EEF-CVE-2026-56813"
"plug","1.15.0","EEF-CVE-2026-56813"
"plug","1.15.1","EEF-CVE-2026-56813"
"plug","1.15.2","EEF-CVE-2026-56813"
"plug","1.15.3","EEF-CVE-2026-56813"
"plug","1.15.4","EEF-CVE-2026-56813"
"plug","1.15.5","EEF-CVE-2026-56813"
"plug","1.15.6","EEF-CVE-2026-56813"
"plug","1.16.0","EEF-CVE-2026-56813"
"plug","1.16.1","EEF-CVE-2026-56813"
"plug","1.16.2","EEF-CVE-2026-56813"
"plug","1.16.3","EEF-CVE-2026-56813"
"plug","1.16.4","EEF-CVE-2026-56813"
"plug","1.16.5","EEF-CVE-2026-56813"
"plug","1.17.0","EEF-CVE-2026-56813"
"plug","1.17.1","EEF-CVE-2026-56813"
"plug","1.17.2","EEF-CVE-2026-56813"
"plug","1.17.3","EEF-CVE-2026-56813"
"plug","1.18.0","EEF-CVE-2026-56813"
"plug","1.18.1","EEF-CVE-2026-56813"
"plug","1.18.2","EEF-CVE-2026-56813"
"plug","1.18.3","EEF-CVE-2026-56813"
"plug","1.18.4","EEF-CVE-2026-56813"
"plug","1.19.0","EEF-CVE-2026-56813"
"plug","1.19.1","EEF-CVE-2026-56813"
"plug","1.19.2","EEF-CVE-2026-56813"
"plug","1.19.3","EEF-CVE-2026-56813"
"plug","1.19.4","EEF-CVE-2026-56813"
"plug","1.2.0","EEF-CVE-2026-56813"
"plug","1.2.0-rc.0","EEF-CVE-2026-56813"
"plug","1.2.1","EEF-CVE-2026-56813"
"plug","1.2.2","EEF-CVE-2026-56813"
"plug","1.2.3","EEF-CVE-2026-56813"
"plug","1.2.4","EEF-CVE-2026-56813"
"plug","1.2.5","EEF-CVE-2026-56813"
"plug","1.2.6","EEF-CVE-2026-56813"
"plug","1.20.0","EEF-CVE-2026-56813"
"plug","1.20.1","EEF-CVE-2026-56813"
"plug","1.20.2","EEF-CVE-2026-56813"
"plug","1.3.0","EEF-CVE-2026-56813"
"plug","1.3.1","EEF-CVE-2026-56813"
"plug","1.3.2","EEF-CVE-2026-56813"
"plug","1.3.3","EEF-CVE-2026-56813"
"plug","1.3.4","EEF-CVE-2026-56813"
"plug","1.3.5","EEF-CVE-2026-56813"
"plug","1.3.6","EEF-CVE-2026-56813"
"plug","1.4.0","EEF-CVE-2026-56813"
"plug","1.4.0-rc.0","EEF-CVE-2026-56813"
"plug","1.4.1","EEF-CVE-2026-56813"
"plug","1.4.2","EEF-CVE-2026-56813"
"plug","1.4.3","EEF-CVE-2026-56813"
"plug","1.4.4","EEF-CVE-2026-56813"
"plug","1.4.5","EEF-CVE-2026-56813"
"plug","1.5.0","EEF-CVE-2026-56813"
"plug","1.5.0-rc.0","EEF-CVE-2026-56813"
"plug","1.5.0-rc.1","EEF-CVE-2026-56813"
"plug","1.5.0-rc.2","EEF-CVE-2026-56813"
"plug","1.5.1","EEF-CVE-2026-56813"
"plug","1.6.0","EEF-CVE-2026-56813"
"plug","1.6.1","EEF-CVE-2026-56813"
"plug","1.6.2","EEF-CVE-2026-56813"
"plug","1.6.3","EEF-CVE-2026-56813"
"plug","1.6.4","EEF-CVE-2026-56813"
"plug","1.7.0","EEF-CVE-2026-56813"
"plug","1.7.1","EEF-CVE-2026-56813"
"plug","1.7.2","EEF-CVE-2026-56813"
"plug","1.8.0","EEF-CVE-2026-56813"
"plug","1.8.1","EEF-CVE-2026-56813"
"plug","1.8.2","EEF-CVE-2026-56813"
"plug","1.8.3","EEF-CVE-2026-56813"
"plug","1.9.0","EEF-CVE-2026-56813"
"plug","1.10.0","EEF-CVE-2026-56814"
"plug","1.10.1","EEF-CVE-2026-56814"
"plug","1.10.2","EEF-CVE-2026-56814"
"plug","1.10.3","EEF-CVE-2026-56814"
"plug","1.10.4","EEF-CVE-2026-56814"
"plug","1.11.0","EEF-CVE-2026-56814"
"plug","1.11.1","EEF-CVE-2026-56814"
"plug","1.12.0","EEF-CVE-2026-56814"
"plug","1.12.1","EEF-CVE-2026-56814"
"plug","1.13.0","EEF-CVE-2026-56814"
"plug","1.13.1","EEF-CVE-2026-56814"
"plug","1.13.2","EEF-CVE-2026-56814"
"plug","1.13.3","EEF-CVE-2026-56814"
"plug","1.13.4","EEF-CVE-2026-56814"
"plug","1.13.5","EEF-CVE-2026-56814"
"plug","1.13.6","EEF-CVE-2026-56814"
"plug","1.14.0","EEF-CVE-2026-56814"
"plug","1.14.1","EEF-CVE-2026-56814"
"plug","1.14.2","EEF-CVE-2026-56814"
"plug","1.15.0","EEF-CVE-2026-56814"
"plug","1.15.1","EEF-CVE-2026-56814"
"plug","1.15.2","EEF-CVE-2026-56814"
"plug","1.15.3","EEF-CVE-2026-56814"
"plug","1.15.4","EEF-CVE-2026-56814"
"plug","1.15.5","EEF-CVE-2026-56814"
"plug","1.15.6","EEF-CVE-2026-56814"
"plug","1.16.0","EEF-CVE-2026-56814"
"plug","1.16.1","EEF-CVE-2026-56814"
"plug","1.16.2","EEF-CVE-2026-56814"
"plug","1.16.3","EEF-CVE-2026-56814"
"plug","1.16.4","EEF-CVE-2026-56814"
"plug","1.16.5","EEF-CVE-2026-56814"
"plug","1.17.0","EEF-CVE-2026-56814"
"plug","1.17.1","EEF-CVE-2026-56814"
"plug","1.17.2","EEF-CVE-2026-56814"
"plug","1.17.3","EEF-CVE-2026-56814"
"plug","1.18.0","EEF-CVE-2026-56814"
"plug","1.18.1","EEF-CVE-2026-56814"
"plug","1.18.2","EEF-CVE-2026-56814"
"plug","1.18.3","EEF-CVE-2026-56814"
"plug","1.18.4","EEF-CVE-2026-56814"
"plug","1.19.0","EEF-CVE-2026-56814"
"plug","1.19.1","EEF-CVE-2026-56814"
"plug","1.19.2","EEF-CVE-2026-56814"
"plug","1.19.3","EEF-CVE-2026-56814"
"plug","1.19.4","EEF-CVE-2026-56814"
"plug","1.20.0","EEF-CVE-2026-56814"
"plug","1.20.1","EEF-CVE-2026-56814"
"plug","1.20.2","EEF-CVE-2026-56814"
"plug","1.4.0","EEF-CVE-2026-56814"
"plug","1.4.1","EEF-CVE-2026-56814"
"plug","1.4.2","EEF-CVE-2026-56814"
"plug","1.4.3","EEF-CVE-2026-56814"
"plug","1.4.4","EEF-CVE-2026-56814"
"plug","1.4.5","EEF-CVE-2026-56814"
"plug","1.5.0","EEF-CVE-2026-56814"
"plug","1.5.0-rc.0","EEF-CVE-2026-56814"
"plug","1.5.0-rc.1","EEF-CVE-2026-56814"
"plug","1.5.0-rc.2","EEF-CVE-2026-56814"
"plug","1.5.1","EEF-CVE-2026-56814"
"plug","1.6.0","EEF-CVE-2026-56814"
"plug","1.6.1","EEF-CVE-2026-56814"
"plug","1.6.2","EEF-CVE-2026-56814"
"plug","1.6.3","EEF-CVE-2026-56814"
"plug","1.6.4","EEF-CVE-2026-56814"
"plug","1.7.0","EEF-CVE-2026-56814"
"plug","1.7.1","EEF-CVE-2026-56814"
"plug","1.7.2","EEF-CVE-2026-56814"
"plug","1.8.0","EEF-CVE-2026-56814"
"plug","1.8.1","EEF-CVE-2026-56814"
"plug","1.8.2","EEF-CVE-2026-56814"
"plug","1.8.3","EEF-CVE-2026-56814"
"plug","1.9.0","EEF-CVE-2026-56814"
"postgrex","0.16.0","EEF-CVE-2026-58225"
"postgrex","0.16.1","EEF-CVE-2026-58225"
"postgrex","0.16.2","EEF-CVE-2026-58225"
"postgrex","0.16.3","EEF-CVE-2026-58225"
"postgrex","0.16.4","EEF-CVE-2026-58225"
"postgrex","0.16.5","EEF-CVE-2026-58225"
"postgrex","0.17.0","EEF-CVE-2026-58225"
"postgrex","0.17.1","EEF-CVE-2026-58225"
"postgrex","0.17.2","EEF-CVE-2026-58225"
"postgrex","0.17.3","EEF-CVE-2026-58225"
"postgrex","0.17.4","EEF-CVE-2026-58225"
"postgrex","0.17.5","EEF-CVE-2026-58225"
"postgrex","0.18.0","EEF-CVE-2026-58225"
"postgrex","0.19.0","EEF-CVE-2026-58225"
"postgrex","0.19.1","EEF-CVE-2026-58225"
"postgrex","0.19.2","EEF-CVE-2026-58225"
"postgrex","0.19.3","EEF-CVE-2026-58225"
"postgrex","0.20.0","EEF-CVE-2026-58225"
"postgrex","0.21.0","EEF-CVE-2026-58225"
"postgrex","0.21.1","EEF-CVE-2026-58225"
"postgrex","0.22.0","EEF-CVE-2026-58225"
"postgrex","0.22.1","EEF-CVE-2026-58225"
"postgrex","0.22.2","EEF-CVE-2026-58225"
"hpax","0.1.1","EEF-CVE-2026-58226"
"hpax","0.1.2","EEF-CVE-2026-58226"
"hpax","0.2.0","EEF-CVE-2026-58226"
"hpax","1.0.0","EEF-CVE-2026-58226"
"hpax","1.0.1","EEF-CVE-2026-58226"
"hpax","1.0.2","EEF-CVE-2026-58226"
"hpax","1.0.3","EEF-CVE-2026-58226"
"phoenix_live_view","1.2.2","EEF-CVE-2026-58228"
"phoenix_live_view","1.2.3","EEF-CVE-2026-58228"
"phoenix_live_view","1.2.4","EEF-CVE-2026-58228"
"phoenix_live_view","1.2.5","EEF-CVE-2026-58228"
"phoenix_live_view","1.2.6","EEF-CVE-2026-58228"
"mint","0.1.0","EEF-CVE-2026-58229"
"mint","0.2.0","EEF-CVE-2026-58229"
"mint","0.2.1","EEF-CVE-2026-58229"
"mint","0.3.0","EEF-CVE-2026-58229"
"mint","0.4.0","EEF-CVE-2026-58229"
"mint","0.5.0","EEF-CVE-2026-58229"
"mint","1.0.0","EEF-CVE-2026-58229"
"mint","1.1.0","EEF-CVE-2026-58229"
"mint","1.2.0","EEF-CVE-2026-58229"
"mint","1.2.1","EEF-CVE-2026-58229"
"mint","1.3.0","EEF-CVE-2026-58229"
"mint","1.4.0","EEF-CVE-2026-58229"
"mint","1.4.1","EEF-CVE-2026-58229"
"mint","1.4.2","EEF-CVE-2026-58229"
"mint","1.5.0","EEF-CVE-2026-58229"
"mint","1.5.1","EEF-CVE-2026-58229"
"mint","1.5.2","EEF-CVE-2026-58229"
"mint","1.6.0","EEF-CVE-2026-58229"
"mint","1.6.1","EEF-CVE-2026-58229"
"mint","1.6.2","EEF-CVE-2026-58229"
"mint","1.7.0","EEF-CVE-2026-58229"
"mint","1.7.1","EEF-CVE-2026-58229"
"mint","1.8.0","EEF-CVE-2026-58229"
"mint","1.9.0","EEF-CVE-2026-58229"
"mint","1.9.1","EEF-CVE-2026-58229"
"mint","0.1.0","EEF-CVE-2026-59246"
"mint","0.2.0","EEF-CVE-2026-59246"
"mint","0.2.1","EEF-CVE-2026-59246"
"mint","0.3.0","EEF-CVE-2026-59246"
"mint","0.4.0","EEF-CVE-2026-59246"
"mint","0.5.0","EEF-CVE-2026-59246"
"mint","1.0.0","EEF-CVE-2026-59246"
"mint","1.1.0","EEF-CVE-2026-59246"
"mint","1.2.0","EEF-CVE-2026-59246"
"mint","1.2.1","EEF-CVE-2026-59246"
"mint","1.3.0","EEF-CVE-2026-59246"
"mint","1.4.0","EEF-CVE-2026-59246"
"mint","1.4.1","EEF-CVE-2026-59246"
"mint","1.4.2","EEF-CVE-2026-59246"
"mint","1.5.0","EEF-CVE-2026-59246"
"mint","1.5.1","EEF-CVE-2026-59246"
"mint","1.5.2","EEF-CVE-2026-59246"
"mint","1.6.0","EEF-CVE-2026-59246"
"mint","1.6.1","EEF-CVE-2026-59246"
"mint","1.6.2","EEF-CVE-2026-59246"
"mint","1.7.0","EEF-CVE-2026-59246"
"mint","1.7.1","EEF-CVE-2026-59246"
"mint","1.8.0","EEF-CVE-2026-59246"
"mint","1.9.0","EEF-CVE-2026-59246"
"mint","1.9.1","EEF-CVE-2026-59246"
"cowlib","2.0.0","EEF-CVE-2026-59248"
"cowlib","2.0.1","EEF-CVE-2026-59248"
"cowlib","2.1.0","EEF-CVE-2026-59248"
"cowlib","2.10.0","EEF-CVE-2026-59248"
"cowlib","2.10.1","EEF-CVE-2026-59248"
"cowlib","2.11.0","EEF-CVE-2026-59248"
"cowlib","2.12.0","EEF-CVE-2026-59248"
"cowlib","2.12.1","EEF-CVE-2026-59248"
"cowlib","2.13.0","EEF-CVE-2026-59248"
"cowlib","2.14.0","EEF-CVE-2026-59248"
"cowlib","2.15.0","EEF-CVE-2026-59248"
"cowlib","2.16.0","EEF-CVE-2026-59248"
"cowlib","2.16.1","EEF-CVE-2026-59248"
"cowlib","2.17.0","EEF-CVE-2026-59248"
"cowlib","2.17.1","EEF-CVE-2026-59248"
"cowlib","2.18.0","EEF-CVE-2026-59248"
"cowlib","2.2.0","EEF-CVE-2026-59248"
"cowlib","2.2.1","EEF-CVE-2026-59248"
"cowlib","2.3.0","EEF-CVE-2026-59248"
"cowlib","2.4.0","EEF-CVE-2026-59248"
"cowlib","2.5.0","EEF-CVE-2026-59248"
"cowlib","2.5.1","EEF-CVE-2026-59248"
"cowlib","2.6.0","EEF-CVE-2026-59248"
"cowlib","2.7.0","EEF-CVE-2026-59248"
"cowlib","2.7.1","EEF-CVE-2026-59248"
"cowlib","2.7.2","EEF-CVE-2026-59248"
"cowlib","2.7.3","EEF-CVE-2026-59248"
"cowlib","2.8.0","EEF-CVE-2026-59248"
"cowlib","2.9.0","EEF-CVE-2026-59248"
"cowlib","2.9.1","EEF-CVE-2026-59248"
"mint","0.1.0","EEF-CVE-2026-59249"
"mint","0.2.0","EEF-CVE-2026-59249"
"mint","0.2.1","EEF-CVE-2026-59249"
"mint","0.3.0","EEF-CVE-2026-59249"
"mint","0.4.0","EEF-CVE-2026-59249"
"mint","0.5.0","EEF-CVE-2026-59249"
"mint","1.0.0","EEF-CVE-2026-59249"
"mint","1.1.0","EEF-CVE-2026-59249"
"mint","1.2.0","EEF-CVE-2026-59249"
"mint","1.2.1","EEF-CVE-2026-59249"
"mint","1.3.0","EEF-CVE-2026-59249"
"mint","1.4.0","EEF-CVE-2026-59249"
"mint","1.4.1","EEF-CVE-2026-59249"
"mint","1.4.2","EEF-CVE-2026-59249"
"mint","1.5.0","EEF-CVE-2026-59249"
"mint","1.5.1","EEF-CVE-2026-59249"
"mint","1.5.2","EEF-CVE-2026-59249"
"mint","1.6.0","EEF-CVE-2026-59249"
"mint","1.6.1","EEF-CVE-2026-59249"
"mint","1.6.2","EEF-CVE-2026-59249"
"mint","1.7.0","EEF-CVE-2026-59249"
"mint","1.7.1","EEF-CVE-2026-59249"
"mint","1.8.0","EEF-CVE-2026-59249"
"mint","1.9.0","EEF-CVE-2026-59249"
"mint","1.9.1","EEF-CVE-2026-59249"
"mint","1.9.2","EEF-CVE-2026-59249"
"mpp","0.2.0","EEF-CVE-2026-59252"
"mpp","0.3.0","EEF-CVE-2026-59252"
"mpp","0.3.1","EEF-CVE-2026-59252"
"mpp","0.3.2","EEF-CVE-2026-59252"
"mpp","0.4.0","EEF-CVE-2026-59252"
"mpp","0.2.0","EEF-CVE-2026-59694"
"mpp","0.3.0","EEF-CVE-2026-59694"
"mpp","0.3.1","EEF-CVE-2026-59694"
"mpp","0.3.2","EEF-CVE-2026-59694"
"mpp","0.4.0","EEF-CVE-2026-59694"
"mpp","0.2.0","EEF-CVE-2026-59695"
"mpp","0.3.0","EEF-CVE-2026-59695"
"mpp","0.3.1","EEF-CVE-2026-59695"
"mpp","0.3.2","EEF-CVE-2026-59695"
"mpp","0.4.0","EEF-CVE-2026-59695"
"phoenix_live_view","0.10.0","EEF-CVE-2026-64941"
"phoenix_live_view","0.11.0","EEF-CVE-2026-64941"
"phoenix_live_view","0.11.1","EEF-CVE-2026-64941"
"phoenix_live_view","0.12.0","EEF-CVE-2026-64941"
"phoenix_live_view","0.12.1","EEF-CVE-2026-64941"
"phoenix_live_view","0.13.0","EEF-CVE-2026-64941"
"phoenix_live_view","0.13.1","EEF-CVE-2026-64941"
"phoenix_live_view","0.13.2","EEF-CVE-2026-64941"
"phoenix_live_view","0.13.3","EEF-CVE-2026-64941"
"phoenix_live_view","0.14.0","EEF-CVE-2026-64941"
"phoenix_live_view","0.14.1","EEF-CVE-2026-64941"
"phoenix_live_view","0.14.2","EEF-CVE-2026-64941"
"phoenix_live_view","0.14.3","EEF-CVE-2026-64941"
"phoenix_live_view","0.14.4","EEF-CVE-2026-64941"
"phoenix_live_view","0.14.5","EEF-CVE-2026-64941"
"phoenix_live_view","0.14.6","EEF-CVE-2026-64941"
"phoenix_live_view","0.14.7","EEF-CVE-2026-64941"
"phoenix_live_view","0.14.8","EEF-CVE-2026-64941"
"phoenix_live_view","0.15.0","EEF-CVE-2026-64941"
"phoenix_live_view","0.15.1","EEF-CVE-2026-64941"
"phoenix_live_view","0.15.2","EEF-CVE-2026-64941"
"phoenix_live_view","0.15.3","EEF-CVE-2026-64941"
"phoenix_live_view","0.15.4","EEF-CVE-2026-64941"
"phoenix_live_view","0.15.5","EEF-CVE-2026-64941"
"phoenix_live_view","0.15.6","EEF-CVE-2026-64941"
"phoenix_live_view","0.15.7","EEF-CVE-2026-64941"
"phoenix_live_view","0.16.0","EEF-CVE-2026-64941"
"phoenix_live_view","0.16.1","EEF-CVE-2026-64941"
"phoenix_live_view","0.16.2","EEF-CVE-2026-64941"
"phoenix_live_view","0.16.3","EEF-CVE-2026-64941"
"phoenix_live_view","0.16.4","EEF-CVE-2026-64941"
"phoenix_live_view","0.17.0","EEF-CVE-2026-64941"
"phoenix_live_view","0.17.1","EEF-CVE-2026-64941"
"phoenix_live_view","0.17.10","EEF-CVE-2026-64941"
"phoenix_live_view","0.17.11","EEF-CVE-2026-64941"
"phoenix_live_view","0.17.12","EEF-CVE-2026-64941"
"phoenix_live_view","0.17.13","EEF-CVE-2026-64941"
"phoenix_live_view","0.17.14","EEF-CVE-2026-64941"
"phoenix_live_view","0.17.2","EEF-CVE-2026-64941"
"phoenix_live_view","0.17.3","EEF-CVE-2026-64941"
"phoenix_live_view","0.17.4","EEF-CVE-2026-64941"
"phoenix_live_view","0.17.5","EEF-CVE-2026-64941"
"phoenix_live_view","0.17.6","EEF-CVE-2026-64941"
"phoenix_live_view","0.17.7","EEF-CVE-2026-64941"
"phoenix_live_view","0.17.8","EEF-CVE-2026-64941"
"phoenix_live_view","0.17.9","EEF-CVE-2026-64941"
"phoenix_live_view","0.18.0","EEF-CVE-2026-64941"
"phoenix_live_view","0.18.1","EEF-CVE-2026-64941"
"phoenix_live_view","0.18.10","EEF-CVE-2026-64941"
"phoenix_live_view","0.18.11","EEF-CVE-2026-64941"
"phoenix_live_view","0.18.12","EEF-CVE-2026-64941"
"phoenix_live_view","0.18.13","EEF-CVE-2026-64941"
"phoenix_live_view","0.18.14","EEF-CVE-2026-64941"
"phoenix_live_view","0.18.15","EEF-CVE-2026-64941"
"phoenix_live_view","0.18.16","EEF-CVE-2026-64941"
"phoenix_live_view","0.18.17","EEF-CVE-2026-64941"
"phoenix_live_view","0.18.18","EEF-CVE-2026-64941"
"phoenix_live_view","0.18.2","EEF-CVE-2026-64941"
"phoenix_live_view","0.18.3","EEF-CVE-2026-64941"
"phoenix_live_view","0.18.4","EEF-CVE-2026-64941"
"phoenix_live_view","0.18.5","EEF-CVE-2026-64941"
"phoenix_live_view","0.18.6","EEF-CVE-2026-64941"
"phoenix_live_view","0.18.7","EEF-CVE-2026-64941"
"phoenix_live_view","0.18.8","EEF-CVE-2026-64941"
"phoenix_live_view","0.18.9","EEF-CVE-2026-64941"
"phoenix_live_view","0.19.0","EEF-CVE-2026-64941"
"phoenix_live_view","0.19.1","EEF-CVE-2026-64941"
"phoenix_live_view","0.19.2","EEF-CVE-2026-64941"
"phoenix_live_view","0.19.3","EEF-CVE-2026-64941"
"phoenix_live_view","0.19.4","EEF-CVE-2026-64941"
"phoenix_live_view","0.19.5","EEF-CVE-2026-64941"
"phoenix_live_view","0.20.0","EEF-CVE-2026-64941"
"phoenix_live_view","0.20.1","EEF-CVE-2026-64941"
"phoenix_live_view","0.20.10","EEF-CVE-2026-64941"
"phoenix_live_view","0.20.11","EEF-CVE-2026-64941"
"phoenix_live_view","0.20.12","EEF-CVE-2026-64941"
"phoenix_live_view","0.20.13","EEF-CVE-2026-64941"
"phoenix_live_view","0.20.14","EEF-CVE-2026-64941"
"phoenix_live_view","0.20.15","EEF-CVE-2026-64941"
"phoenix_live_view","0.20.16","EEF-CVE-2026-64941"
"phoenix_live_view","0.20.17","EEF-CVE-2026-64941"
"phoenix_live_view","0.20.2","EEF-CVE-2026-64941"
"phoenix_live_view","0.20.3","EEF-CVE-2026-64941"
"phoenix_live_view","0.20.4","EEF-CVE-2026-64941"
"phoenix_live_view","0.20.5","EEF-CVE-2026-64941"
"phoenix_live_view","0.20.6","EEF-CVE-2026-64941"
"phoenix_live_view","0.20.7","EEF-CVE-2026-64941"
"phoenix_live_view","0.20.8","EEF-CVE-2026-64941"
"phoenix_live_view","0.20.9","EEF-CVE-2026-64941"
"phoenix_live_view","0.5.0","EEF-CVE-2026-64941"
"phoenix_live_view","0.5.1","EEF-CVE-2026-64941"
"phoenix_live_view","0.5.2","EEF-CVE-2026-64941"
"phoenix_live_view","0.6.0","EEF-CVE-2026-64941"
"phoenix_live_view","0.6.0-dev","EEF-CVE-2026-64941"
"phoenix_live_view","0.7.0","EEF-CVE-2026-64941"
"phoenix_live_view","0.7.1","EEF-CVE-2026-64941"
"phoenix_live_view","0.8.0","EEF-CVE-2026-64941"
"phoenix_live_view","0.8.1","EEF-CVE-2026-64941"
"phoenix_live_view","0.9.0","EEF-CVE-2026-64941"
"phoenix_live_view","1.0.0","EEF-CVE-2026-64941"
"phoenix_live_view","1.0.0-rc.0","EEF-CVE-2026-64941"
"phoenix_live_view","1.0.0-rc.1","EEF-CVE-2026-64941"
"phoenix_live_view","1.0.0-rc.2","EEF-CVE-2026-64941"
"phoenix_live_view","1.0.0-rc.3","EEF-CVE-2026-64941"
"phoenix_live_view","1.0.0-rc.4","EEF-CVE-2026-64941"
"phoenix_live_view","1.0.0-rc.5","EEF-CVE-2026-64941"
"phoenix_live_view","1.0.0-rc.6","EEF-CVE-2026-64941"
"phoenix_live_view","1.0.0-rc.7","EEF-CVE-2026-64941"
"phoenix_live_view","1.0.0-rc.8","EEF-CVE-2026-64941"
"phoenix_live_view","1.0.0-rc.9","EEF-CVE-2026-64941"
"phoenix_live_view","1.0.1","EEF-CVE-2026-64941"
"phoenix_live_view","1.0.10","EEF-CVE-2026-64941"
"phoenix_live_view","1.0.11","EEF-CVE-2026-64941"
"phoenix_live_view","1.0.12","EEF-CVE-2026-64941"
"phoenix_live_view","1.0.13","EEF-CVE-2026-64941"
"phoenix_live_view","1.0.14","EEF-CVE-2026-64941"
"phoenix_live_view","1.0.15","EEF-CVE-2026-64941"
"phoenix_live_view","1.0.16","EEF-CVE-2026-64941"
"phoenix_live_view","1.0.17","EEF-CVE-2026-64941"
"phoenix_live_view","1.0.18","EEF-CVE-2026-64941"
"phoenix_live_view","1.0.2","EEF-CVE-2026-64941"
"phoenix_live_view","1.0.3","EEF-CVE-2026-64941"
"phoenix_live_view","1.0.4","EEF-CVE-2026-64941"
"phoenix_live_view","1.0.5","EEF-CVE-2026-64941"
"phoenix_live_view","1.0.6","EEF-CVE-2026-64941"
"phoenix_live_view","1.0.7","EEF-CVE-2026-64941"
"phoenix_live_view","1.0.8","EEF-CVE-2026-64941"
"phoenix_live_view","1.0.9","EEF-CVE-2026-64941"
"phoenix_live_view","1.1.0","EEF-CVE-2026-64941"
"phoenix_live_view","1.1.0-rc.0","EEF-CVE-2026-64941"
"phoenix_live_view","1.1.0-rc.1","EEF-CVE-2026-64941"
"phoenix_live_view","1.1.0-rc.2","EEF-CVE-2026-64941"
"phoenix_live_view","1.1.0-rc.3","EEF-CVE-2026-64941"
"phoenix_live_view","1.1.0-rc.4","EEF-CVE-2026-64941"
"phoenix_live_view","1.1.1","EEF-CVE-2026-64941"
"phoenix_live_view","1.1.10","EEF-CVE-2026-64941"
"phoenix_live_view","1.1.11","EEF-CVE-2026-64941"
"phoenix_live_view","1.1.12","EEF-CVE-2026-64941"
"phoenix_live_view","1.1.13","EEF-CVE-2026-64941"
"phoenix_live_view","1.1.14","EEF-CVE-2026-64941"
"phoenix_live_view","1.1.15","EEF-CVE-2026-64941"
"phoenix_live_view","1.1.16","EEF-CVE-2026-64941"
"phoenix_live_view","1.1.17","EEF-CVE-2026-64941"
"phoenix_live_view","1.1.18","EEF-CVE-2026-64941"
"phoenix_live_view","1.1.19","EEF-CVE-2026-64941"
"phoenix_live_view","1.1.2","EEF-CVE-2026-64941"
"phoenix_live_view","1.1.20","EEF-CVE-2026-64941"
"phoenix_live_view","1.1.21","EEF-CVE-2026-64941"
"phoenix_live_view","1.1.22","EEF-CVE-2026-64941"
"phoenix_live_view","1.1.23","EEF-CVE-2026-64941"
"phoenix_live_view","1.1.24","EEF-CVE-2026-64941"
"phoenix_live_view","1.1.25","EEF-CVE-2026-64941"
"phoenix_live_view","1.1.26","EEF-CVE-2026-64941"
"phoenix_live_view","1.1.27","EEF-CVE-2026-64941"
"phoenix_live_view","1.1.28","EEF-CVE-2026-64941"
"phoenix_live_view","1.1.29","EEF-CVE-2026-64941"
"phoenix_live_view","1.1.3","EEF-CVE-2026-64941"
"phoenix_live_view","1.1.30","EEF-CVE-2026-64941"
"phoenix_live_view","1.1.31","EEF-CVE-2026-64941"
"phoenix_live_view","1.1.32","EEF-CVE-2026-64941"
"phoenix_live_view","1.1.4","EEF-CVE-2026-64941"
"phoenix_live_view","1.1.5","EEF-CVE-2026-64941"
"phoenix_live_view","1.1.6","EEF-CVE-2026-64941"
"phoenix_live_view","1.1.7","EEF-CVE-2026-64941"
"phoenix_live_view","1.1.8","EEF-CVE-2026-64941"
"phoenix_live_view","1.1.9","EEF-CVE-2026-64941"
"phoenix_live_view","1.2.0","EEF-CVE-2026-64941"
"phoenix_live_view","1.2.0-rc.0","EEF-CVE-2026-64941"
"phoenix_live_view","1.2.0-rc.1","EEF-CVE-2026-64941"
"phoenix_live_view","1.2.0-rc.2","EEF-CVE-2026-64941"
"phoenix_live_view","1.2.0-rc.3","EEF-CVE-2026-64941"
"phoenix_live_view","1.2.1","EEF-CVE-2026-64941"
"phoenix_live_view","1.2.2","EEF-CVE-2026-64941"
"phoenix_live_view","1.2.3","EEF-CVE-2026-64941"
"phoenix_live_view","1.2.4","EEF-CVE-2026-64941"
"phoenix_live_view","1.2.5","EEF-CVE-2026-64941"
"phoenix_live_view","1.2.6","EEF-CVE-2026-64941"
"phoenix_live_view","1.2.7","EEF-CVE-2026-64941"
"phoenix_live_view","1.2.8","EEF-CVE-2026-64941"
"bandit","1.11.0","EEF-CVE-2026-65623"
"bandit","1.11.1","EEF-CVE-2026-65623"
"bandit","1.12.0","EEF-CVE-2026-65623"
"cowboy","2.0.0","EEF-CVE-2026-65624"
"cowboy","2.1.0","EEF-CVE-2026-65624"
"cowboy","2.10.0","EEF-CVE-2026-65624"
"cowboy","2.11.0","EEF-CVE-2026-65624"
"cowboy","2.12.0","EEF-CVE-2026-65624"
"cowboy","2.13.0","EEF-CVE-2026-65624"
"cowboy","2.14.0","EEF-CVE-2026-65624"
"cowboy","2.14.1","EEF-CVE-2026-65624"
"cowboy","2.14.2","EEF-CVE-2026-65624"
"cowboy","2.15.0","EEF-CVE-2026-65624"
"cowboy","2.16.0","EEF-CVE-2026-65624"
"cowboy","2.16.1","EEF-CVE-2026-65624"
"cowboy","2.17.0","EEF-CVE-2026-65624"
"cowboy","2.2.0","EEF-CVE-2026-65624"
"cowboy","2.2.1","EEF-CVE-2026-65624"
"cowboy","2.2.2","EEF-CVE-2026-65624"
"cowboy","2.3.0","EEF-CVE-2026-65624"
"cowboy","2.4.0","EEF-CVE-2026-65624"
"cowboy","2.5.0","EEF-CVE-2026-65624"
"cowboy","2.6.0","EEF-CVE-2026-65624"
"cowboy","2.6.1","EEF-CVE-2026-65624"
"cowboy","2.6.2","EEF-CVE-2026-65624"
"cowboy","2.6.3","EEF-CVE-2026-65624"
"cowboy","2.7.0","EEF-CVE-2026-65624"
"cowboy","2.8.0","EEF-CVE-2026-65624"
"cowboy","2.9.0","EEF-CVE-2026-65624"
"boruta","2.3.0","EEF-CVE-2026-65635"
"boruta","2.3.1","EEF-CVE-2026-65635"
"boruta","2.3.2","EEF-CVE-2026-65635"
"boruta","2.3.3","EEF-CVE-2026-65635"
"boruta","2.3.4","EEF-CVE-2026-65635"
"boruta","2.3.5","EEF-CVE-2026-65635"
"boruta","2.3.6","EEF-CVE-2026-65635"
"ymlr","0.0.1","EEF-CVE-2026-65636"
"ymlr","1.0.0","EEF-CVE-2026-65636"
"ymlr","1.0.1","EEF-CVE-2026-65636"
"ymlr","1.1.0","EEF-CVE-2026-65636"
"ymlr","2.0.0","EEF-CVE-2026-65636"
"ymlr","3.0.0","EEF-CVE-2026-65636"
"ymlr","3.0.1","EEF-CVE-2026-65636"
"ymlr","4.0.0","EEF-CVE-2026-65636"
"ymlr","4.1.0","EEF-CVE-2026-65636"
"ymlr","4.2.0","EEF-CVE-2026-65636"
"ymlr","5.0.0","EEF-CVE-2026-65636"
"ymlr","5.1.0","EEF-CVE-2026-65636"
"ymlr","5.1.1","EEF-CVE-2026-65636"
"ymlr","5.1.2","EEF-CVE-2026-65636"
"ymlr","5.1.3","EEF-CVE-2026-65636"
"ymlr","5.1.4","EEF-CVE-2026-65636"
"ymlr","5.1.5","EEF-CVE-2026-65636"
"oaskit","0.1.0","EEF-CVE-2026-66296"
"oaskit","0.1.1","EEF-CVE-2026-66296"
"oaskit","0.1.2","EEF-CVE-2026-66296"
"oaskit","0.10.0","EEF-CVE-2026-66296"
"oaskit","0.10.1","EEF-CVE-2026-66296"
"oaskit","0.11.0","EEF-CVE-2026-66296"
"oaskit","0.12.0","EEF-CVE-2026-66296"
"oaskit","0.13.0","EEF-CVE-2026-66296"
"oaskit","0.13.1","EEF-CVE-2026-66296"
"oaskit","0.13.2","EEF-CVE-2026-66296"
"oaskit","0.14.0","EEF-CVE-2026-66296"
"oaskit","0.2.0","EEF-CVE-2026-66296"
"oaskit","0.3.0","EEF-CVE-2026-66296"
"oaskit","0.3.1","EEF-CVE-2026-66296"
"oaskit","0.4.0","EEF-CVE-2026-66296"
"oaskit","0.4.1","EEF-CVE-2026-66296"
"oaskit","0.5.0","EEF-CVE-2026-66296"
"oaskit","0.5.1","EEF-CVE-2026-66296"
"oaskit","0.6.0","EEF-CVE-2026-66296"
"oaskit","0.7.0","EEF-CVE-2026-66296"
"oaskit","0.8.0","EEF-CVE-2026-66296"
"oaskit","0.9.0","EEF-CVE-2026-66296"
"oaskit","0.9.1","EEF-CVE-2026-66296"
"livebook","0.13.0","EEF-CVE-2026-66297"
"livebook","0.13.1","EEF-CVE-2026-66297"
"livebook","0.13.2","EEF-CVE-2026-66297"
"livebook","0.13.3","EEF-CVE-2026-66297"
"livebook","0.14.0","EEF-CVE-2026-66297"
"livebook","0.14.0-rc.0","EEF-CVE-2026-66297"
"livebook","0.14.0-rc.1","EEF-CVE-2026-66297"
"livebook","0.14.1","EEF-CVE-2026-66297"
"livebook","0.14.2","EEF-CVE-2026-66297"
"livebook","0.14.3","EEF-CVE-2026-66297"
"livebook","0.14.4","EEF-CVE-2026-66297"
"livebook","0.14.5","EEF-CVE-2026-66297"
"livebook","0.14.6","EEF-CVE-2026-66297"
"livebook","0.14.7","EEF-CVE-2026-66297"
"livebook","0.15.0","EEF-CVE-2026-66297"
"livebook","0.15.1","EEF-CVE-2026-66297"
"livebook","0.15.2","EEF-CVE-2026-66297"
"livebook","0.15.3","EEF-CVE-2026-66297"
"livebook","0.15.4","EEF-CVE-2026-66297"
"livebook","0.15.5","EEF-CVE-2026-66297"
"livebook","0.16.0","EEF-CVE-2026-66297"
"livebook","0.16.1","EEF-CVE-2026-66297"
"livebook","0.16.2","EEF-CVE-2026-66297"
"livebook","0.16.3","EEF-CVE-2026-66297"
"livebook","0.16.4","EEF-CVE-2026-66297"
"livebook","0.17.0","EEF-CVE-2026-66297"
"livebook","0.17.1","EEF-CVE-2026-66297"
"livebook","0.17.2","EEF-CVE-2026-66297"
"livebook","0.17.3","EEF-CVE-2026-66297"
"livebook","0.18.0","EEF-CVE-2026-66297"
"livebook","0.18.1","EEF-CVE-2026-66297"
"livebook","0.18.2","EEF-CVE-2026-66297"
"livebook","0.18.3","EEF-CVE-2026-66297"
"livebook","0.18.4","EEF-CVE-2026-66297"
"livebook","0.18.5","EEF-CVE-2026-66297"
"livebook","0.18.6","EEF-CVE-2026-66297"
"livebook","0.19.0","EEF-CVE-2026-66297"
"livebook","0.19.1","EEF-CVE-2026-66297"
"livebook","0.19.2","EEF-CVE-2026-66297"
"livebook","0.19.3","EEF-CVE-2026-66297"
"livebook","0.19.4","EEF-CVE-2026-66297"
"livebook","0.19.5","EEF-CVE-2026-66297"
"livebook","0.19.6","EEF-CVE-2026-66297"
"livebook","0.19.7","EEF-CVE-2026-66297"
"livebook","0.19.8","EEF-CVE-2026-66297"
"livebook","0.10.0","EEF-CVE-2026-66298"
"livebook","0.11.0","EEF-CVE-2026-66298"
"livebook","0.11.1","EEF-CVE-2026-66298"
"livebook","0.11.2","EEF-CVE-2026-66298"
"livebook","0.11.3","EEF-CVE-2026-66298"
"livebook","0.11.4","EEF-CVE-2026-66298"
"livebook","0.12.0","EEF-CVE-2026-66298"
"livebook","0.12.1","EEF-CVE-2026-66298"
"livebook","0.13.0","EEF-CVE-2026-66298"
"livebook","0.13.1","EEF-CVE-2026-66298"
"livebook","0.13.2","EEF-CVE-2026-66298"
"livebook","0.13.3","EEF-CVE-2026-66298"
"livebook","0.14.0","EEF-CVE-2026-66298"
"livebook","0.14.0-rc.0","EEF-CVE-2026-66298"
"livebook","0.14.0-rc.1","EEF-CVE-2026-66298"
"livebook","0.14.1","EEF-CVE-2026-66298"
"livebook","0.14.2","EEF-CVE-2026-66298"
"livebook","0.14.3","EEF-CVE-2026-66298"
"livebook","0.14.4","EEF-CVE-2026-66298"
"livebook","0.14.5","EEF-CVE-2026-66298"
"livebook","0.14.6","EEF-CVE-2026-66298"
"livebook","0.14.7","EEF-CVE-2026-66298"
"livebook","0.15.0","EEF-CVE-2026-66298"
"livebook","0.15.1","EEF-CVE-2026-66298"
"livebook","0.15.2","EEF-CVE-2026-66298"
"livebook","0.15.3","EEF-CVE-2026-66298"
"livebook","0.15.4","EEF-CVE-2026-66298"
"livebook","0.15.5","EEF-CVE-2026-66298"
"livebook","0.16.0","EEF-CVE-2026-66298"
"livebook","0.16.1","EEF-CVE-2026-66298"
"livebook","0.16.2","EEF-CVE-2026-66298"
"livebook","0.16.3","EEF-CVE-2026-66298"
"livebook","0.16.4","EEF-CVE-2026-66298"
"livebook","0.17.0","EEF-CVE-2026-66298"
"livebook","0.17.1","EEF-CVE-2026-66298"
"livebook","0.17.2","EEF-CVE-2026-66298"
"livebook","0.17.3","EEF-CVE-2026-66298"
"livebook","0.18.0","EEF-CVE-2026-66298"
"livebook","0.18.1","EEF-CVE-2026-66298"
"livebook","0.18.2","EEF-CVE-2026-66298"
"livebook","0.18.3","EEF-CVE-2026-66298"
"livebook","0.18.4","EEF-CVE-2026-66298"
"livebook","0.18.5","EEF-CVE-2026-66298"
"livebook","0.18.6","EEF-CVE-2026-66298"
"livebook","0.19.0","EEF-CVE-2026-66298"
"livebook","0.19.1","EEF-CVE-2026-66298"
"livebook","0.19.2","EEF-CVE-2026-66298"
"livebook","0.19.3","EEF-CVE-2026-66298"
"livebook","0.19.4","EEF-CVE-2026-66298"
"livebook","0.19.5","EEF-CVE-2026-66298"
"livebook","0.19.6","EEF-CVE-2026-66298"
"livebook","0.19.7","EEF-CVE-2026-66298"
"livebook","0.19.8","EEF-CVE-2026-66298"
"livebook","0.5.0","EEF-CVE-2026-66298"
"livebook","0.5.1","EEF-CVE-2026-66298"
"livebook","0.5.2","EEF-CVE-2026-66298"
"livebook","0.6.0","EEF-CVE-2026-66298"
"livebook","0.6.1","EEF-CVE-2026-66298"
"livebook","0.6.2","EEF-CVE-2026-66298"
"livebook","0.6.3","EEF-CVE-2026-66298"
"livebook","0.7.0","EEF-CVE-2026-66298"
"livebook","0.7.1","EEF-CVE-2026-66298"
"livebook","0.7.2","EEF-CVE-2026-66298"
"livebook","0.8.0","EEF-CVE-2026-66298"
"livebook","0.8.1","EEF-CVE-2026-66298"
"livebook","0.8.2","EEF-CVE-2026-66298"
"livebook","0.9.0","EEF-CVE-2026-66298"
"livebook","0.9.1","EEF-CVE-2026-66298"
"livebook","0.9.2","EEF-CVE-2026-66298"
"livebook","0.9.3","EEF-CVE-2026-66298"
"html_sanitize_ex","0.3.1","EEF-CVE-2026-66370"
"html_sanitize_ex","1.0.0","EEF-CVE-2026-66370"
"html_sanitize_ex","1.0.1","EEF-CVE-2026-66370"
"html_sanitize_ex","1.1.0","EEF-CVE-2026-66370"
"html_sanitize_ex","1.1.0-rc1","EEF-CVE-2026-66370"
"html_sanitize_ex","1.1.1","EEF-CVE-2026-66370"
"html_sanitize_ex","1.2.0","EEF-CVE-2026-66370"
"html_sanitize_ex","1.3.0","EEF-CVE-2026-66370"
"html_sanitize_ex","1.3.0-rc1","EEF-CVE-2026-66370"
"html_sanitize_ex","1.3.0-rc2","EEF-CVE-2026-66370"
"html_sanitize_ex","1.3.0-rc3","EEF-CVE-2026-66370"
"html_sanitize_ex","1.4.0","EEF-CVE-2026-66370"
"html_sanitize_ex","1.4.1","EEF-CVE-2026-66370"
"html_sanitize_ex","1.4.2","EEF-CVE-2026-66370"
"html_sanitize_ex","1.4.3","EEF-CVE-2026-66370"
"html_sanitize_ex","1.4.4","EEF-CVE-2026-66370"
"html_sanitize_ex","1.4.4-rc.0","EEF-CVE-2026-66370"
"html_sanitize_ex","1.5.0","EEF-CVE-2026-66370"
"html_sanitize_ex","1.5.0-rc.0","EEF-CVE-2026-66370"
"html_sanitize_ex","1.5.1","EEF-CVE-2026-66370"
"html_sanitize_ex","1.5.2","EEF-CVE-2026-66370"
"html_sanitize_ex","0.3.1","EEF-CVE-2026-66829"
"html_sanitize_ex","1.0.0","EEF-CVE-2026-66829"
"html_sanitize_ex","1.0.1","EEF-CVE-2026-66829"
"html_sanitize_ex","1.1.0","EEF-CVE-2026-66829"
"html_sanitize_ex","1.1.0-rc1","EEF-CVE-2026-66829"
"html_sanitize_ex","1.1.1","EEF-CVE-2026-66829"
"html_sanitize_ex","1.2.0","EEF-CVE-2026-66829"
"html_sanitize_ex","1.3.0","EEF-CVE-2026-66829"
"html_sanitize_ex","1.3.0-rc1","EEF-CVE-2026-66829"
"html_sanitize_ex","1.3.0-rc2","EEF-CVE-2026-66829"
"html_sanitize_ex","1.3.0-rc3","EEF-CVE-2026-66829"
"html_sanitize_ex","1.4.0","EEF-CVE-2026-66829"
"html_sanitize_ex","1.4.1","EEF-CVE-2026-66829"
"html_sanitize_ex","1.4.2","EEF-CVE-2026-66829"
"html_sanitize_ex","1.4.3","EEF-CVE-2026-66829"
"html_sanitize_ex","1.4.4","EEF-CVE-2026-66829"
"html_sanitize_ex","1.4.4-rc.0","EEF-CVE-2026-66829"
"html_sanitize_ex","1.5.0","EEF-CVE-2026-66829"
"html_sanitize_ex","1.5.0-rc.0","EEF-CVE-2026-66829"
"html_sanitize_ex","1.5.1","EEF-CVE-2026-66829"
"html_sanitize_ex","1.5.2","EEF-CVE-2026-66829"
"postgrex","0.19.3","EEF-CVE-2026-66838"
"postgrex","0.20.0","EEF-CVE-2026-66838"
"postgrex","0.21.0","EEF-CVE-2026-66838"
"postgrex","0.21.1","EEF-CVE-2026-66838"
"postgrex","0.22.0","EEF-CVE-2026-66838"
"postgrex","0.22.1","EEF-CVE-2026-66838"
"postgrex","0.22.2","EEF-CVE-2026-66838"
"postgrex","0.22.3","EEF-CVE-2026-66838"
"html_sanitize_ex","0.3.1","EEF-CVE-2026-66843"
"html_sanitize_ex","1.0.0","EEF-CVE-2026-66843"
"html_sanitize_ex","1.0.1","EEF-CVE-2026-66843"
"html_sanitize_ex","1.1.0","EEF-CVE-2026-66843"
"html_sanitize_ex","1.1.0-rc1","EEF-CVE-2026-66843"
"html_sanitize_ex","1.1.1","EEF-CVE-2026-66843"
"html_sanitize_ex","1.2.0","EEF-CVE-2026-66843"
"html_sanitize_ex","1.3.0","EEF-CVE-2026-66843"
"html_sanitize_ex","1.3.0-rc1","EEF-CVE-2026-66843"
"html_sanitize_ex","1.3.0-rc2","EEF-CVE-2026-66843"
"html_sanitize_ex","1.3.0-rc3","EEF-CVE-2026-66843"
"html_sanitize_ex","1.4.0","EEF-CVE-2026-66843"
"html_sanitize_ex","1.4.1","EEF-CVE-2026-66843"
"html_sanitize_ex","1.4.2","EEF-CVE-2026-66843"
"html_sanitize_ex","1.4.3","EEF-CVE-2026-66843"
"html_sanitize_ex","1.4.4","EEF-CVE-2026-66843"
"html_sanitize_ex","1.4.4-rc.0","EEF-CVE-2026-66843"
"html_sanitize_ex","1.5.0","EEF-CVE-2026-66843"
"html_sanitize_ex","1.5.0-rc.0","EEF-CVE-2026-66843"
"html_sanitize_ex","1.5.1","EEF-CVE-2026-66843"
"html_sanitize_ex","1.5.2","EEF-CVE-2026-66843"
"livebook","0.11.0","EEF-CVE-2026-66881"
"livebook","0.11.1","EEF-CVE-2026-66881"
"livebook","0.11.2","EEF-CVE-2026-66881"
"livebook","0.11.3","EEF-CVE-2026-66881"
"livebook","0.11.4","EEF-CVE-2026-66881"
"livebook","0.12.0","EEF-CVE-2026-66881"
"livebook","0.12.1","EEF-CVE-2026-66881"
"livebook","0.13.0","EEF-CVE-2026-66881"
"livebook","0.13.1","EEF-CVE-2026-66881"
"livebook","0.13.2","EEF-CVE-2026-66881"
"livebook","0.13.3","EEF-CVE-2026-66881"
"livebook","0.14.0","EEF-CVE-2026-66881"
"livebook","0.14.0-rc.0","EEF-CVE-2026-66881"
"livebook","0.14.0-rc.1","EEF-CVE-2026-66881"
"livebook","0.14.1","EEF-CVE-2026-66881"
"livebook","0.14.2","EEF-CVE-2026-66881"
"livebook","0.14.3","EEF-CVE-2026-66881"
"livebook","0.14.4","EEF-CVE-2026-66881"
"livebook","0.14.5","EEF-CVE-2026-66881"
"livebook","0.14.6","EEF-CVE-2026-66881"
"livebook","0.14.7","EEF-CVE-2026-66881"
"livebook","0.15.0","EEF-CVE-2026-66881"
"livebook","0.15.1","EEF-CVE-2026-66881"
"livebook","0.15.2","EEF-CVE-2026-66881"
"livebook","0.15.3","EEF-CVE-2026-66881"
"livebook","0.15.4","EEF-CVE-2026-66881"
"livebook","0.15.5","EEF-CVE-2026-66881"
"livebook","0.16.0","EEF-CVE-2026-66881"
"livebook","0.16.1","EEF-CVE-2026-66881"
"livebook","0.16.2","EEF-CVE-2026-66881"
"livebook","0.16.3","EEF-CVE-2026-66881"
"livebook","0.16.4","EEF-CVE-2026-66881"
"livebook","0.17.0","EEF-CVE-2026-66881"
"livebook","0.17.1","EEF-CVE-2026-66881"
"livebook","0.17.2","EEF-CVE-2026-66881"
"livebook","0.17.3","EEF-CVE-2026-66881"
"livebook","0.18.0","EEF-CVE-2026-66881"
"livebook","0.18.1","EEF-CVE-2026-66881"
"livebook","0.18.2","EEF-CVE-2026-66881"
"livebook","0.18.3","EEF-CVE-2026-66881"
"livebook","0.18.4","EEF-CVE-2026-66881"
"livebook","0.18.5","EEF-CVE-2026-66881"
"livebook","0.18.6","EEF-CVE-2026-66881"
"livebook","0.19.0","EEF-CVE-2026-66881"
"livebook","0.19.1","EEF-CVE-2026-66881"
"livebook","0.19.2","EEF-CVE-2026-66881"
"livebook","0.19.3","EEF-CVE-2026-66881"
"livebook","0.19.4","EEF-CVE-2026-66881"
"livebook","0.19.5","EEF-CVE-2026-66881"
"livebook","0.19.6","EEF-CVE-2026-66881"
"livebook","0.19.7","EEF-CVE-2026-66881"
"livebook","0.19.8","EEF-CVE-2026-66881"
"oidcc_plug","0.1.0","EEF-CVE-2026-66883"
"oidcc_plug","0.1.0-alpha.3","EEF-CVE-2026-66883"
"oidcc_plug","0.1.0-alpha.4","EEF-CVE-2026-66883"
"oidcc_plug","0.1.0-rc.1","EEF-CVE-2026-66883"
"oidcc_plug","0.1.0-rc.2","EEF-CVE-2026-66883"
"oidcc_plug","0.1.1","EEF-CVE-2026-66883"
"oidcc_plug","0.1.2","EEF-CVE-2026-66883"
"oidcc_plug","0.2.0","EEF-CVE-2026-66883"
"oidcc_plug","0.2.0-beta.1","EEF-CVE-2026-66883"
"oidcc_plug","0.2.1","EEF-CVE-2026-66883"
"oidcc_plug","0.2.2","EEF-CVE-2026-66883"
"oidcc_plug","0.3.0","EEF-CVE-2026-66883"
"oidcc_plug","0.3.1","EEF-CVE-2026-66883"
"oidcc_plug","0.3.2","EEF-CVE-2026-66883"
"oidcc_plug","0.4.0","EEF-CVE-2026-66883"
"oidcc_plug","0.2.0","EEF-CVE-2026-66884"
"oidcc_plug","0.2.0-beta.1","EEF-CVE-2026-66884"
"oidcc_plug","0.2.1","EEF-CVE-2026-66884"
"oidcc_plug","0.2.2","EEF-CVE-2026-66884"
"oidcc_plug","0.3.0","EEF-CVE-2026-66884"
"oidcc_plug","0.3.1","EEF-CVE-2026-66884"
"oidcc_plug","0.3.2","EEF-CVE-2026-66884"
"oidcc_plug","0.4.0","EEF-CVE-2026-66884"
"livebook","0.15.0","EEF-CVE-2026-66885"
"livebook","0.15.1","EEF-CVE-2026-66885"
"livebook","0.15.2","EEF-CVE-2026-66885"
"livebook","0.15.3","EEF-CVE-2026-66885"
"livebook","0.15.4","EEF-CVE-2026-66885"
"livebook","0.15.5","EEF-CVE-2026-66885"
"livebook","0.16.0","EEF-CVE-2026-66885"
"livebook","0.16.1","EEF-CVE-2026-66885"
"livebook","0.16.2","EEF-CVE-2026-66885"
"livebook","0.16.3","EEF-CVE-2026-66885"
"livebook","0.16.4","EEF-CVE-2026-66885"
"livebook","0.17.0","EEF-CVE-2026-66885"
"livebook","0.17.1","EEF-CVE-2026-66885"
"livebook","0.17.2","EEF-CVE-2026-66885"
"livebook","0.17.3","EEF-CVE-2026-66885"
"livebook","0.18.0","EEF-CVE-2026-66885"
"livebook","0.18.1","EEF-CVE-2026-66885"
"livebook","0.18.2","EEF-CVE-2026-66885"
"livebook","0.18.3","EEF-CVE-2026-66885"
"livebook","0.18.4","EEF-CVE-2026-66885"
"livebook","0.18.5","EEF-CVE-2026-66885"
"livebook","0.18.6","EEF-CVE-2026-66885"
"livebook","0.19.0","EEF-CVE-2026-66885"
"livebook","0.19.1","EEF-CVE-2026-66885"
"livebook","0.19.2","EEF-CVE-2026-66885"
"livebook","0.19.3","EEF-CVE-2026-66885"
"livebook","0.19.4","EEF-CVE-2026-66885"
"livebook","0.19.5","EEF-CVE-2026-66885"
"livebook","0.19.6","EEF-CVE-2026-66885"
"livebook","0.19.7","EEF-CVE-2026-66885"
"livebook","0.19.8","EEF-CVE-2026-66885"
"ash","1.17.0","EEF-CVE-2026-67579"
"ash","1.17.1","EEF-CVE-2026-67579"
"ash","1.18.0","EEF-CVE-2026-67579"
"ash","1.18.1","EEF-CVE-2026-67579"
"ash","1.19.0","EEF-CVE-2026-67579"
"ash","1.19.1","EEF-CVE-2026-67579"
"ash","1.20.0","EEF-CVE-2026-67579"
"ash","1.20.1","EEF-CVE-2026-67579"
"ash","1.22.0","EEF-CVE-2026-67579"
"ash","1.22.1","EEF-CVE-2026-67579"
"ash","1.23.0","EEF-CVE-2026-67579"
"ash","1.23.1","EEF-CVE-2026-67579"
"ash","1.23.2","EEF-CVE-2026-67579"
"ash","1.23.3","EEF-CVE-2026-67579"
"ash","1.24.0","EEF-CVE-2026-67579"
"ash","1.24.1","EEF-CVE-2026-67579"
"ash","1.24.2","EEF-CVE-2026-67579"
"ash","1.25.0","EEF-CVE-2026-67579"
"ash","1.25.1","EEF-CVE-2026-67579"
"ash","1.25.2","EEF-CVE-2026-67579"
"ash","1.25.3","EEF-CVE-2026-67579"
"ash","1.25.4","EEF-CVE-2026-67579"
"ash","1.25.5","EEF-CVE-2026-67579"
"ash","1.25.6","EEF-CVE-2026-67579"
"ash","1.25.7","EEF-CVE-2026-67579"
"ash","1.25.8","EEF-CVE-2026-67579"
"ash","1.26.0","EEF-CVE-2026-67579"
"ash","1.26.1","EEF-CVE-2026-67579"
"ash","1.26.10","EEF-CVE-2026-67579"
"ash","1.26.11","EEF-CVE-2026-67579"
"ash","1.26.12","EEF-CVE-2026-67579"
"ash","1.26.13","EEF-CVE-2026-67579"
"ash","1.26.2","EEF-CVE-2026-67579"
"ash","1.26.4","EEF-CVE-2026-67579"
"ash","1.26.5","EEF-CVE-2026-67579"
"ash","1.26.6","EEF-CVE-2026-67579"
"ash","1.26.7","EEF-CVE-2026-67579"
"ash","1.26.8","EEF-CVE-2026-67579"
"ash","1.26.9","EEF-CVE-2026-67579"
"ash","1.27.0","EEF-CVE-2026-67579"
"ash","1.27.1","EEF-CVE-2026-67579"
"ash","1.28.0","EEF-CVE-2026-67579"
"ash","1.28.1","EEF-CVE-2026-67579"
"ash","1.29.0-rc0","EEF-CVE-2026-67579"
"ash","1.29.0-rc1","EEF-CVE-2026-67579"
"ash","1.30.1","EEF-CVE-2026-67579"
"ash","1.30.2","EEF-CVE-2026-67579"
"ash","1.31.0","EEF-CVE-2026-67579"
"ash","1.31.1","EEF-CVE-2026-67579"
"ash","1.32.0","EEF-CVE-2026-67579"
"ash","1.32.1","EEF-CVE-2026-67579"
"ash","1.32.2","EEF-CVE-2026-67579"
"ash","1.33.0","EEF-CVE-2026-67579"
"ash","1.34.0","EEF-CVE-2026-67579"
"ash","1.34.1","EEF-CVE-2026-67579"
"ash","1.34.2","EEF-CVE-2026-67579"
"ash","1.34.3","EEF-CVE-2026-67579"
"ash","1.34.4","EEF-CVE-2026-67579"
"ash","1.34.5","EEF-CVE-2026-67579"
"ash","1.34.6","EEF-CVE-2026-67579"
"ash","1.34.7","EEF-CVE-2026-67579"
"ash","1.34.8","EEF-CVE-2026-67579"
"ash","1.34.9","EEF-CVE-2026-67579"
"ash","1.35.0","EEF-CVE-2026-67579"
"ash","1.35.1","EEF-CVE-2026-67579"
"ash","1.36.0","EEF-CVE-2026-67579"
"ash","1.36.10","EEF-CVE-2026-67579"
"ash","1.36.11","EEF-CVE-2026-67579"
"ash","1.36.12","EEF-CVE-2026-67579"
"ash","1.36.13","EEF-CVE-2026-67579"
"ash","1.36.14","EEF-CVE-2026-67579"
"ash","1.36.15","EEF-CVE-2026-67579"
"ash","1.36.16","EEF-CVE-2026-67579"
"ash","1.36.17","EEF-CVE-2026-67579"
"ash","1.36.18","EEF-CVE-2026-67579"
"ash","1.36.19","EEF-CVE-2026-67579"
"ash","1.36.2","EEF-CVE-2026-67579"
"ash","1.36.21","EEF-CVE-2026-67579"
"ash","1.36.22","EEF-CVE-2026-67579"
"ash","1.36.3","EEF-CVE-2026-67579"
"ash","1.36.4","EEF-CVE-2026-67579"
"ash","1.36.5","EEF-CVE-2026-67579"
"ash","1.36.6","EEF-CVE-2026-67579"
"ash","1.36.7","EEF-CVE-2026-67579"
"ash","1.36.8","EEF-CVE-2026-67579"
"ash","1.36.9","EEF-CVE-2026-67579"
"ash","1.37.0","EEF-CVE-2026-67579"
"ash","1.37.1","EEF-CVE-2026-67579"
"ash","1.37.2","EEF-CVE-2026-67579"
"ash","1.38.0","EEF-CVE-2026-67579"
"ash","1.39.0","EEF-CVE-2026-67579"
"ash","1.39.1","EEF-CVE-2026-67579"
"ash","1.39.2","EEF-CVE-2026-67579"
"ash","1.39.3","EEF-CVE-2026-67579"
"ash","1.39.4","EEF-CVE-2026-67579"
"ash","1.39.5","EEF-CVE-2026-67579"
"ash","1.39.6","EEF-CVE-2026-67579"
"ash","1.39.7","EEF-CVE-2026-67579"
"ash","1.40.0","EEF-CVE-2026-67579"
"ash","1.41.0","EEF-CVE-2026-67579"
"ash","1.41.1","EEF-CVE-2026-67579"
"ash","1.41.10","EEF-CVE-2026-67579"
"ash","1.41.11","EEF-CVE-2026-67579"
"ash","1.41.12","EEF-CVE-2026-67579"
"ash","1.41.2","EEF-CVE-2026-67579"
"ash","1.41.3","EEF-CVE-2026-67579"
"ash","1.41.4","EEF-CVE-2026-67579"
"ash","1.41.5","EEF-CVE-2026-67579"
"ash","1.41.6","EEF-CVE-2026-67579"
"ash","1.41.7","EEF-CVE-2026-67579"
"ash","1.41.8","EEF-CVE-2026-67579"
"ash","1.41.9","EEF-CVE-2026-67579"
"ash","1.42.0","EEF-CVE-2026-67579"
"ash","1.43.0","EEF-CVE-2026-67579"
"ash","1.43.1","EEF-CVE-2026-67579"
"ash","1.43.10","EEF-CVE-2026-67579"
"ash","1.43.11","EEF-CVE-2026-67579"
"ash","1.43.12","EEF-CVE-2026-67579"
"ash","1.43.2","EEF-CVE-2026-67579"
"ash","1.43.3","EEF-CVE-2026-67579"
"ash","1.43.4","EEF-CVE-2026-67579"
"ash","1.43.5","EEF-CVE-2026-67579"
"ash","1.43.6","EEF-CVE-2026-67579"
"ash","1.43.7","EEF-CVE-2026-67579"
"ash","1.43.8","EEF-CVE-2026-67579"
"ash","1.43.9","EEF-CVE-2026-67579"
"ash","1.44.0","EEF-CVE-2026-67579"
"ash","1.44.1","EEF-CVE-2026-67579"
"ash","1.44.10","EEF-CVE-2026-67579"
"ash","1.44.11","EEF-CVE-2026-67579"
"ash","1.44.12","EEF-CVE-2026-67579"
"ash","1.44.13","EEF-CVE-2026-67579"
"ash","1.44.2","EEF-CVE-2026-67579"
"ash","1.44.3","EEF-CVE-2026-67579"
"ash","1.44.4","EEF-CVE-2026-67579"
"ash","1.44.5","EEF-CVE-2026-67579"
"ash","1.44.6","EEF-CVE-2026-67579"
"ash","1.44.7","EEF-CVE-2026-67579"
"ash","1.44.8","EEF-CVE-2026-67579"
"ash","1.44.9","EEF-CVE-2026-67579"
"ash","1.45.0-rc0","EEF-CVE-2026-67579"
"ash","1.45.0-rc1","EEF-CVE-2026-67579"
"ash","1.45.0-rc10","EEF-CVE-2026-67579"
"ash","1.45.0-rc11","EEF-CVE-2026-67579"
"ash","1.45.0-rc12","EEF-CVE-2026-67579"
"ash","1.45.0-rc13","EEF-CVE-2026-67579"
"ash","1.45.0-rc14","EEF-CVE-2026-67579"
"ash","1.45.0-rc15","EEF-CVE-2026-67579"
"ash","1.45.0-rc16","EEF-CVE-2026-67579"
"ash","1.45.0-rc17","EEF-CVE-2026-67579"
"ash","1.45.0-rc18","EEF-CVE-2026-67579"
"ash","1.45.0-rc19","EEF-CVE-2026-67579"
"ash","1.45.0-rc2","EEF-CVE-2026-67579"
"ash","1.45.0-rc20","EEF-CVE-2026-67579"
"ash","1.45.0-rc3","EEF-CVE-2026-67579"
"ash","1.45.0-rc4","EEF-CVE-2026-67579"
"ash","1.45.0-rc5","EEF-CVE-2026-67579"
"ash","1.45.0-rc6","EEF-CVE-2026-67579"
"ash","1.45.0-rc7","EEF-CVE-2026-67579"
"ash","1.45.0-rc8","EEF-CVE-2026-67579"
"ash","1.45.0-rc9","EEF-CVE-2026-67579"
"ash","1.46.0","EEF-CVE-2026-67579"
"ash","1.46.1","EEF-CVE-2026-67579"
"ash","1.46.10","EEF-CVE-2026-67579"
"ash","1.46.11","EEF-CVE-2026-67579"
"ash","1.46.12","EEF-CVE-2026-67579"
"ash","1.46.13","EEF-CVE-2026-67579"
"ash","1.46.2","EEF-CVE-2026-67579"
"ash","1.46.3","EEF-CVE-2026-67579"
"ash","1.46.4","EEF-CVE-2026-67579"
"ash","1.46.5","EEF-CVE-2026-67579"
"ash","1.46.6","EEF-CVE-2026-67579"
"ash","1.46.7","EEF-CVE-2026-67579"
"ash","1.46.8","EEF-CVE-2026-67579"
"ash","1.46.9","EEF-CVE-2026-67579"
"ash","1.47.0","EEF-CVE-2026-67579"
"ash","1.47.1","EEF-CVE-2026-67579"
"ash","1.47.10","EEF-CVE-2026-67579"
"ash","1.47.11","EEF-CVE-2026-67579"
"ash","1.47.12","EEF-CVE-2026-67579"
"ash","1.47.2","EEF-CVE-2026-67579"
"ash","1.47.3","EEF-CVE-2026-67579"
"ash","1.47.4","EEF-CVE-2026-67579"
"ash","1.47.5","EEF-CVE-2026-67579"
"ash","1.47.6","EEF-CVE-2026-67579"
"ash","1.47.7","EEF-CVE-2026-67579"
"ash","1.47.8","EEF-CVE-2026-67579"
"ash","1.47.9","EEF-CVE-2026-67579"
"ash","1.48.0-rc.0","EEF-CVE-2026-67579"
"ash","1.48.0-rc.1","EEF-CVE-2026-67579"
"ash","1.48.0-rc.10","EEF-CVE-2026-67579"
"ash","1.48.0-rc.11","EEF-CVE-2026-67579"
"ash","1.48.0-rc.12","EEF-CVE-2026-67579"
"ash","1.48.0-rc.13","EEF-CVE-2026-67579"
"ash","1.48.0-rc.14","EEF-CVE-2026-67579"
"ash","1.48.0-rc.15","EEF-CVE-2026-67579"
"ash","1.48.0-rc.16","EEF-CVE-2026-67579"
"ash","1.48.0-rc.17","EEF-CVE-2026-67579"
"ash","1.48.0-rc.18","EEF-CVE-2026-67579"
"ash","1.48.0-rc.19","EEF-CVE-2026-67579"
"ash","1.48.0-rc.2","EEF-CVE-2026-67579"
"ash","1.48.0-rc.20","EEF-CVE-2026-67579"
"ash","1.48.0-rc.21","EEF-CVE-2026-67579"
"ash","1.48.0-rc.22","EEF-CVE-2026-67579"
"ash","1.48.0-rc.23","EEF-CVE-2026-67579"
"ash","1.48.0-rc.24","EEF-CVE-2026-67579"
"ash","1.48.0-rc.25","EEF-CVE-2026-67579"
"ash","1.48.0-rc.26","EEF-CVE-2026-67579"
"ash","1.48.0-rc.27","EEF-CVE-2026-67579"
"ash","1.48.0-rc.28","EEF-CVE-2026-67579"
"ash","1.48.0-rc.29","EEF-CVE-2026-67579"
"ash","1.48.0-rc.3","EEF-CVE-2026-67579"
"ash","1.48.0-rc.30","EEF-CVE-2026-67579"
"ash","1.48.0-rc.4","EEF-CVE-2026-67579"
"ash","1.48.0-rc.5","EEF-CVE-2026-67579"
"ash","1.48.0-rc.6","EEF-CVE-2026-67579"
"ash","1.48.0-rc.7","EEF-CVE-2026-67579"
"ash","1.48.0-rc.8","EEF-CVE-2026-67579"
"ash","1.48.0-rc.9","EEF-CVE-2026-67579"
"ash","1.49.0","EEF-CVE-2026-67579"
"ash","1.50.0","EEF-CVE-2026-67579"
"ash","1.50.1","EEF-CVE-2026-67579"
"ash","1.50.10","EEF-CVE-2026-67579"
"ash","1.50.11","EEF-CVE-2026-67579"
"ash","1.50.12","EEF-CVE-2026-67579"
"ash","1.50.13","EEF-CVE-2026-67579"
"ash","1.50.14","EEF-CVE-2026-67579"
"ash","1.50.15","EEF-CVE-2026-67579"
"ash","1.50.16","EEF-CVE-2026-67579"
"ash","1.50.17","EEF-CVE-2026-67579"
"ash","1.50.18","EEF-CVE-2026-67579"
"ash","1.50.19","EEF-CVE-2026-67579"
"ash","1.50.2","EEF-CVE-2026-67579"
"ash","1.50.20","EEF-CVE-2026-67579"
"ash","1.50.21","EEF-CVE-2026-67579"
"ash","1.50.3","EEF-CVE-2026-67579"
"ash","1.50.4","EEF-CVE-2026-67579"
"ash","1.50.5","EEF-CVE-2026-67579"
"ash","1.50.6","EEF-CVE-2026-67579"
"ash","1.50.7","EEF-CVE-2026-67579"
"ash","1.50.8","EEF-CVE-2026-67579"
"ash","1.50.9","EEF-CVE-2026-67579"
"ash","1.51.0","EEF-CVE-2026-67579"
"ash","1.51.1","EEF-CVE-2026-67579"
"ash","1.51.2","EEF-CVE-2026-67579"
"ash","1.52.0-rc.0","EEF-CVE-2026-67579"
"ash","1.52.0-rc.1","EEF-CVE-2026-67579"
"ash","1.52.0-rc.10","EEF-CVE-2026-67579"
"ash","1.52.0-rc.11","EEF-CVE-2026-67579"
"ash","1.52.0-rc.12","EEF-CVE-2026-67579"
"ash","1.52.0-rc.13","EEF-CVE-2026-67579"
"ash","1.52.0-rc.14","EEF-CVE-2026-67579"
"ash","1.52.0-rc.15","EEF-CVE-2026-67579"
"ash","1.52.0-rc.16","EEF-CVE-2026-67579"
"ash","1.52.0-rc.17","EEF-CVE-2026-67579"
"ash","1.52.0-rc.18","EEF-CVE-2026-67579"
"ash","1.52.0-rc.19","EEF-CVE-2026-67579"
"ash","1.52.0-rc.2","EEF-CVE-2026-67579"
"ash","1.52.0-rc.20","EEF-CVE-2026-67579"
"ash","1.52.0-rc.21","EEF-CVE-2026-67579"
"ash","1.52.0-rc.22","EEF-CVE-2026-67579"
"ash","1.52.0-rc.3","EEF-CVE-2026-67579"
"ash","1.52.0-rc.4","EEF-CVE-2026-67579"
"ash","1.52.0-rc.5","EEF-CVE-2026-67579"
"ash","1.52.0-rc.6","EEF-CVE-2026-67579"
"ash","1.52.0-rc.7","EEF-CVE-2026-67579"
"ash","1.52.0-rc.8","EEF-CVE-2026-67579"
"ash","1.52.0-rc.9","EEF-CVE-2026-67579"
"ash","1.53.0","EEF-CVE-2026-67579"
"ash","1.53.2","EEF-CVE-2026-67579"
"ash","1.53.3","EEF-CVE-2026-67579"
"ash","2.0.0","EEF-CVE-2026-67579"
"ash","2.0.0-pre.0","EEF-CVE-2026-67579"
"ash","2.0.0-pre.1","EEF-CVE-2026-67579"
"ash","2.0.0-pre.2","EEF-CVE-2026-67579"
"ash","2.0.0-pre.3","EEF-CVE-2026-67579"
"ash","2.0.0-pre.4","EEF-CVE-2026-67579"
"ash","2.0.0-pre.5","EEF-CVE-2026-67579"
"ash","2.0.0-pre.6","EEF-CVE-2026-67579"
"ash","2.0.0-pre.7","EEF-CVE-2026-67579"
"ash","2.0.0-pre.8","EEF-CVE-2026-67579"
"ash","2.0.0-rc.0","EEF-CVE-2026-67579"
"ash","2.0.0-rc.1","EEF-CVE-2026-67579"
"ash","2.0.0-rc.10","EEF-CVE-2026-67579"
"ash","2.0.0-rc.11","EEF-CVE-2026-67579"
"ash","2.0.0-rc.12","EEF-CVE-2026-67579"
"ash","2.0.0-rc.13","EEF-CVE-2026-67579"
"ash","2.0.0-rc.14","EEF-CVE-2026-67579"
"ash","2.0.0-rc.15","EEF-CVE-2026-67579"
"ash","2.0.0-rc.2","EEF-CVE-2026-67579"
"ash","2.0.0-rc.3","EEF-CVE-2026-67579"
"ash","2.0.0-rc.4","EEF-CVE-2026-67579"
"ash","2.0.0-rc.5","EEF-CVE-2026-67579"
"ash","2.0.0-rc.6","EEF-CVE-2026-67579"
"ash","2.0.0-rc.7","EEF-CVE-2026-67579"
"ash","2.0.0-rc.8","EEF-CVE-2026-67579"
"ash","2.0.0-rc.9","EEF-CVE-2026-67579"
"ash","2.1.0","EEF-CVE-2026-67579"
"ash","2.10.0","EEF-CVE-2026-67579"
"ash","2.10.1","EEF-CVE-2026-67579"
"ash","2.10.2","EEF-CVE-2026-67579"
"ash","2.11.0","EEF-CVE-2026-67579"
"ash","2.11.0-rc.0","EEF-CVE-2026-67579"
"ash","2.11.0-rc.1","EEF-CVE-2026-67579"
"ash","2.11.0-rc.2","EEF-CVE-2026-67579"
"ash","2.11.0-rc.3","EEF-CVE-2026-67579"
"ash","2.11.1","EEF-CVE-2026-67579"
"ash","2.11.10","EEF-CVE-2026-67579"
"ash","2.11.11","EEF-CVE-2026-67579"
"ash","2.11.2","EEF-CVE-2026-67579"
"ash","2.11.3","EEF-CVE-2026-67579"
"ash","2.11.4","EEF-CVE-2026-67579"
"ash","2.11.5","EEF-CVE-2026-67579"
"ash","2.11.6","EEF-CVE-2026-67579"
"ash","2.11.7","EEF-CVE-2026-67579"
"ash","2.11.8","EEF-CVE-2026-67579"
"ash","2.11.9","EEF-CVE-2026-67579"
"ash","2.12.0","EEF-CVE-2026-67579"
"ash","2.12.1","EEF-CVE-2026-67579"
"ash","2.13.0","EEF-CVE-2026-67579"
"ash","2.13.1","EEF-CVE-2026-67579"
"ash","2.13.2","EEF-CVE-2026-67579"
"ash","2.13.3","EEF-CVE-2026-67579"
"ash","2.13.4","EEF-CVE-2026-67579"
"ash","2.14.0","EEF-CVE-2026-67579"
"ash","2.14.1","EEF-CVE-2026-67579"
"ash","2.14.10","EEF-CVE-2026-67579"
"ash","2.14.11","EEF-CVE-2026-67579"
"ash","2.14.12","EEF-CVE-2026-67579"
"ash","2.14.13","EEF-CVE-2026-67579"
"ash","2.14.14","EEF-CVE-2026-67579"
"ash","2.14.15","EEF-CVE-2026-67579"
"ash","2.14.16","EEF-CVE-2026-67579"
"ash","2.14.17","EEF-CVE-2026-67579"
"ash","2.14.18","EEF-CVE-2026-67579"
"ash","2.14.19","EEF-CVE-2026-67579"
"ash","2.14.2","EEF-CVE-2026-67579"
"ash","2.14.20","EEF-CVE-2026-67579"
"ash","2.14.21","EEF-CVE-2026-67579"
"ash","2.14.3","EEF-CVE-2026-67579"
"ash","2.14.4","EEF-CVE-2026-67579"
"ash","2.14.5","EEF-CVE-2026-67579"
"ash","2.14.6","EEF-CVE-2026-67579"
"ash","2.14.7","EEF-CVE-2026-67579"
"ash","2.14.8","EEF-CVE-2026-67579"
"ash","2.14.9","EEF-CVE-2026-67579"
"ash","2.15.0","EEF-CVE-2026-67579"
"ash","2.15.1","EEF-CVE-2026-67579"
"ash","2.15.10","EEF-CVE-2026-67579"
"ash","2.15.11","EEF-CVE-2026-67579"
"ash","2.15.12","EEF-CVE-2026-67579"
"ash","2.15.13","EEF-CVE-2026-67579"
"ash","2.15.14","EEF-CVE-2026-67579"
"ash","2.15.15","EEF-CVE-2026-67579"
"ash","2.15.16","EEF-CVE-2026-67579"
"ash","2.15.17","EEF-CVE-2026-67579"
"ash","2.15.18","EEF-CVE-2026-67579"
"ash","2.15.19","EEF-CVE-2026-67579"
"ash","2.15.2","EEF-CVE-2026-67579"
"ash","2.15.20","EEF-CVE-2026-67579"
"ash","2.15.4","EEF-CVE-2026-67579"
"ash","2.15.5","EEF-CVE-2026-67579"
"ash","2.15.6","EEF-CVE-2026-67579"
"ash","2.15.7","EEF-CVE-2026-67579"
"ash","2.15.8","EEF-CVE-2026-67579"
"ash","2.15.9","EEF-CVE-2026-67579"
"ash","2.16.0","EEF-CVE-2026-67579"
"ash","2.16.1","EEF-CVE-2026-67579"
"ash","2.17.0","EEF-CVE-2026-67579"
"ash","2.17.1","EEF-CVE-2026-67579"
"ash","2.17.10","EEF-CVE-2026-67579"
"ash","2.17.11","EEF-CVE-2026-67579"
"ash","2.17.12","EEF-CVE-2026-67579"
"ash","2.17.13","EEF-CVE-2026-67579"
"ash","2.17.14","EEF-CVE-2026-67579"
"ash","2.17.15","EEF-CVE-2026-67579"
"ash","2.17.16","EEF-CVE-2026-67579"
"ash","2.17.17","EEF-CVE-2026-67579"
"ash","2.17.18","EEF-CVE-2026-67579"
"ash","2.17.19","EEF-CVE-2026-67579"
"ash","2.17.2","EEF-CVE-2026-67579"
"ash","2.17.20","EEF-CVE-2026-67579"
"ash","2.17.21","EEF-CVE-2026-67579"
"ash","2.17.22","EEF-CVE-2026-67579"
"ash","2.17.23","EEF-CVE-2026-67579"
"ash","2.17.24","EEF-CVE-2026-67579"
"ash","2.17.3","EEF-CVE-2026-67579"
"ash","2.17.4","EEF-CVE-2026-67579"
"ash","2.17.5","EEF-CVE-2026-67579"
"ash","2.17.6","EEF-CVE-2026-67579"
"ash","2.17.7","EEF-CVE-2026-67579"
"ash","2.17.8","EEF-CVE-2026-67579"
"ash","2.17.9","EEF-CVE-2026-67579"
"ash","2.18.0","EEF-CVE-2026-67579"
"ash","2.18.1","EEF-CVE-2026-67579"
"ash","2.18.2","EEF-CVE-2026-67579"
"ash","2.19.0","EEF-CVE-2026-67579"
"ash","2.19.1","EEF-CVE-2026-67579"
"ash","2.19.10","EEF-CVE-2026-67579"
"ash","2.19.11","EEF-CVE-2026-67579"
"ash","2.19.12","EEF-CVE-2026-67579"
"ash","2.19.13","EEF-CVE-2026-67579"
"ash","2.19.14","EEF-CVE-2026-67579"
"ash","2.19.2","EEF-CVE-2026-67579"
"ash","2.19.3","EEF-CVE-2026-67579"
"ash","2.19.4","EEF-CVE-2026-67579"
"ash","2.19.5","EEF-CVE-2026-67579"
"ash","2.19.6","EEF-CVE-2026-67579"
"ash","2.19.7","EEF-CVE-2026-67579"
"ash","2.19.8","EEF-CVE-2026-67579"
"ash","2.19.9","EEF-CVE-2026-67579"
"ash","2.2.0","EEF-CVE-2026-67579"
"ash","2.20.0","EEF-CVE-2026-67579"
"ash","2.20.1","EEF-CVE-2026-67579"
"ash","2.20.2","EEF-CVE-2026-67579"
"ash","2.20.3","EEF-CVE-2026-67579"
"ash","2.21.0","EEF-CVE-2026-67579"
"ash","2.21.1","EEF-CVE-2026-67579"
"ash","2.21.10","EEF-CVE-2026-67579"
"ash","2.21.11","EEF-CVE-2026-67579"
"ash","2.21.12","EEF-CVE-2026-67579"
"ash","2.21.13","EEF-CVE-2026-67579"
"ash","2.21.14","EEF-CVE-2026-67579"
"ash","2.21.15","EEF-CVE-2026-67579"
"ash","2.21.2","EEF-CVE-2026-67579"
"ash","2.21.3","EEF-CVE-2026-67579"
"ash","2.21.4","EEF-CVE-2026-67579"
"ash","2.21.5","EEF-CVE-2026-67579"
"ash","2.21.6","EEF-CVE-2026-67579"
"ash","2.21.7","EEF-CVE-2026-67579"
"ash","2.21.8","EEF-CVE-2026-67579"
"ash","2.21.9","EEF-CVE-2026-67579"
"ash","2.3.0","EEF-CVE-2026-67579"
"ash","2.4.0","EEF-CVE-2026-67579"
"ash","2.4.1","EEF-CVE-2026-67579"
"ash","2.4.10","EEF-CVE-2026-67579"
"ash","2.4.11","EEF-CVE-2026-67579"
"ash","2.4.12","EEF-CVE-2026-67579"
"ash","2.4.13","EEF-CVE-2026-67579"
"ash","2.4.14","EEF-CVE-2026-67579"
"ash","2.4.15","EEF-CVE-2026-67579"
"ash","2.4.16","EEF-CVE-2026-67579"
"ash","2.4.17","EEF-CVE-2026-67579"
"ash","2.4.18","EEF-CVE-2026-67579"
"ash","2.4.19","EEF-CVE-2026-67579"
"ash","2.4.2","EEF-CVE-2026-67579"
"ash","2.4.20","EEF-CVE-2026-67579"
"ash","2.4.21","EEF-CVE-2026-67579"
"ash","2.4.22","EEF-CVE-2026-67579"
"ash","2.4.23","EEF-CVE-2026-67579"
"ash","2.4.24","EEF-CVE-2026-67579"
"ash","2.4.25","EEF-CVE-2026-67579"
"ash","2.4.26","EEF-CVE-2026-67579"
"ash","2.4.27","EEF-CVE-2026-67579"
"ash","2.4.28","EEF-CVE-2026-67579"
"ash","2.4.29","EEF-CVE-2026-67579"
"ash","2.4.3","EEF-CVE-2026-67579"
"ash","2.4.30","EEF-CVE-2026-67579"
"ash","2.4.4","EEF-CVE-2026-67579"
"ash","2.4.5","EEF-CVE-2026-67579"
"ash","2.4.6","EEF-CVE-2026-67579"
"ash","2.4.7","EEF-CVE-2026-67579"
"ash","2.4.8","EEF-CVE-2026-67579"
"ash","2.4.9","EEF-CVE-2026-67579"
"ash","2.5.0","EEF-CVE-2026-67579"
"ash","2.5.0-rc.0","EEF-CVE-2026-67579"
"ash","2.5.0-rc.1","EEF-CVE-2026-67579"
"ash","2.5.0-rc.2","EEF-CVE-2026-67579"
"ash","2.5.0-rc.3","EEF-CVE-2026-67579"
"ash","2.5.0-rc.4","EEF-CVE-2026-67579"
"ash","2.5.0-rc.5","EEF-CVE-2026-67579"
"ash","2.5.0-rc.6","EEF-CVE-2026-67579"
"ash","2.5.1","EEF-CVE-2026-67579"
"ash","2.5.10","EEF-CVE-2026-67579"
"ash","2.5.11","EEF-CVE-2026-67579"
"ash","2.5.12","EEF-CVE-2026-67579"
"ash","2.5.13","EEF-CVE-2026-67579"
"ash","2.5.14","EEF-CVE-2026-67579"
"ash","2.5.15","EEF-CVE-2026-67579"
"ash","2.5.16","EEF-CVE-2026-67579"
"ash","2.5.2","EEF-CVE-2026-67579"
"ash","2.5.3","EEF-CVE-2026-67579"
"ash","2.5.4","EEF-CVE-2026-67579"
"ash","2.5.5","EEF-CVE-2026-67579"
"ash","2.5.6","EEF-CVE-2026-67579"
"ash","2.5.7","EEF-CVE-2026-67579"
"ash","2.5.8","EEF-CVE-2026-67579"
"ash","2.5.9","EEF-CVE-2026-67579"
"ash","2.6.0","EEF-CVE-2026-67579"
"ash","2.6.1","EEF-CVE-2026-67579"
"ash","2.6.10","EEF-CVE-2026-67579"
"ash","2.6.11","EEF-CVE-2026-67579"
"ash","2.6.13","EEF-CVE-2026-67579"
"ash","2.6.14","EEF-CVE-2026-67579"
"ash","2.6.15","EEF-CVE-2026-67579"
"ash","2.6.16","EEF-CVE-2026-67579"
"ash","2.6.17","EEF-CVE-2026-67579"
"ash","2.6.18","EEF-CVE-2026-67579"
"ash","2.6.19","EEF-CVE-2026-67579"
"ash","2.6.2","EEF-CVE-2026-67579"
"ash","2.6.20","EEF-CVE-2026-67579"
"ash","2.6.21","EEF-CVE-2026-67579"
"ash","2.6.22","EEF-CVE-2026-67579"
"ash","2.6.23","EEF-CVE-2026-67579"
"ash","2.6.24","EEF-CVE-2026-67579"
"ash","2.6.25","EEF-CVE-2026-67579"
"ash","2.6.26","EEF-CVE-2026-67579"
"ash","2.6.27","EEF-CVE-2026-67579"
"ash","2.6.28","EEF-CVE-2026-67579"
"ash","2.6.29","EEF-CVE-2026-67579"
"ash","2.6.3","EEF-CVE-2026-67579"
"ash","2.6.30","EEF-CVE-2026-67579"
"ash","2.6.31","EEF-CVE-2026-67579"
"ash","2.6.4","EEF-CVE-2026-67579"
"ash","2.6.5","EEF-CVE-2026-67579"
"ash","2.6.6","EEF-CVE-2026-67579"
"ash","2.6.7","EEF-CVE-2026-67579"
"ash","2.6.8","EEF-CVE-2026-67579"
"ash","2.6.9","EEF-CVE-2026-67579"
"ash","2.7.0","EEF-CVE-2026-67579"
"ash","2.7.1","EEF-CVE-2026-67579"
"ash","2.8.0","EEF-CVE-2026-67579"
"ash","2.8.1","EEF-CVE-2026-67579"
"ash","2.9.0","EEF-CVE-2026-67579"
"ash","2.9.1","EEF-CVE-2026-67579"
"ash","2.9.10","EEF-CVE-2026-67579"
"ash","2.9.11","EEF-CVE-2026-67579"
"ash","2.9.12","EEF-CVE-2026-67579"
"ash","2.9.13","EEF-CVE-2026-67579"
"ash","2.9.14","EEF-CVE-2026-67579"
"ash","2.9.15","EEF-CVE-2026-67579"
"ash","2.9.16","EEF-CVE-2026-67579"
"ash","2.9.17","EEF-CVE-2026-67579"
"ash","2.9.18","EEF-CVE-2026-67579"
"ash","2.9.19","EEF-CVE-2026-67579"
"ash","2.9.2","EEF-CVE-2026-67579"
"ash","2.9.20","EEF-CVE-2026-67579"
"ash","2.9.21","EEF-CVE-2026-67579"
"ash","2.9.22","EEF-CVE-2026-67579"
"ash","2.9.23","EEF-CVE-2026-67579"
"ash","2.9.24","EEF-CVE-2026-67579"
"ash","2.9.25","EEF-CVE-2026-67579"
"ash","2.9.26","EEF-CVE-2026-67579"
"ash","2.9.27","EEF-CVE-2026-67579"
"ash","2.9.28","EEF-CVE-2026-67579"
"ash","2.9.29","EEF-CVE-2026-67579"
"ash","2.9.3","EEF-CVE-2026-67579"
"ash","2.9.4","EEF-CVE-2026-67579"
"ash","2.9.5","EEF-CVE-2026-67579"
"ash","2.9.6","EEF-CVE-2026-67579"
"ash","2.9.7","EEF-CVE-2026-67579"
"ash","2.9.8","EEF-CVE-2026-67579"
"ash","2.9.9","EEF-CVE-2026-67579"
"ash","3.0.0","EEF-CVE-2026-67579"
"ash","3.0.0-rc.0","EEF-CVE-2026-67579"
"ash","3.0.0-rc.1","EEF-CVE-2026-67579"
"ash","3.0.0-rc.10","EEF-CVE-2026-67579"
"ash","3.0.0-rc.11","EEF-CVE-2026-67579"
"ash","3.0.0-rc.12","EEF-CVE-2026-67579"
"ash","3.0.0-rc.13","EEF-CVE-2026-67579"
"ash","3.0.0-rc.14","EEF-CVE-2026-67579"
"ash","3.0.0-rc.15","EEF-CVE-2026-67579"
"ash","3.0.0-rc.16","EEF-CVE-2026-67579"
"ash","3.0.0-rc.17","EEF-CVE-2026-67579"
"ash","3.0.0-rc.18","EEF-CVE-2026-67579"
"ash","3.0.0-rc.19","EEF-CVE-2026-67579"
"ash","3.0.0-rc.20","EEF-CVE-2026-67579"
"ash","3.0.0-rc.21","EEF-CVE-2026-67579"
"ash","3.0.0-rc.22","EEF-CVE-2026-67579"
"ash","3.0.0-rc.23","EEF-CVE-2026-67579"
"ash","3.0.0-rc.24","EEF-CVE-2026-67579"
"ash","3.0.0-rc.25","EEF-CVE-2026-67579"
"ash","3.0.0-rc.26","EEF-CVE-2026-67579"
"ash","3.0.0-rc.27","EEF-CVE-2026-67579"
"ash","3.0.0-rc.28","EEF-CVE-2026-67579"
"ash","3.0.0-rc.29","EEF-CVE-2026-67579"
"ash","3.0.0-rc.3","EEF-CVE-2026-67579"
"ash","3.0.0-rc.31","EEF-CVE-2026-67579"
"ash","3.0.0-rc.32","EEF-CVE-2026-67579"
"ash","3.0.0-rc.33","EEF-CVE-2026-67579"
"ash","3.0.0-rc.34","EEF-CVE-2026-67579"
"ash","3.0.0-rc.35","EEF-CVE-2026-67579"
"ash","3.0.0-rc.36","EEF-CVE-2026-67579"
"ash","3.0.0-rc.37","EEF-CVE-2026-67579"
"ash","3.0.0-rc.38","EEF-CVE-2026-67579"
"ash","3.0.0-rc.39","EEF-CVE-2026-67579"
"ash","3.0.0-rc.4","EEF-CVE-2026-67579"
"ash","3.0.0-rc.40","EEF-CVE-2026-67579"
"ash","3.0.0-rc.41","EEF-CVE-2026-67579"
"ash","3.0.0-rc.42","EEF-CVE-2026-67579"
"ash","3.0.0-rc.43","EEF-CVE-2026-67579"
"ash","3.0.0-rc.44","EEF-CVE-2026-67579"
"ash","3.0.0-rc.45","EEF-CVE-2026-67579"
"ash","3.0.0-rc.46","EEF-CVE-2026-67579"
"ash","3.0.0-rc.5","EEF-CVE-2026-67579"
"ash","3.0.0-rc.6","EEF-CVE-2026-67579"
"ash","3.0.0-rc.7","EEF-CVE-2026-67579"
"ash","3.0.0-rc.8","EEF-CVE-2026-67579"
"ash","3.0.0-rc.9","EEF-CVE-2026-67579"
"ash","3.0.1","EEF-CVE-2026-67579"
"ash","3.0.10","EEF-CVE-2026-67579"
"ash","3.0.11","EEF-CVE-2026-67579"
"ash","3.0.12","EEF-CVE-2026-67579"
"ash","3.0.13","EEF-CVE-2026-67579"
"ash","3.0.14","EEF-CVE-2026-67579"
"ash","3.0.15","EEF-CVE-2026-67579"
"ash","3.0.16","EEF-CVE-2026-67579"
"ash","3.0.2","EEF-CVE-2026-67579"
"ash","3.0.3","EEF-CVE-2026-67579"
"ash","3.0.4","EEF-CVE-2026-67579"
"ash","3.0.5","EEF-CVE-2026-67579"
"ash","3.0.6","EEF-CVE-2026-67579"
"ash","3.0.7","EEF-CVE-2026-67579"
"ash","3.0.8","EEF-CVE-2026-67579"
"ash","3.0.9","EEF-CVE-2026-67579"
"ash","3.1.0","EEF-CVE-2026-67579"
"ash","3.1.1","EEF-CVE-2026-67579"
"ash","3.1.2","EEF-CVE-2026-67579"
"ash","3.1.3","EEF-CVE-2026-67579"
"ash","3.1.4","EEF-CVE-2026-67579"
"ash","3.1.5","EEF-CVE-2026-67579"
"ash","3.1.6","EEF-CVE-2026-67579"
"ash","3.1.7","EEF-CVE-2026-67579"
"ash","3.1.8","EEF-CVE-2026-67579"
"ash","3.10.0","EEF-CVE-2026-67579"
"ash","3.10.1","EEF-CVE-2026-67579"
"ash","3.11.0","EEF-CVE-2026-67579"
"ash","3.11.1","EEF-CVE-2026-67579"
"ash","3.11.2","EEF-CVE-2026-67579"
"ash","3.11.3","EEF-CVE-2026-67579"
"ash","3.12.0","EEF-CVE-2026-67579"
"ash","3.13.0","EEF-CVE-2026-67579"
"ash","3.13.1","EEF-CVE-2026-67579"
"ash","3.13.2","EEF-CVE-2026-67579"
"ash","3.14.0","EEF-CVE-2026-67579"
"ash","3.14.1","EEF-CVE-2026-67579"
"ash","3.15.0","EEF-CVE-2026-67579"
"ash","3.16.0","EEF-CVE-2026-67579"
"ash","3.17.0","EEF-CVE-2026-67579"
"ash","3.17.1","EEF-CVE-2026-67579"
"ash","3.18.0","EEF-CVE-2026-67579"
"ash","3.19.0","EEF-CVE-2026-67579"
"ash","3.19.1","EEF-CVE-2026-67579"
"ash","3.19.2","EEF-CVE-2026-67579"
"ash","3.19.3","EEF-CVE-2026-67579"
"ash","3.2.0","EEF-CVE-2026-67579"
"ash","3.2.1","EEF-CVE-2026-67579"
"ash","3.2.2","EEF-CVE-2026-67579"
"ash","3.2.3","EEF-CVE-2026-67579"
"ash","3.2.4","EEF-CVE-2026-67579"
"ash","3.2.5","EEF-CVE-2026-67579"
"ash","3.2.6","EEF-CVE-2026-67579"
"ash","3.20.0","EEF-CVE-2026-67579"
"ash","3.21.0","EEF-CVE-2026-67579"
"ash","3.21.1","EEF-CVE-2026-67579"
"ash","3.21.2","EEF-CVE-2026-67579"
"ash","3.21.3","EEF-CVE-2026-67579"
"ash","3.22.0","EEF-CVE-2026-67579"
"ash","3.22.1","EEF-CVE-2026-67579"
"ash","3.22.2","EEF-CVE-2026-67579"
"ash","3.23.0","EEF-CVE-2026-67579"
"ash","3.23.1","EEF-CVE-2026-67579"
"ash","3.24.0","EEF-CVE-2026-67579"
"ash","3.24.1","EEF-CVE-2026-67579"
"ash","3.24.2","EEF-CVE-2026-67579"
"ash","3.24.3","EEF-CVE-2026-67579"
"ash","3.24.4","EEF-CVE-2026-67579"
"ash","3.24.5","EEF-CVE-2026-67579"
"ash","3.24.6","EEF-CVE-2026-67579"
"ash","3.24.7","EEF-CVE-2026-67579"
"ash","3.25.0","EEF-CVE-2026-67579"
"ash","3.25.1","EEF-CVE-2026-67579"
"ash","3.25.2","EEF-CVE-2026-67579"
"ash","3.26.0","EEF-CVE-2026-67579"
"ash","3.27.0","EEF-CVE-2026-67579"
"ash","3.27.1","EEF-CVE-2026-67579"
"ash","3.27.2","EEF-CVE-2026-67579"
"ash","3.27.3","EEF-CVE-2026-67579"
"ash","3.27.4","EEF-CVE-2026-67579"
"ash","3.27.5","EEF-CVE-2026-67579"
"ash","3.27.6","EEF-CVE-2026-67579"
"ash","3.27.7","EEF-CVE-2026-67579"
"ash","3.27.8","EEF-CVE-2026-67579"
"ash","3.28.0","EEF-CVE-2026-67579"
"ash","3.29.0","EEF-CVE-2026-67579"
"ash","3.29.1","EEF-CVE-2026-67579"
"ash","3.29.2","EEF-CVE-2026-67579"
"ash","3.29.3","EEF-CVE-2026-67579"
"ash","3.3.0","EEF-CVE-2026-67579"
"ash","3.3.1","EEF-CVE-2026-67579"
"ash","3.3.2","EEF-CVE-2026-67579"
"ash","3.3.3","EEF-CVE-2026-67579"
"ash","3.30.0","EEF-CVE-2026-67579"
"ash","3.30.1","EEF-CVE-2026-67579"
"ash","3.31.0","EEF-CVE-2026-67579"
"ash","3.31.1","EEF-CVE-2026-67579"
"ash","3.31.2","EEF-CVE-2026-67579"
"ash","3.4.0","EEF-CVE-2026-67579"
"ash","3.4.1","EEF-CVE-2026-67579"
"ash","3.4.10","EEF-CVE-2026-67579"
"ash","3.4.11","EEF-CVE-2026-67579"
"ash","3.4.12","EEF-CVE-2026-67579"
"ash","3.4.13","EEF-CVE-2026-67579"
"ash","3.4.14","EEF-CVE-2026-67579"
"ash","3.4.15","EEF-CVE-2026-67579"
"ash","3.4.16","EEF-CVE-2026-67579"
"ash","3.4.17","EEF-CVE-2026-67579"
"ash","3.4.18","EEF-CVE-2026-67579"
"ash","3.4.19","EEF-CVE-2026-67579"
"ash","3.4.2","EEF-CVE-2026-67579"
"ash","3.4.20","EEF-CVE-2026-67579"
"ash","3.4.21","EEF-CVE-2026-67579"
"ash","3.4.22","EEF-CVE-2026-67579"
"ash","3.4.23","EEF-CVE-2026-67579"
"ash","3.4.24","EEF-CVE-2026-67579"
"ash","3.4.25","EEF-CVE-2026-67579"
"ash","3.4.26","EEF-CVE-2026-67579"
"ash","3.4.27","EEF-CVE-2026-67579"
"ash","3.4.28","EEF-CVE-2026-67579"
"ash","3.4.29","EEF-CVE-2026-67579"
"ash","3.4.3","EEF-CVE-2026-67579"
"ash","3.4.30","EEF-CVE-2026-67579"
"ash","3.4.31","EEF-CVE-2026-67579"
"ash","3.4.32","EEF-CVE-2026-67579"
"ash","3.4.33","EEF-CVE-2026-67579"
"ash","3.4.34","EEF-CVE-2026-67579"
"ash","3.4.35","EEF-CVE-2026-67579"
"ash","3.4.36","EEF-CVE-2026-67579"
"ash","3.4.37","EEF-CVE-2026-67579"
"ash","3.4.38","EEF-CVE-2026-67579"
"ash","3.4.39","EEF-CVE-2026-67579"
"ash","3.4.4","EEF-CVE-2026-67579"
"ash","3.4.40","EEF-CVE-2026-67579"
"ash","3.4.41","EEF-CVE-2026-67579"
"ash","3.4.42","EEF-CVE-2026-67579"
"ash","3.4.43","EEF-CVE-2026-67579"
"ash","3.4.44","EEF-CVE-2026-67579"
"ash","3.4.45","EEF-CVE-2026-67579"
"ash","3.4.46","EEF-CVE-2026-67579"
"ash","3.4.47","EEF-CVE-2026-67579"
"ash","3.4.48","EEF-CVE-2026-67579"
"ash","3.4.49","EEF-CVE-2026-67579"
"ash","3.4.5","EEF-CVE-2026-67579"
"ash","3.4.50","EEF-CVE-2026-67579"
"ash","3.4.51","EEF-CVE-2026-67579"
"ash","3.4.52","EEF-CVE-2026-67579"
"ash","3.4.53","EEF-CVE-2026-67579"
"ash","3.4.54","EEF-CVE-2026-67579"
"ash","3.4.55","EEF-CVE-2026-67579"
"ash","3.4.56","EEF-CVE-2026-67579"
"ash","3.4.57","EEF-CVE-2026-67579"
"ash","3.4.58","EEF-CVE-2026-67579"
"ash","3.4.59","EEF-CVE-2026-67579"
"ash","3.4.6","EEF-CVE-2026-67579"
"ash","3.4.60","EEF-CVE-2026-67579"
"ash","3.4.61","EEF-CVE-2026-67579"
"ash","3.4.62","EEF-CVE-2026-67579"
"ash","3.4.63","EEF-CVE-2026-67579"
"ash","3.4.64","EEF-CVE-2026-67579"
"ash","3.4.65","EEF-CVE-2026-67579"
"ash","3.4.66","EEF-CVE-2026-67579"
"ash","3.4.67","EEF-CVE-2026-67579"
"ash","3.4.68","EEF-CVE-2026-67579"
"ash","3.4.69","EEF-CVE-2026-67579"
"ash","3.4.7","EEF-CVE-2026-67579"
"ash","3.4.70","EEF-CVE-2026-67579"
"ash","3.4.71","EEF-CVE-2026-67579"
"ash","3.4.72","EEF-CVE-2026-67579"
"ash","3.4.73","EEF-CVE-2026-67579"
"ash","3.4.74","EEF-CVE-2026-67579"
"ash","3.4.8","EEF-CVE-2026-67579"
"ash","3.4.9","EEF-CVE-2026-67579"
"ash","3.5.0","EEF-CVE-2026-67579"
"ash","3.5.1","EEF-CVE-2026-67579"
"ash","3.5.10","EEF-CVE-2026-67579"
"ash","3.5.11","EEF-CVE-2026-67579"
"ash","3.5.12","EEF-CVE-2026-67579"
"ash","3.5.13","EEF-CVE-2026-67579"
"ash","3.5.14","EEF-CVE-2026-67579"
"ash","3.5.15","EEF-CVE-2026-67579"
"ash","3.5.16","EEF-CVE-2026-67579"
"ash","3.5.17","EEF-CVE-2026-67579"
"ash","3.5.18","EEF-CVE-2026-67579"
"ash","3.5.19","EEF-CVE-2026-67579"
"ash","3.5.2","EEF-CVE-2026-67579"
"ash","3.5.20","EEF-CVE-2026-67579"
"ash","3.5.21","EEF-CVE-2026-67579"
"ash","3.5.22","EEF-CVE-2026-67579"
"ash","3.5.23","EEF-CVE-2026-67579"
"ash","3.5.24","EEF-CVE-2026-67579"
"ash","3.5.25","EEF-CVE-2026-67579"
"ash","3.5.26","EEF-CVE-2026-67579"
"ash","3.5.27","EEF-CVE-2026-67579"
"ash","3.5.28","EEF-CVE-2026-67579"
"ash","3.5.29","EEF-CVE-2026-67579"
"ash","3.5.3","EEF-CVE-2026-67579"
"ash","3.5.30","EEF-CVE-2026-67579"
"ash","3.5.31","EEF-CVE-2026-67579"
"ash","3.5.32","EEF-CVE-2026-67579"
"ash","3.5.33","EEF-CVE-2026-67579"
"ash","3.5.34","EEF-CVE-2026-67579"
"ash","3.5.35","EEF-CVE-2026-67579"
"ash","3.5.36","EEF-CVE-2026-67579"
"ash","3.5.37","EEF-CVE-2026-67579"
"ash","3.5.38","EEF-CVE-2026-67579"
"ash","3.5.39","EEF-CVE-2026-67579"
"ash","3.5.4","EEF-CVE-2026-67579"
"ash","3.5.40","EEF-CVE-2026-67579"
"ash","3.5.41","EEF-CVE-2026-67579"
"ash","3.5.42","EEF-CVE-2026-67579"
"ash","3.5.43","EEF-CVE-2026-67579"
"ash","3.5.5","EEF-CVE-2026-67579"
"ash","3.5.6","EEF-CVE-2026-67579"
"ash","3.5.7","EEF-CVE-2026-67579"
"ash","3.5.8","EEF-CVE-2026-67579"
"ash","3.5.9","EEF-CVE-2026-67579"
"ash","3.6.0","EEF-CVE-2026-67579"
"ash","3.6.1","EEF-CVE-2026-67579"
"ash","3.6.2","EEF-CVE-2026-67579"
"ash","3.6.3","EEF-CVE-2026-67579"
"ash","3.7.0","EEF-CVE-2026-67579"
"ash","3.7.1","EEF-CVE-2026-67579"
"ash","3.7.2","EEF-CVE-2026-67579"
"ash","3.7.3","EEF-CVE-2026-67579"
"ash","3.7.4","EEF-CVE-2026-67579"
"ash","3.7.5","EEF-CVE-2026-67579"
"ash","3.7.6","EEF-CVE-2026-67579"
"ash","3.8.0","EEF-CVE-2026-67579"
"ash","3.9.0","EEF-CVE-2026-67579"
"absinthe_federation","0.1.0","EEF-CVE-2026-67585"
"absinthe_federation","0.1.1","EEF-CVE-2026-67585"
"absinthe_federation","0.1.2","EEF-CVE-2026-67585"
"absinthe_federation","0.1.3","EEF-CVE-2026-67585"
"absinthe_federation","0.1.4","EEF-CVE-2026-67585"
"absinthe_federation","0.1.5","EEF-CVE-2026-67585"
"absinthe_federation","0.1.6","EEF-CVE-2026-67585"
"absinthe_federation","0.1.7","EEF-CVE-2026-67585"
"absinthe_federation","0.1.8","EEF-CVE-2026-67585"
"absinthe_federation","0.1.9","EEF-CVE-2026-67585"
"absinthe_federation","0.2.0","EEF-CVE-2026-67585"
"absinthe_federation","0.2.1","EEF-CVE-2026-67585"
"absinthe_federation","0.2.2","EEF-CVE-2026-67585"
"absinthe_federation","0.2.3","EEF-CVE-2026-67585"
"absinthe_federation","0.2.4","EEF-CVE-2026-67585"
"absinthe_federation","0.2.5","EEF-CVE-2026-67585"
"absinthe_federation","0.2.51","EEF-CVE-2026-67585"
"absinthe_federation","0.2.52","EEF-CVE-2026-67585"
"absinthe_federation","0.2.53","EEF-CVE-2026-67585"
"absinthe_federation","0.3.0","EEF-CVE-2026-67585"
"absinthe_federation","0.3.1","EEF-CVE-2026-67585"
"absinthe_federation","0.3.2","EEF-CVE-2026-67585"
"absinthe_federation","0.4.0","EEF-CVE-2026-67585"
"absinthe_federation","0.4.1","EEF-CVE-2026-67585"
"absinthe_federation","0.4.2","EEF-CVE-2026-67585"
"absinthe_federation","0.5.0","EEF-CVE-2026-67585"
"absinthe_federation","0.5.1","EEF-CVE-2026-67585"
"absinthe_federation","0.5.2","EEF-CVE-2026-67585"
"absinthe_federation","0.5.3","EEF-CVE-2026-67585"
"absinthe_federation","0.5.4","EEF-CVE-2026-67585"
"absinthe_federation","0.6.0","EEF-CVE-2026-67585"
"absinthe_federation","0.6.1","EEF-CVE-2026-67585"
"absinthe_federation","0.7.0","EEF-CVE-2026-67585"
"absinthe_federation","0.7.1","EEF-CVE-2026-67585"
"absinthe_federation","0.8.0","EEF-CVE-2026-67585"
"absinthe_federation","0.9.0","EEF-CVE-2026-67585"
"absinthe_federation","0.9.1","EEF-CVE-2026-67585"
"absinthe_federation","0.9.2","EEF-CVE-2026-67585"
"livebook","0.19.7","EEF-CVE-2026-68746"
"livebook","0.19.8","EEF-CVE-2026-68746"
"html_sanitize_ex","0.3.1","EEF-CVE-2026-68747"
"html_sanitize_ex","1.0.0","EEF-CVE-2026-68747"
"html_sanitize_ex","1.0.1","EEF-CVE-2026-68747"
"html_sanitize_ex","1.1.0","EEF-CVE-2026-68747"
"html_sanitize_ex","1.1.0-rc1","EEF-CVE-2026-68747"
"html_sanitize_ex","1.1.1","EEF-CVE-2026-68747"
"html_sanitize_ex","1.2.0","EEF-CVE-2026-68747"
"html_sanitize_ex","1.3.0","EEF-CVE-2026-68747"
"html_sanitize_ex","1.3.0-rc1","EEF-CVE-2026-68747"
"html_sanitize_ex","1.3.0-rc2","EEF-CVE-2026-68747"
"html_sanitize_ex","1.3.0-rc3","EEF-CVE-2026-68747"
"html_sanitize_ex","1.4.0","EEF-CVE-2026-68747"
"html_sanitize_ex","1.4.1","EEF-CVE-2026-68747"
"html_sanitize_ex","1.4.2","EEF-CVE-2026-68747"
"html_sanitize_ex","1.4.3","EEF-CVE-2026-68747"
"html_sanitize_ex","1.4.4","EEF-CVE-2026-68747"
"html_sanitize_ex","1.4.4-rc.0","EEF-CVE-2026-68747"
"html_sanitize_ex","1.5.0","EEF-CVE-2026-68747"
"html_sanitize_ex","1.5.0-rc.0","EEF-CVE-2026-68747"
"html_sanitize_ex","1.5.1","EEF-CVE-2026-68747"
"html_sanitize_ex","1.5.2","EEF-CVE-2026-68747"
"html_sanitize_ex","1.5.3","EEF-CVE-2026-68747"
"html_sanitize_ex","0.3.1","EEF-CVE-2026-68749"
"html_sanitize_ex","1.0.0","EEF-CVE-2026-68749"
"html_sanitize_ex","1.0.1","EEF-CVE-2026-68749"
"html_sanitize_ex","1.1.0","EEF-CVE-2026-68749"
"html_sanitize_ex","1.1.0-rc1","EEF-CVE-2026-68749"
"html_sanitize_ex","1.1.1","EEF-CVE-2026-68749"
"html_sanitize_ex","1.2.0","EEF-CVE-2026-68749"
"html_sanitize_ex","1.3.0","EEF-CVE-2026-68749"
"html_sanitize_ex","1.3.0-rc1","EEF-CVE-2026-68749"
"html_sanitize_ex","1.3.0-rc2","EEF-CVE-2026-68749"
"html_sanitize_ex","1.3.0-rc3","EEF-CVE-2026-68749"
"html_sanitize_ex","1.4.0","EEF-CVE-2026-68749"
"html_sanitize_ex","1.4.1","EEF-CVE-2026-68749"
"html_sanitize_ex","1.4.2","EEF-CVE-2026-68749"
"html_sanitize_ex","1.4.3","EEF-CVE-2026-68749"
"html_sanitize_ex","1.4.4","EEF-CVE-2026-68749"
"html_sanitize_ex","1.4.4-rc.0","EEF-CVE-2026-68749"
"html_sanitize_ex","1.5.0","EEF-CVE-2026-68749"
"html_sanitize_ex","1.5.0-rc.0","EEF-CVE-2026-68749"
"html_sanitize_ex","1.5.1","EEF-CVE-2026-68749"
"html_sanitize_ex","1.5.2","EEF-CVE-2026-68749"
"html_sanitize_ex","0.3.1","EEF-CVE-2026-68750"
"html_sanitize_ex","1.0.0","EEF-CVE-2026-68750"
"html_sanitize_ex","1.0.1","EEF-CVE-2026-68750"
"html_sanitize_ex","1.1.0","EEF-CVE-2026-68750"
"html_sanitize_ex","1.1.0-rc1","EEF-CVE-2026-68750"
"html_sanitize_ex","1.1.1","EEF-CVE-2026-68750"
"html_sanitize_ex","1.2.0","EEF-CVE-2026-68750"
"html_sanitize_ex","1.3.0","EEF-CVE-2026-68750"
"html_sanitize_ex","1.3.0-rc1","EEF-CVE-2026-68750"
"html_sanitize_ex","1.3.0-rc2","EEF-CVE-2026-68750"
"html_sanitize_ex","1.3.0-rc3","EEF-CVE-2026-68750"
"html_sanitize_ex","1.4.0","EEF-CVE-2026-68750"
"html_sanitize_ex","1.4.1","EEF-CVE-2026-68750"
"html_sanitize_ex","1.4.2","EEF-CVE-2026-68750"
"html_sanitize_ex","1.4.3","EEF-CVE-2026-68750"
"html_sanitize_ex","1.4.4","EEF-CVE-2026-68750"
"html_sanitize_ex","1.4.4-rc.0","EEF-CVE-2026-68750"
"html_sanitize_ex","1.5.0","EEF-CVE-2026-68750"
"html_sanitize_ex","1.5.0-rc.0","EEF-CVE-2026-68750"
"html_sanitize_ex","1.5.1","EEF-CVE-2026-68750"
"html_sanitize_ex","1.5.2","EEF-CVE-2026-68750"
"ash","1.17.0","EEF-CVE-2026-69659"
"ash","1.17.1","EEF-CVE-2026-69659"
"ash","1.18.0","EEF-CVE-2026-69659"
"ash","1.18.1","EEF-CVE-2026-69659"
"ash","1.19.0","EEF-CVE-2026-69659"
"ash","1.19.1","EEF-CVE-2026-69659"
"ash","1.20.0","EEF-CVE-2026-69659"
"ash","1.20.1","EEF-CVE-2026-69659"
"ash","1.22.0","EEF-CVE-2026-69659"
"ash","1.22.1","EEF-CVE-2026-69659"
"ash","1.23.0","EEF-CVE-2026-69659"
"ash","1.23.1","EEF-CVE-2026-69659"
"ash","1.23.2","EEF-CVE-2026-69659"
"ash","1.23.3","EEF-CVE-2026-69659"
"ash","1.24.0","EEF-CVE-2026-69659"
"ash","1.24.1","EEF-CVE-2026-69659"
"ash","1.24.2","EEF-CVE-2026-69659"
"ash","1.25.0","EEF-CVE-2026-69659"
"ash","1.25.1","EEF-CVE-2026-69659"
"ash","1.25.2","EEF-CVE-2026-69659"
"ash","1.25.3","EEF-CVE-2026-69659"
"ash","1.25.4","EEF-CVE-2026-69659"
"ash","1.25.5","EEF-CVE-2026-69659"
"ash","1.25.6","EEF-CVE-2026-69659"
"ash","1.25.7","EEF-CVE-2026-69659"
"ash","1.25.8","EEF-CVE-2026-69659"
"ash","1.26.0","EEF-CVE-2026-69659"
"ash","1.26.1","EEF-CVE-2026-69659"
"ash","1.26.10","EEF-CVE-2026-69659"
"ash","1.26.11","EEF-CVE-2026-69659"
"ash","1.26.12","EEF-CVE-2026-69659"
"ash","1.26.13","EEF-CVE-2026-69659"
"ash","1.26.2","EEF-CVE-2026-69659"
"ash","1.26.4","EEF-CVE-2026-69659"
"ash","1.26.5","EEF-CVE-2026-69659"
"ash","1.26.6","EEF-CVE-2026-69659"
"ash","1.26.7","EEF-CVE-2026-69659"
"ash","1.26.8","EEF-CVE-2026-69659"
"ash","1.26.9","EEF-CVE-2026-69659"
"ash","1.27.0","EEF-CVE-2026-69659"
"ash","1.27.1","EEF-CVE-2026-69659"
"ash","1.28.0","EEF-CVE-2026-69659"
"ash","1.28.1","EEF-CVE-2026-69659"
"ash","1.29.0-rc0","EEF-CVE-2026-69659"
"ash","1.29.0-rc1","EEF-CVE-2026-69659"
"ash","1.30.1","EEF-CVE-2026-69659"
"ash","1.30.2","EEF-CVE-2026-69659"
"ash","1.31.0","EEF-CVE-2026-69659"
"ash","1.31.1","EEF-CVE-2026-69659"
"ash","1.32.0","EEF-CVE-2026-69659"
"ash","1.32.1","EEF-CVE-2026-69659"
"ash","1.32.2","EEF-CVE-2026-69659"
"ash","1.33.0","EEF-CVE-2026-69659"
"ash","1.34.0","EEF-CVE-2026-69659"
"ash","1.34.1","EEF-CVE-2026-69659"
"ash","1.34.2","EEF-CVE-2026-69659"
"ash","1.34.3","EEF-CVE-2026-69659"
"ash","1.34.4","EEF-CVE-2026-69659"
"ash","1.34.5","EEF-CVE-2026-69659"
"ash","1.34.6","EEF-CVE-2026-69659"
"ash","1.34.7","EEF-CVE-2026-69659"
"ash","1.34.8","EEF-CVE-2026-69659"
"ash","1.34.9","EEF-CVE-2026-69659"
"ash","1.35.0","EEF-CVE-2026-69659"
"ash","1.35.1","EEF-CVE-2026-69659"
"ash","1.36.0","EEF-CVE-2026-69659"
"ash","1.36.10","EEF-CVE-2026-69659"
"ash","1.36.11","EEF-CVE-2026-69659"
"ash","1.36.12","EEF-CVE-2026-69659"
"ash","1.36.13","EEF-CVE-2026-69659"
"ash","1.36.14","EEF-CVE-2026-69659"
"ash","1.36.15","EEF-CVE-2026-69659"
"ash","1.36.16","EEF-CVE-2026-69659"
"ash","1.36.17","EEF-CVE-2026-69659"
"ash","1.36.18","EEF-CVE-2026-69659"
"ash","1.36.19","EEF-CVE-2026-69659"
"ash","1.36.2","EEF-CVE-2026-69659"
"ash","1.36.21","EEF-CVE-2026-69659"
"ash","1.36.22","EEF-CVE-2026-69659"
"ash","1.36.3","EEF-CVE-2026-69659"
"ash","1.36.4","EEF-CVE-2026-69659"
"ash","1.36.5","EEF-CVE-2026-69659"
"ash","1.36.6","EEF-CVE-2026-69659"
"ash","1.36.7","EEF-CVE-2026-69659"
"ash","1.36.8","EEF-CVE-2026-69659"
"ash","1.36.9","EEF-CVE-2026-69659"
"ash","1.37.0","EEF-CVE-2026-69659"
"ash","1.37.1","EEF-CVE-2026-69659"
"ash","1.37.2","EEF-CVE-2026-69659"
"ash","1.38.0","EEF-CVE-2026-69659"
"ash","1.39.0","EEF-CVE-2026-69659"
"ash","1.39.1","EEF-CVE-2026-69659"
"ash","1.39.2","EEF-CVE-2026-69659"
"ash","1.39.3","EEF-CVE-2026-69659"
"ash","1.39.4","EEF-CVE-2026-69659"
"ash","1.39.5","EEF-CVE-2026-69659"
"ash","1.39.6","EEF-CVE-2026-69659"
"ash","1.39.7","EEF-CVE-2026-69659"
"ash","1.40.0","EEF-CVE-2026-69659"
"ash","1.41.0","EEF-CVE-2026-69659"
"ash","1.41.1","EEF-CVE-2026-69659"
"ash","1.41.10","EEF-CVE-2026-69659"
"ash","1.41.11","EEF-CVE-2026-69659"
"ash","1.41.12","EEF-CVE-2026-69659"
"ash","1.41.2","EEF-CVE-2026-69659"
"ash","1.41.3","EEF-CVE-2026-69659"
"ash","1.41.4","EEF-CVE-2026-69659"
"ash","1.41.5","EEF-CVE-2026-69659"
"ash","1.41.6","EEF-CVE-2026-69659"
"ash","1.41.7","EEF-CVE-2026-69659"
"ash","1.41.8","EEF-CVE-2026-69659"
"ash","1.41.9","EEF-CVE-2026-69659"
"ash","1.42.0","EEF-CVE-2026-69659"
"ash","1.43.0","EEF-CVE-2026-69659"
"ash","1.43.1","EEF-CVE-2026-69659"
"ash","1.43.10","EEF-CVE-2026-69659"
"ash","1.43.11","EEF-CVE-2026-69659"
"ash","1.43.12","EEF-CVE-2026-69659"
"ash","1.43.2","EEF-CVE-2026-69659"
"ash","1.43.3","EEF-CVE-2026-69659"
"ash","1.43.4","EEF-CVE-2026-69659"
"ash","1.43.5","EEF-CVE-2026-69659"
"ash","1.43.6","EEF-CVE-2026-69659"
"ash","1.43.7","EEF-CVE-2026-69659"
"ash","1.43.8","EEF-CVE-2026-69659"
"ash","1.43.9","EEF-CVE-2026-69659"
"ash","1.44.0","EEF-CVE-2026-69659"
"ash","1.44.1","EEF-CVE-2026-69659"
"ash","1.44.10","EEF-CVE-2026-69659"
"ash","1.44.11","EEF-CVE-2026-69659"
"ash","1.44.12","EEF-CVE-2026-69659"
"ash","1.44.13","EEF-CVE-2026-69659"
"ash","1.44.2","EEF-CVE-2026-69659"
"ash","1.44.3","EEF-CVE-2026-69659"
"ash","1.44.4","EEF-CVE-2026-69659"
"ash","1.44.5","EEF-CVE-2026-69659"
"ash","1.44.6","EEF-CVE-2026-69659"
"ash","1.44.7","EEF-CVE-2026-69659"
"ash","1.44.8","EEF-CVE-2026-69659"
"ash","1.44.9","EEF-CVE-2026-69659"
"ash","1.45.0-rc0","EEF-CVE-2026-69659"
"ash","1.45.0-rc1","EEF-CVE-2026-69659"
"ash","1.45.0-rc10","EEF-CVE-2026-69659"
"ash","1.45.0-rc11","EEF-CVE-2026-69659"
"ash","1.45.0-rc12","EEF-CVE-2026-69659"
"ash","1.45.0-rc13","EEF-CVE-2026-69659"
"ash","1.45.0-rc14","EEF-CVE-2026-69659"
"ash","1.45.0-rc15","EEF-CVE-2026-69659"
"ash","1.45.0-rc16","EEF-CVE-2026-69659"
"ash","1.45.0-rc17","EEF-CVE-2026-69659"
"ash","1.45.0-rc18","EEF-CVE-2026-69659"
"ash","1.45.0-rc19","EEF-CVE-2026-69659"
"ash","1.45.0-rc2","EEF-CVE-2026-69659"
"ash","1.45.0-rc20","EEF-CVE-2026-69659"
"ash","1.45.0-rc3","EEF-CVE-2026-69659"
"ash","1.45.0-rc4","EEF-CVE-2026-69659"
"ash","1.45.0-rc5","EEF-CVE-2026-69659"
"ash","1.45.0-rc6","EEF-CVE-2026-69659"
"ash","1.45.0-rc7","EEF-CVE-2026-69659"
"ash","1.45.0-rc8","EEF-CVE-2026-69659"
"ash","1.45.0-rc9","EEF-CVE-2026-69659"
"ash","1.46.0","EEF-CVE-2026-69659"
"ash","1.46.1","EEF-CVE-2026-69659"
"ash","1.46.10","EEF-CVE-2026-69659"
"ash","1.46.11","EEF-CVE-2026-69659"
"ash","1.46.12","EEF-CVE-2026-69659"
"ash","1.46.13","EEF-CVE-2026-69659"
"ash","1.46.2","EEF-CVE-2026-69659"
"ash","1.46.3","EEF-CVE-2026-69659"
"ash","1.46.4","EEF-CVE-2026-69659"
"ash","1.46.5","EEF-CVE-2026-69659"
"ash","1.46.6","EEF-CVE-2026-69659"
"ash","1.46.7","EEF-CVE-2026-69659"
"ash","1.46.8","EEF-CVE-2026-69659"
"ash","1.46.9","EEF-CVE-2026-69659"
"ash","1.47.0","EEF-CVE-2026-69659"
"ash","1.47.1","EEF-CVE-2026-69659"
"ash","1.47.10","EEF-CVE-2026-69659"
"ash","1.47.11","EEF-CVE-2026-69659"
"ash","1.47.12","EEF-CVE-2026-69659"
"ash","1.47.2","EEF-CVE-2026-69659"
"ash","1.47.3","EEF-CVE-2026-69659"
"ash","1.47.4","EEF-CVE-2026-69659"
"ash","1.47.5","EEF-CVE-2026-69659"
"ash","1.47.6","EEF-CVE-2026-69659"
"ash","1.47.7","EEF-CVE-2026-69659"
"ash","1.47.8","EEF-CVE-2026-69659"
"ash","1.47.9","EEF-CVE-2026-69659"
"ash","1.48.0-rc.0","EEF-CVE-2026-69659"
"ash","1.48.0-rc.1","EEF-CVE-2026-69659"
"ash","1.48.0-rc.10","EEF-CVE-2026-69659"
"ash","1.48.0-rc.11","EEF-CVE-2026-69659"
"ash","1.48.0-rc.12","EEF-CVE-2026-69659"
"ash","1.48.0-rc.13","EEF-CVE-2026-69659"
"ash","1.48.0-rc.14","EEF-CVE-2026-69659"
"ash","1.48.0-rc.15","EEF-CVE-2026-69659"
"ash","1.48.0-rc.16","EEF-CVE-2026-69659"
"ash","1.48.0-rc.17","EEF-CVE-2026-69659"
"ash","1.48.0-rc.18","EEF-CVE-2026-69659"
"ash","1.48.0-rc.19","EEF-CVE-2026-69659"
"ash","1.48.0-rc.2","EEF-CVE-2026-69659"
"ash","1.48.0-rc.20","EEF-CVE-2026-69659"
"ash","1.48.0-rc.21","EEF-CVE-2026-69659"
"ash","1.48.0-rc.22","EEF-CVE-2026-69659"
"ash","1.48.0-rc.23","EEF-CVE-2026-69659"
"ash","1.48.0-rc.24","EEF-CVE-2026-69659"
"ash","1.48.0-rc.25","EEF-CVE-2026-69659"
"ash","1.48.0-rc.26","EEF-CVE-2026-69659"
"ash","1.48.0-rc.27","EEF-CVE-2026-69659"
"ash","1.48.0-rc.28","EEF-CVE-2026-69659"
"ash","1.48.0-rc.29","EEF-CVE-2026-69659"
"ash","1.48.0-rc.3","EEF-CVE-2026-69659"
"ash","1.48.0-rc.30","EEF-CVE-2026-69659"
"ash","1.48.0-rc.4","EEF-CVE-2026-69659"
"ash","1.48.0-rc.5","EEF-CVE-2026-69659"
"ash","1.48.0-rc.6","EEF-CVE-2026-69659"
"ash","1.48.0-rc.7","EEF-CVE-2026-69659"
"ash","1.48.0-rc.8","EEF-CVE-2026-69659"
"ash","1.48.0-rc.9","EEF-CVE-2026-69659"
"ash","1.49.0","EEF-CVE-2026-69659"
"ash","1.50.0","EEF-CVE-2026-69659"
"ash","1.50.1","EEF-CVE-2026-69659"
"ash","1.50.10","EEF-CVE-2026-69659"
"ash","1.50.11","EEF-CVE-2026-69659"
"ash","1.50.12","EEF-CVE-2026-69659"
"ash","1.50.13","EEF-CVE-2026-69659"
"ash","1.50.14","EEF-CVE-2026-69659"
"ash","1.50.15","EEF-CVE-2026-69659"
"ash","1.50.16","EEF-CVE-2026-69659"
"ash","1.50.17","EEF-CVE-2026-69659"
"ash","1.50.18","EEF-CVE-2026-69659"
"ash","1.50.19","EEF-CVE-2026-69659"
"ash","1.50.2","EEF-CVE-2026-69659"
"ash","1.50.20","EEF-CVE-2026-69659"
"ash","1.50.21","EEF-CVE-2026-69659"
"ash","1.50.3","EEF-CVE-2026-69659"
"ash","1.50.4","EEF-CVE-2026-69659"
"ash","1.50.5","EEF-CVE-2026-69659"
"ash","1.50.6","EEF-CVE-2026-69659"
"ash","1.50.7","EEF-CVE-2026-69659"
"ash","1.50.8","EEF-CVE-2026-69659"
"ash","1.50.9","EEF-CVE-2026-69659"
"ash","1.51.0","EEF-CVE-2026-69659"
"ash","1.51.1","EEF-CVE-2026-69659"
"ash","1.51.2","EEF-CVE-2026-69659"
"ash","1.52.0-rc.0","EEF-CVE-2026-69659"
"ash","1.52.0-rc.1","EEF-CVE-2026-69659"
"ash","1.52.0-rc.10","EEF-CVE-2026-69659"
"ash","1.52.0-rc.11","EEF-CVE-2026-69659"
"ash","1.52.0-rc.12","EEF-CVE-2026-69659"
"ash","1.52.0-rc.13","EEF-CVE-2026-69659"
"ash","1.52.0-rc.14","EEF-CVE-2026-69659"
"ash","1.52.0-rc.15","EEF-CVE-2026-69659"
"ash","1.52.0-rc.16","EEF-CVE-2026-69659"
"ash","1.52.0-rc.17","EEF-CVE-2026-69659"
"ash","1.52.0-rc.18","EEF-CVE-2026-69659"
"ash","1.52.0-rc.19","EEF-CVE-2026-69659"
"ash","1.52.0-rc.2","EEF-CVE-2026-69659"
"ash","1.52.0-rc.20","EEF-CVE-2026-69659"
"ash","1.52.0-rc.21","EEF-CVE-2026-69659"
"ash","1.52.0-rc.22","EEF-CVE-2026-69659"
"ash","1.52.0-rc.3","EEF-CVE-2026-69659"
"ash","1.52.0-rc.4","EEF-CVE-2026-69659"
"ash","1.52.0-rc.5","EEF-CVE-2026-69659"
"ash","1.52.0-rc.6","EEF-CVE-2026-69659"
"ash","1.52.0-rc.7","EEF-CVE-2026-69659"
"ash","1.52.0-rc.8","EEF-CVE-2026-69659"
"ash","1.52.0-rc.9","EEF-CVE-2026-69659"
"ash","1.53.0","EEF-CVE-2026-69659"
"ash","1.53.2","EEF-CVE-2026-69659"
"ash","1.53.3","EEF-CVE-2026-69659"
"ash","2.0.0","EEF-CVE-2026-69659"
"ash","2.0.0-pre.0","EEF-CVE-2026-69659"
"ash","2.0.0-pre.1","EEF-CVE-2026-69659"
"ash","2.0.0-pre.2","EEF-CVE-2026-69659"
"ash","2.0.0-pre.3","EEF-CVE-2026-69659"
"ash","2.0.0-pre.4","EEF-CVE-2026-69659"
"ash","2.0.0-pre.5","EEF-CVE-2026-69659"
"ash","2.0.0-pre.6","EEF-CVE-2026-69659"
"ash","2.0.0-pre.7","EEF-CVE-2026-69659"
"ash","2.0.0-pre.8","EEF-CVE-2026-69659"
"ash","2.0.0-rc.0","EEF-CVE-2026-69659"
"ash","2.0.0-rc.1","EEF-CVE-2026-69659"
"ash","2.0.0-rc.10","EEF-CVE-2026-69659"
"ash","2.0.0-rc.11","EEF-CVE-2026-69659"
"ash","2.0.0-rc.12","EEF-CVE-2026-69659"
"ash","2.0.0-rc.13","EEF-CVE-2026-69659"
"ash","2.0.0-rc.14","EEF-CVE-2026-69659"
"ash","2.0.0-rc.15","EEF-CVE-2026-69659"
"ash","2.0.0-rc.2","EEF-CVE-2026-69659"
"ash","2.0.0-rc.3","EEF-CVE-2026-69659"
"ash","2.0.0-rc.4","EEF-CVE-2026-69659"
"ash","2.0.0-rc.5","EEF-CVE-2026-69659"
"ash","2.0.0-rc.6","EEF-CVE-2026-69659"
"ash","2.0.0-rc.7","EEF-CVE-2026-69659"
"ash","2.0.0-rc.8","EEF-CVE-2026-69659"
"ash","2.0.0-rc.9","EEF-CVE-2026-69659"
"ash","2.1.0","EEF-CVE-2026-69659"
"ash","2.10.0","EEF-CVE-2026-69659"
"ash","2.10.1","EEF-CVE-2026-69659"
"ash","2.10.2","EEF-CVE-2026-69659"
"ash","2.11.0","EEF-CVE-2026-69659"
"ash","2.11.0-rc.0","EEF-CVE-2026-69659"
"ash","2.11.0-rc.1","EEF-CVE-2026-69659"
"ash","2.11.0-rc.2","EEF-CVE-2026-69659"
"ash","2.11.0-rc.3","EEF-CVE-2026-69659"
"ash","2.11.1","EEF-CVE-2026-69659"
"ash","2.11.10","EEF-CVE-2026-69659"
"ash","2.11.11","EEF-CVE-2026-69659"
"ash","2.11.2","EEF-CVE-2026-69659"
"ash","2.11.3","EEF-CVE-2026-69659"
"ash","2.11.4","EEF-CVE-2026-69659"
"ash","2.11.5","EEF-CVE-2026-69659"
"ash","2.11.6","EEF-CVE-2026-69659"
"ash","2.11.7","EEF-CVE-2026-69659"
"ash","2.11.8","EEF-CVE-2026-69659"
"ash","2.11.9","EEF-CVE-2026-69659"
"ash","2.12.0","EEF-CVE-2026-69659"
"ash","2.12.1","EEF-CVE-2026-69659"
"ash","2.13.0","EEF-CVE-2026-69659"
"ash","2.13.1","EEF-CVE-2026-69659"
"ash","2.13.2","EEF-CVE-2026-69659"
"ash","2.13.3","EEF-CVE-2026-69659"
"ash","2.13.4","EEF-CVE-2026-69659"
"ash","2.14.0","EEF-CVE-2026-69659"
"ash","2.14.1","EEF-CVE-2026-69659"
"ash","2.14.10","EEF-CVE-2026-69659"
"ash","2.14.11","EEF-CVE-2026-69659"
"ash","2.14.12","EEF-CVE-2026-69659"
"ash","2.14.13","EEF-CVE-2026-69659"
"ash","2.14.14","EEF-CVE-2026-69659"
"ash","2.14.15","EEF-CVE-2026-69659"
"ash","2.14.16","EEF-CVE-2026-69659"
"ash","2.14.17","EEF-CVE-2026-69659"
"ash","2.14.18","EEF-CVE-2026-69659"
"ash","2.14.19","EEF-CVE-2026-69659"
"ash","2.14.2","EEF-CVE-2026-69659"
"ash","2.14.20","EEF-CVE-2026-69659"
"ash","2.14.21","EEF-CVE-2026-69659"
"ash","2.14.3","EEF-CVE-2026-69659"
"ash","2.14.4","EEF-CVE-2026-69659"
"ash","2.14.5","EEF-CVE-2026-69659"
"ash","2.14.6","EEF-CVE-2026-69659"
"ash","2.14.7","EEF-CVE-2026-69659"
"ash","2.14.8","EEF-CVE-2026-69659"
"ash","2.14.9","EEF-CVE-2026-69659"
"ash","2.15.0","EEF-CVE-2026-69659"
"ash","2.15.1","EEF-CVE-2026-69659"
"ash","2.15.10","EEF-CVE-2026-69659"
"ash","2.15.11","EEF-CVE-2026-69659"
"ash","2.15.12","EEF-CVE-2026-69659"
"ash","2.15.13","EEF-CVE-2026-69659"
"ash","2.15.14","EEF-CVE-2026-69659"
"ash","2.15.15","EEF-CVE-2026-69659"
"ash","2.15.16","EEF-CVE-2026-69659"
"ash","2.15.17","EEF-CVE-2026-69659"
"ash","2.15.18","EEF-CVE-2026-69659"
"ash","2.15.19","EEF-CVE-2026-69659"
"ash","2.15.2","EEF-CVE-2026-69659"
"ash","2.15.20","EEF-CVE-2026-69659"
"ash","2.15.4","EEF-CVE-2026-69659"
"ash","2.15.5","EEF-CVE-2026-69659"
"ash","2.15.6","EEF-CVE-2026-69659"
"ash","2.15.7","EEF-CVE-2026-69659"
"ash","2.15.8","EEF-CVE-2026-69659"
"ash","2.15.9","EEF-CVE-2026-69659"
"ash","2.16.0","EEF-CVE-2026-69659"
"ash","2.16.1","EEF-CVE-2026-69659"
"ash","2.17.0","EEF-CVE-2026-69659"
"ash","2.17.1","EEF-CVE-2026-69659"
"ash","2.17.10","EEF-CVE-2026-69659"
"ash","2.17.11","EEF-CVE-2026-69659"
"ash","2.17.12","EEF-CVE-2026-69659"
"ash","2.17.13","EEF-CVE-2026-69659"
"ash","2.17.14","EEF-CVE-2026-69659"
"ash","2.17.15","EEF-CVE-2026-69659"
"ash","2.17.16","EEF-CVE-2026-69659"
"ash","2.17.17","EEF-CVE-2026-69659"
"ash","2.17.18","EEF-CVE-2026-69659"
"ash","2.17.19","EEF-CVE-2026-69659"
"ash","2.17.2","EEF-CVE-2026-69659"
"ash","2.17.20","EEF-CVE-2026-69659"
"ash","2.17.21","EEF-CVE-2026-69659"
"ash","2.17.22","EEF-CVE-2026-69659"
"ash","2.17.23","EEF-CVE-2026-69659"
"ash","2.17.24","EEF-CVE-2026-69659"
"ash","2.17.3","EEF-CVE-2026-69659"
"ash","2.17.4","EEF-CVE-2026-69659"
"ash","2.17.5","EEF-CVE-2026-69659"
"ash","2.17.6","EEF-CVE-2026-69659"
"ash","2.17.7","EEF-CVE-2026-69659"
"ash","2.17.8","EEF-CVE-2026-69659"
"ash","2.17.9","EEF-CVE-2026-69659"
"ash","2.18.0","EEF-CVE-2026-69659"
"ash","2.18.1","EEF-CVE-2026-69659"
"ash","2.18.2","EEF-CVE-2026-69659"
"ash","2.19.0","EEF-CVE-2026-69659"
"ash","2.19.1","EEF-CVE-2026-69659"
"ash","2.19.10","EEF-CVE-2026-69659"
"ash","2.19.11","EEF-CVE-2026-69659"
"ash","2.19.12","EEF-CVE-2026-69659"
"ash","2.19.13","EEF-CVE-2026-69659"
"ash","2.19.14","EEF-CVE-2026-69659"
"ash","2.19.2","EEF-CVE-2026-69659"
"ash","2.19.3","EEF-CVE-2026-69659"
"ash","2.19.4","EEF-CVE-2026-69659"
"ash","2.19.5","EEF-CVE-2026-69659"
"ash","2.19.6","EEF-CVE-2026-69659"
"ash","2.19.7","EEF-CVE-2026-69659"
"ash","2.19.8","EEF-CVE-2026-69659"
"ash","2.19.9","EEF-CVE-2026-69659"
"ash","2.2.0","EEF-CVE-2026-69659"
"ash","2.20.0","EEF-CVE-2026-69659"
"ash","2.20.1","EEF-CVE-2026-69659"
"ash","2.20.2","EEF-CVE-2026-69659"
"ash","2.20.3","EEF-CVE-2026-69659"
"ash","2.21.0","EEF-CVE-2026-69659"
"ash","2.21.1","EEF-CVE-2026-69659"
"ash","2.21.10","EEF-CVE-2026-69659"
"ash","2.21.11","EEF-CVE-2026-69659"
"ash","2.21.12","EEF-CVE-2026-69659"
"ash","2.21.13","EEF-CVE-2026-69659"
"ash","2.21.14","EEF-CVE-2026-69659"
"ash","2.21.15","EEF-CVE-2026-69659"
"ash","2.21.2","EEF-CVE-2026-69659"
"ash","2.21.3","EEF-CVE-2026-69659"
"ash","2.21.4","EEF-CVE-2026-69659"
"ash","2.21.5","EEF-CVE-2026-69659"
"ash","2.21.6","EEF-CVE-2026-69659"
"ash","2.21.7","EEF-CVE-2026-69659"
"ash","2.21.8","EEF-CVE-2026-69659"
"ash","2.21.9","EEF-CVE-2026-69659"
"ash","2.3.0","EEF-CVE-2026-69659"
"ash","2.4.0","EEF-CVE-2026-69659"
"ash","2.4.1","EEF-CVE-2026-69659"
"ash","2.4.10","EEF-CVE-2026-69659"
"ash","2.4.11","EEF-CVE-2026-69659"
"ash","2.4.12","EEF-CVE-2026-69659"
"ash","2.4.13","EEF-CVE-2026-69659"
"ash","2.4.14","EEF-CVE-2026-69659"
"ash","2.4.15","EEF-CVE-2026-69659"
"ash","2.4.16","EEF-CVE-2026-69659"
"ash","2.4.17","EEF-CVE-2026-69659"
"ash","2.4.18","EEF-CVE-2026-69659"
"ash","2.4.19","EEF-CVE-2026-69659"
"ash","2.4.2","EEF-CVE-2026-69659"
"ash","2.4.20","EEF-CVE-2026-69659"
"ash","2.4.21","EEF-CVE-2026-69659"
"ash","2.4.22","EEF-CVE-2026-69659"
"ash","2.4.23","EEF-CVE-2026-69659"
"ash","2.4.24","EEF-CVE-2026-69659"
"ash","2.4.25","EEF-CVE-2026-69659"
"ash","2.4.26","EEF-CVE-2026-69659"
"ash","2.4.27","EEF-CVE-2026-69659"
"ash","2.4.28","EEF-CVE-2026-69659"
"ash","2.4.29","EEF-CVE-2026-69659"
"ash","2.4.3","EEF-CVE-2026-69659"
"ash","2.4.30","EEF-CVE-2026-69659"
"ash","2.4.4","EEF-CVE-2026-69659"
"ash","2.4.5","EEF-CVE-2026-69659"
"ash","2.4.6","EEF-CVE-2026-69659"
"ash","2.4.7","EEF-CVE-2026-69659"
"ash","2.4.8","EEF-CVE-2026-69659"
"ash","2.4.9","EEF-CVE-2026-69659"
"ash","2.5.0","EEF-CVE-2026-69659"
"ash","2.5.0-rc.0","EEF-CVE-2026-69659"
"ash","2.5.0-rc.1","EEF-CVE-2026-69659"
"ash","2.5.0-rc.2","EEF-CVE-2026-69659"
"ash","2.5.0-rc.3","EEF-CVE-2026-69659"
"ash","2.5.0-rc.4","EEF-CVE-2026-69659"
"ash","2.5.0-rc.5","EEF-CVE-2026-69659"
"ash","2.5.0-rc.6","EEF-CVE-2026-69659"
"ash","2.5.1","EEF-CVE-2026-69659"
"ash","2.5.10","EEF-CVE-2026-69659"
"ash","2.5.11","EEF-CVE-2026-69659"
"ash","2.5.12","EEF-CVE-2026-69659"
"ash","2.5.13","EEF-CVE-2026-69659"
"ash","2.5.14","EEF-CVE-2026-69659"
"ash","2.5.15","EEF-CVE-2026-69659"
"ash","2.5.16","EEF-CVE-2026-69659"
"ash","2.5.2","EEF-CVE-2026-69659"
"ash","2.5.3","EEF-CVE-2026-69659"
"ash","2.5.4","EEF-CVE-2026-69659"
"ash","2.5.5","EEF-CVE-2026-69659"
"ash","2.5.6","EEF-CVE-2026-69659"
"ash","2.5.7","EEF-CVE-2026-69659"
"ash","2.5.8","EEF-CVE-2026-69659"
"ash","2.5.9","EEF-CVE-2026-69659"
"ash","2.6.0","EEF-CVE-2026-69659"
"ash","2.6.1","EEF-CVE-2026-69659"
"ash","2.6.10","EEF-CVE-2026-69659"
"ash","2.6.11","EEF-CVE-2026-69659"
"ash","2.6.13","EEF-CVE-2026-69659"
"ash","2.6.14","EEF-CVE-2026-69659"
"ash","2.6.15","EEF-CVE-2026-69659"
"ash","2.6.16","EEF-CVE-2026-69659"
"ash","2.6.17","EEF-CVE-2026-69659"
"ash","2.6.18","EEF-CVE-2026-69659"
"ash","2.6.19","EEF-CVE-2026-69659"
"ash","2.6.2","EEF-CVE-2026-69659"
"ash","2.6.20","EEF-CVE-2026-69659"
"ash","2.6.21","EEF-CVE-2026-69659"
"ash","2.6.22","EEF-CVE-2026-69659"
"ash","2.6.23","EEF-CVE-2026-69659"
"ash","2.6.24","EEF-CVE-2026-69659"
"ash","2.6.25","EEF-CVE-2026-69659"
"ash","2.6.26","EEF-CVE-2026-69659"
"ash","2.6.27","EEF-CVE-2026-69659"
"ash","2.6.28","EEF-CVE-2026-69659"
"ash","2.6.29","EEF-CVE-2026-69659"
"ash","2.6.3","EEF-CVE-2026-69659"
"ash","2.6.30","EEF-CVE-2026-69659"
"ash","2.6.31","EEF-CVE-2026-69659"
"ash","2.6.4","EEF-CVE-2026-69659"
"ash","2.6.5","EEF-CVE-2026-69659"
"ash","2.6.6","EEF-CVE-2026-69659"
"ash","2.6.7","EEF-CVE-2026-69659"
"ash","2.6.8","EEF-CVE-2026-69659"
"ash","2.6.9","EEF-CVE-2026-69659"
"ash","2.7.0","EEF-CVE-2026-69659"
"ash","2.7.1","EEF-CVE-2026-69659"
"ash","2.8.0","EEF-CVE-2026-69659"
"ash","2.8.1","EEF-CVE-2026-69659"
"ash","2.9.0","EEF-CVE-2026-69659"
"ash","2.9.1","EEF-CVE-2026-69659"
"ash","2.9.10","EEF-CVE-2026-69659"
"ash","2.9.11","EEF-CVE-2026-69659"
"ash","2.9.12","EEF-CVE-2026-69659"
"ash","2.9.13","EEF-CVE-2026-69659"
"ash","2.9.14","EEF-CVE-2026-69659"
"ash","2.9.15","EEF-CVE-2026-69659"
"ash","2.9.16","EEF-CVE-2026-69659"
"ash","2.9.17","EEF-CVE-2026-69659"
"ash","2.9.18","EEF-CVE-2026-69659"
"ash","2.9.19","EEF-CVE-2026-69659"
"ash","2.9.2","EEF-CVE-2026-69659"
"ash","2.9.20","EEF-CVE-2026-69659"
"ash","2.9.21","EEF-CVE-2026-69659"
"ash","2.9.22","EEF-CVE-2026-69659"
"ash","2.9.23","EEF-CVE-2026-69659"
"ash","2.9.24","EEF-CVE-2026-69659"
"ash","2.9.25","EEF-CVE-2026-69659"
"ash","2.9.26","EEF-CVE-2026-69659"
"ash","2.9.27","EEF-CVE-2026-69659"
"ash","2.9.28","EEF-CVE-2026-69659"
"ash","2.9.29","EEF-CVE-2026-69659"
"ash","2.9.3","EEF-CVE-2026-69659"
"ash","2.9.4","EEF-CVE-2026-69659"
"ash","2.9.5","EEF-CVE-2026-69659"
"ash","2.9.6","EEF-CVE-2026-69659"
"ash","2.9.7","EEF-CVE-2026-69659"
"ash","2.9.8","EEF-CVE-2026-69659"
"ash","2.9.9","EEF-CVE-2026-69659"
"ash","3.0.0","EEF-CVE-2026-69659"
"ash","3.0.0-rc.0","EEF-CVE-2026-69659"
"ash","3.0.0-rc.1","EEF-CVE-2026-69659"
"ash","3.0.0-rc.10","EEF-CVE-2026-69659"
"ash","3.0.0-rc.11","EEF-CVE-2026-69659"
"ash","3.0.0-rc.12","EEF-CVE-2026-69659"
"ash","3.0.0-rc.13","EEF-CVE-2026-69659"
"ash","3.0.0-rc.14","EEF-CVE-2026-69659"
"ash","3.0.0-rc.15","EEF-CVE-2026-69659"
"ash","3.0.0-rc.16","EEF-CVE-2026-69659"
"ash","3.0.0-rc.17","EEF-CVE-2026-69659"
"ash","3.0.0-rc.18","EEF-CVE-2026-69659"
"ash","3.0.0-rc.19","EEF-CVE-2026-69659"
"ash","3.0.0-rc.20","EEF-CVE-2026-69659"
"ash","3.0.0-rc.21","EEF-CVE-2026-69659"
"ash","3.0.0-rc.22","EEF-CVE-2026-69659"
"ash","3.0.0-rc.23","EEF-CVE-2026-69659"
"ash","3.0.0-rc.24","EEF-CVE-2026-69659"
"ash","3.0.0-rc.25","EEF-CVE-2026-69659"
"ash","3.0.0-rc.26","EEF-CVE-2026-69659"
"ash","3.0.0-rc.27","EEF-CVE-2026-69659"
"ash","3.0.0-rc.28","EEF-CVE-2026-69659"
"ash","3.0.0-rc.29","EEF-CVE-2026-69659"
"ash","3.0.0-rc.3","EEF-CVE-2026-69659"
"ash","3.0.0-rc.31","EEF-CVE-2026-69659"
"ash","3.0.0-rc.32","EEF-CVE-2026-69659"
"ash","3.0.0-rc.33","EEF-CVE-2026-69659"
"ash","3.0.0-rc.34","EEF-CVE-2026-69659"
"ash","3.0.0-rc.35","EEF-CVE-2026-69659"
"ash","3.0.0-rc.36","EEF-CVE-2026-69659"
"ash","3.0.0-rc.37","EEF-CVE-2026-69659"
"ash","3.0.0-rc.38","EEF-CVE-2026-69659"
"ash","3.0.0-rc.39","EEF-CVE-2026-69659"
"ash","3.0.0-rc.4","EEF-CVE-2026-69659"
"ash","3.0.0-rc.40","EEF-CVE-2026-69659"
"ash","3.0.0-rc.41","EEF-CVE-2026-69659"
"ash","3.0.0-rc.42","EEF-CVE-2026-69659"
"ash","3.0.0-rc.43","EEF-CVE-2026-69659"
"ash","3.0.0-rc.44","EEF-CVE-2026-69659"
"ash","3.0.0-rc.45","EEF-CVE-2026-69659"
"ash","3.0.0-rc.46","EEF-CVE-2026-69659"
"ash","3.0.0-rc.5","EEF-CVE-2026-69659"
"ash","3.0.0-rc.6","EEF-CVE-2026-69659"
"ash","3.0.0-rc.7","EEF-CVE-2026-69659"
"ash","3.0.0-rc.8","EEF-CVE-2026-69659"
"ash","3.0.0-rc.9","EEF-CVE-2026-69659"
"ash","3.0.1","EEF-CVE-2026-69659"
"ash","3.0.10","EEF-CVE-2026-69659"
"ash","3.0.11","EEF-CVE-2026-69659"
"ash","3.0.12","EEF-CVE-2026-69659"
"ash","3.0.13","EEF-CVE-2026-69659"
"ash","3.0.14","EEF-CVE-2026-69659"
"ash","3.0.15","EEF-CVE-2026-69659"
"ash","3.0.16","EEF-CVE-2026-69659"
"ash","3.0.2","EEF-CVE-2026-69659"
"ash","3.0.3","EEF-CVE-2026-69659"
"ash","3.0.4","EEF-CVE-2026-69659"
"ash","3.0.5","EEF-CVE-2026-69659"
"ash","3.0.6","EEF-CVE-2026-69659"
"ash","3.0.7","EEF-CVE-2026-69659"
"ash","3.0.8","EEF-CVE-2026-69659"
"ash","3.0.9","EEF-CVE-2026-69659"
"ash","3.1.0","EEF-CVE-2026-69659"
"ash","3.1.1","EEF-CVE-2026-69659"
"ash","3.1.2","EEF-CVE-2026-69659"
"ash","3.1.3","EEF-CVE-2026-69659"
"ash","3.1.4","EEF-CVE-2026-69659"
"ash","3.1.5","EEF-CVE-2026-69659"
"ash","3.1.6","EEF-CVE-2026-69659"
"ash","3.1.7","EEF-CVE-2026-69659"
"ash","3.1.8","EEF-CVE-2026-69659"
"ash","3.10.0","EEF-CVE-2026-69659"
"ash","3.10.1","EEF-CVE-2026-69659"
"ash","3.11.0","EEF-CVE-2026-69659"
"ash","3.11.1","EEF-CVE-2026-69659"
"ash","3.11.2","EEF-CVE-2026-69659"
"ash","3.11.3","EEF-CVE-2026-69659"
"ash","3.12.0","EEF-CVE-2026-69659"
"ash","3.13.0","EEF-CVE-2026-69659"
"ash","3.13.1","EEF-CVE-2026-69659"
"ash","3.13.2","EEF-CVE-2026-69659"
"ash","3.14.0","EEF-CVE-2026-69659"
"ash","3.14.1","EEF-CVE-2026-69659"
"ash","3.15.0","EEF-CVE-2026-69659"
"ash","3.16.0","EEF-CVE-2026-69659"
"ash","3.17.0","EEF-CVE-2026-69659"
"ash","3.17.1","EEF-CVE-2026-69659"
"ash","3.18.0","EEF-CVE-2026-69659"
"ash","3.19.0","EEF-CVE-2026-69659"
"ash","3.19.1","EEF-CVE-2026-69659"
"ash","3.19.2","EEF-CVE-2026-69659"
"ash","3.19.3","EEF-CVE-2026-69659"
"ash","3.2.0","EEF-CVE-2026-69659"
"ash","3.2.1","EEF-CVE-2026-69659"
"ash","3.2.2","EEF-CVE-2026-69659"
"ash","3.2.3","EEF-CVE-2026-69659"
"ash","3.2.4","EEF-CVE-2026-69659"
"ash","3.2.5","EEF-CVE-2026-69659"
"ash","3.2.6","EEF-CVE-2026-69659"
"ash","3.20.0","EEF-CVE-2026-69659"
"ash","3.21.0","EEF-CVE-2026-69659"
"ash","3.21.1","EEF-CVE-2026-69659"
"ash","3.21.2","EEF-CVE-2026-69659"
"ash","3.21.3","EEF-CVE-2026-69659"
"ash","3.22.0","EEF-CVE-2026-69659"
"ash","3.22.1","EEF-CVE-2026-69659"
"ash","3.22.2","EEF-CVE-2026-69659"
"ash","3.23.0","EEF-CVE-2026-69659"
"ash","3.23.1","EEF-CVE-2026-69659"
"ash","3.24.0","EEF-CVE-2026-69659"
"ash","3.24.1","EEF-CVE-2026-69659"
"ash","3.24.2","EEF-CVE-2026-69659"
"ash","3.24.3","EEF-CVE-2026-69659"
"ash","3.24.4","EEF-CVE-2026-69659"
"ash","3.24.5","EEF-CVE-2026-69659"
"ash","3.24.6","EEF-CVE-2026-69659"
"ash","3.24.7","EEF-CVE-2026-69659"
"ash","3.25.0","EEF-CVE-2026-69659"
"ash","3.25.1","EEF-CVE-2026-69659"
"ash","3.25.2","EEF-CVE-2026-69659"
"ash","3.26.0","EEF-CVE-2026-69659"
"ash","3.27.0","EEF-CVE-2026-69659"
"ash","3.27.1","EEF-CVE-2026-69659"
"ash","3.27.2","EEF-CVE-2026-69659"
"ash","3.27.3","EEF-CVE-2026-69659"
"ash","3.27.4","EEF-CVE-2026-69659"
"ash","3.27.5","EEF-CVE-2026-69659"
"ash","3.27.6","EEF-CVE-2026-69659"
"ash","3.27.7","EEF-CVE-2026-69659"
"ash","3.27.8","EEF-CVE-2026-69659"
"ash","3.28.0","EEF-CVE-2026-69659"
"ash","3.29.0","EEF-CVE-2026-69659"
"ash","3.29.1","EEF-CVE-2026-69659"
"ash","3.29.2","EEF-CVE-2026-69659"
"ash","3.29.3","EEF-CVE-2026-69659"
"ash","3.3.0","EEF-CVE-2026-69659"
"ash","3.3.1","EEF-CVE-2026-69659"
"ash","3.3.2","EEF-CVE-2026-69659"
"ash","3.3.3","EEF-CVE-2026-69659"
"ash","3.30.0","EEF-CVE-2026-69659"
"ash","3.30.1","EEF-CVE-2026-69659"
"ash","3.31.0","EEF-CVE-2026-69659"
"ash","3.4.0","EEF-CVE-2026-69659"
"ash","3.4.1","EEF-CVE-2026-69659"
"ash","3.4.10","EEF-CVE-2026-69659"
"ash","3.4.11","EEF-CVE-2026-69659"
"ash","3.4.12","EEF-CVE-2026-69659"
"ash","3.4.13","EEF-CVE-2026-69659"
"ash","3.4.14","EEF-CVE-2026-69659"
"ash","3.4.15","EEF-CVE-2026-69659"
"ash","3.4.16","EEF-CVE-2026-69659"
"ash","3.4.17","EEF-CVE-2026-69659"
"ash","3.4.18","EEF-CVE-2026-69659"
"ash","3.4.19","EEF-CVE-2026-69659"
"ash","3.4.2","EEF-CVE-2026-69659"
"ash","3.4.20","EEF-CVE-2026-69659"
"ash","3.4.21","EEF-CVE-2026-69659"
"ash","3.4.22","EEF-CVE-2026-69659"
"ash","3.4.23","EEF-CVE-2026-69659"
"ash","3.4.24","EEF-CVE-2026-69659"
"ash","3.4.25","EEF-CVE-2026-69659"
"ash","3.4.26","EEF-CVE-2026-69659"
"ash","3.4.27","EEF-CVE-2026-69659"
"ash","3.4.28","EEF-CVE-2026-69659"
"ash","3.4.29","EEF-CVE-2026-69659"
"ash","3.4.3","EEF-CVE-2026-69659"
"ash","3.4.30","EEF-CVE-2026-69659"
"ash","3.4.31","EEF-CVE-2026-69659"
"ash","3.4.32","EEF-CVE-2026-69659"
"ash","3.4.33","EEF-CVE-2026-69659"
"ash","3.4.34","EEF-CVE-2026-69659"
"ash","3.4.35","EEF-CVE-2026-69659"
"ash","3.4.36","EEF-CVE-2026-69659"
"ash","3.4.37","EEF-CVE-2026-69659"
"ash","3.4.38","EEF-CVE-2026-69659"
"ash","3.4.39","EEF-CVE-2026-69659"
"ash","3.4.4","EEF-CVE-2026-69659"
"ash","3.4.40","EEF-CVE-2026-69659"
"ash","3.4.41","EEF-CVE-2026-69659"
"ash","3.4.42","EEF-CVE-2026-69659"
"ash","3.4.43","EEF-CVE-2026-69659"
"ash","3.4.44","EEF-CVE-2026-69659"
"ash","3.4.45","EEF-CVE-2026-69659"
"ash","3.4.46","EEF-CVE-2026-69659"
"ash","3.4.47","EEF-CVE-2026-69659"
"ash","3.4.48","EEF-CVE-2026-69659"
"ash","3.4.49","EEF-CVE-2026-69659"
"ash","3.4.5","EEF-CVE-2026-69659"
"ash","3.4.50","EEF-CVE-2026-69659"
"ash","3.4.51","EEF-CVE-2026-69659"
"ash","3.4.52","EEF-CVE-2026-69659"
"ash","3.4.53","EEF-CVE-2026-69659"
"ash","3.4.54","EEF-CVE-2026-69659"
"ash","3.4.55","EEF-CVE-2026-69659"
"ash","3.4.56","EEF-CVE-2026-69659"
"ash","3.4.57","EEF-CVE-2026-69659"
"ash","3.4.58","EEF-CVE-2026-69659"
"ash","3.4.59","EEF-CVE-2026-69659"
"ash","3.4.6","EEF-CVE-2026-69659"
"ash","3.4.60","EEF-CVE-2026-69659"
"ash","3.4.61","EEF-CVE-2026-69659"
"ash","3.4.62","EEF-CVE-2026-69659"
"ash","3.4.63","EEF-CVE-2026-69659"
"ash","3.4.64","EEF-CVE-2026-69659"
"ash","3.4.65","EEF-CVE-2026-69659"
"ash","3.4.66","EEF-CVE-2026-69659"
"ash","3.4.67","EEF-CVE-2026-69659"
"ash","3.4.68","EEF-CVE-2026-69659"
"ash","3.4.69","EEF-CVE-2026-69659"
"ash","3.4.7","EEF-CVE-2026-69659"
"ash","3.4.70","EEF-CVE-2026-69659"
"ash","3.4.71","EEF-CVE-2026-69659"
"ash","3.4.72","EEF-CVE-2026-69659"
"ash","3.4.73","EEF-CVE-2026-69659"
"ash","3.4.74","EEF-CVE-2026-69659"
"ash","3.4.8","EEF-CVE-2026-69659"
"ash","3.4.9","EEF-CVE-2026-69659"
"ash","3.5.0","EEF-CVE-2026-69659"
"ash","3.5.1","EEF-CVE-2026-69659"
"ash","3.5.10","EEF-CVE-2026-69659"
"ash","3.5.11","EEF-CVE-2026-69659"
"ash","3.5.12","EEF-CVE-2026-69659"
"ash","3.5.13","EEF-CVE-2026-69659"
"ash","3.5.14","EEF-CVE-2026-69659"
"ash","3.5.15","EEF-CVE-2026-69659"
"ash","3.5.16","EEF-CVE-2026-69659"
"ash","3.5.17","EEF-CVE-2026-69659"
"ash","3.5.18","EEF-CVE-2026-69659"
"ash","3.5.19","EEF-CVE-2026-69659"
"ash","3.5.2","EEF-CVE-2026-69659"
"ash","3.5.20","EEF-CVE-2026-69659"
"ash","3.5.21","EEF-CVE-2026-69659"
"ash","3.5.22","EEF-CVE-2026-69659"
"ash","3.5.23","EEF-CVE-2026-69659"
"ash","3.5.24","EEF-CVE-2026-69659"
"ash","3.5.25","EEF-CVE-2026-69659"
"ash","3.5.26","EEF-CVE-2026-69659"
"ash","3.5.27","EEF-CVE-2026-69659"
"ash","3.5.28","EEF-CVE-2026-69659"
"ash","3.5.29","EEF-CVE-2026-69659"
"ash","3.5.3","EEF-CVE-2026-69659"
"ash","3.5.30","EEF-CVE-2026-69659"
"ash","3.5.31","EEF-CVE-2026-69659"
"ash","3.5.32","EEF-CVE-2026-69659"
"ash","3.5.33","EEF-CVE-2026-69659"
"ash","3.5.34","EEF-CVE-2026-69659"
"ash","3.5.35","EEF-CVE-2026-69659"
"ash","3.5.36","EEF-CVE-2026-69659"
"ash","3.5.37","EEF-CVE-2026-69659"
"ash","3.5.38","EEF-CVE-2026-69659"
"ash","3.5.39","EEF-CVE-2026-69659"
"ash","3.5.4","EEF-CVE-2026-69659"
"ash","3.5.40","EEF-CVE-2026-69659"
"ash","3.5.41","EEF-CVE-2026-69659"
"ash","3.5.42","EEF-CVE-2026-69659"
"ash","3.5.43","EEF-CVE-2026-69659"
"ash","3.5.5","EEF-CVE-2026-69659"
"ash","3.5.6","EEF-CVE-2026-69659"
"ash","3.5.7","EEF-CVE-2026-69659"
"ash","3.5.8","EEF-CVE-2026-69659"
"ash","3.5.9","EEF-CVE-2026-69659"
"ash","3.6.0","EEF-CVE-2026-69659"
"ash","3.6.1","EEF-CVE-2026-69659"
"ash","3.6.2","EEF-CVE-2026-69659"
"ash","3.6.3","EEF-CVE-2026-69659"
"ash","3.7.0","EEF-CVE-2026-69659"
"ash","3.7.1","EEF-CVE-2026-69659"
"ash","3.7.2","EEF-CVE-2026-69659"
"ash","3.7.3","EEF-CVE-2026-69659"
"ash","3.7.4","EEF-CVE-2026-69659"
"ash","3.7.5","EEF-CVE-2026-69659"
"ash","3.7.6","EEF-CVE-2026-69659"
"ash","3.8.0","EEF-CVE-2026-69659"
"ash","3.9.0","EEF-CVE-2026-69659"
"ash","1.52.0-rc.11","EEF-CVE-2026-70395"
"ash","1.52.0-rc.12","EEF-CVE-2026-70395"
"ash","1.52.0-rc.13","EEF-CVE-2026-70395"
"ash","1.52.0-rc.14","EEF-CVE-2026-70395"
"ash","1.52.0-rc.15","EEF-CVE-2026-70395"
"ash","1.52.0-rc.16","EEF-CVE-2026-70395"
"ash","1.52.0-rc.17","EEF-CVE-2026-70395"
"ash","1.52.0-rc.18","EEF-CVE-2026-70395"
"ash","1.52.0-rc.19","EEF-CVE-2026-70395"
"ash","1.52.0-rc.20","EEF-CVE-2026-70395"
"ash","1.52.0-rc.21","EEF-CVE-2026-70395"
"ash","1.52.0-rc.22","EEF-CVE-2026-70395"
"ash","1.53.0","EEF-CVE-2026-70395"
"ash","1.53.2","EEF-CVE-2026-70395"
"ash","1.53.3","EEF-CVE-2026-70395"
"ash","2.0.0","EEF-CVE-2026-70395"
"ash","2.0.0-pre.0","EEF-CVE-2026-70395"
"ash","2.0.0-pre.1","EEF-CVE-2026-70395"
"ash","2.0.0-pre.2","EEF-CVE-2026-70395"
"ash","2.0.0-pre.3","EEF-CVE-2026-70395"
"ash","2.0.0-pre.4","EEF-CVE-2026-70395"
"ash","2.0.0-pre.5","EEF-CVE-2026-70395"
"ash","2.0.0-pre.6","EEF-CVE-2026-70395"
"ash","2.0.0-pre.7","EEF-CVE-2026-70395"
"ash","2.0.0-pre.8","EEF-CVE-2026-70395"
"ash","2.0.0-rc.0","EEF-CVE-2026-70395"
"ash","2.0.0-rc.1","EEF-CVE-2026-70395"
"ash","2.0.0-rc.10","EEF-CVE-2026-70395"
"ash","2.0.0-rc.11","EEF-CVE-2026-70395"
"ash","2.0.0-rc.12","EEF-CVE-2026-70395"
"ash","2.0.0-rc.13","EEF-CVE-2026-70395"
"ash","2.0.0-rc.14","EEF-CVE-2026-70395"
"ash","2.0.0-rc.15","EEF-CVE-2026-70395"
"ash","2.0.0-rc.2","EEF-CVE-2026-70395"
"ash","2.0.0-rc.3","EEF-CVE-2026-70395"
"ash","2.0.0-rc.4","EEF-CVE-2026-70395"
"ash","2.0.0-rc.5","EEF-CVE-2026-70395"
"ash","2.0.0-rc.6","EEF-CVE-2026-70395"
"ash","2.0.0-rc.7","EEF-CVE-2026-70395"
"ash","2.0.0-rc.8","EEF-CVE-2026-70395"
"ash","2.0.0-rc.9","EEF-CVE-2026-70395"
"ash","2.1.0","EEF-CVE-2026-70395"
"ash","2.10.0","EEF-CVE-2026-70395"
"ash","2.10.1","EEF-CVE-2026-70395"
"ash","2.10.2","EEF-CVE-2026-70395"
"ash","2.11.0","EEF-CVE-2026-70395"
"ash","2.11.0-rc.0","EEF-CVE-2026-70395"
"ash","2.11.0-rc.1","EEF-CVE-2026-70395"
"ash","2.11.0-rc.2","EEF-CVE-2026-70395"
"ash","2.11.0-rc.3","EEF-CVE-2026-70395"
"ash","2.11.1","EEF-CVE-2026-70395"
"ash","2.11.10","EEF-CVE-2026-70395"
"ash","2.11.11","EEF-CVE-2026-70395"
"ash","2.11.2","EEF-CVE-2026-70395"
"ash","2.11.3","EEF-CVE-2026-70395"
"ash","2.11.4","EEF-CVE-2026-70395"
"ash","2.11.5","EEF-CVE-2026-70395"
"ash","2.11.6","EEF-CVE-2026-70395"
"ash","2.11.7","EEF-CVE-2026-70395"
"ash","2.11.8","EEF-CVE-2026-70395"
"ash","2.11.9","EEF-CVE-2026-70395"
"ash","2.12.0","EEF-CVE-2026-70395"
"ash","2.12.1","EEF-CVE-2026-70395"
"ash","2.13.0","EEF-CVE-2026-70395"
"ash","2.13.1","EEF-CVE-2026-70395"
"ash","2.13.2","EEF-CVE-2026-70395"
"ash","2.13.3","EEF-CVE-2026-70395"
"ash","2.13.4","EEF-CVE-2026-70395"
"ash","2.14.0","EEF-CVE-2026-70395"
"ash","2.14.1","EEF-CVE-2026-70395"
"ash","2.14.10","EEF-CVE-2026-70395"
"ash","2.14.11","EEF-CVE-2026-70395"
"ash","2.14.12","EEF-CVE-2026-70395"
"ash","2.14.13","EEF-CVE-2026-70395"
"ash","2.14.14","EEF-CVE-2026-70395"
"ash","2.14.15","EEF-CVE-2026-70395"
"ash","2.14.16","EEF-CVE-2026-70395"
"ash","2.14.17","EEF-CVE-2026-70395"
"ash","2.14.18","EEF-CVE-2026-70395"
"ash","2.14.19","EEF-CVE-2026-70395"
"ash","2.14.2","EEF-CVE-2026-70395"
"ash","2.14.20","EEF-CVE-2026-70395"
"ash","2.14.21","EEF-CVE-2026-70395"
"ash","2.14.3","EEF-CVE-2026-70395"
"ash","2.14.4","EEF-CVE-2026-70395"
"ash","2.14.5","EEF-CVE-2026-70395"
"ash","2.14.6","EEF-CVE-2026-70395"
"ash","2.14.7","EEF-CVE-2026-70395"
"ash","2.14.8","EEF-CVE-2026-70395"
"ash","2.14.9","EEF-CVE-2026-70395"
"ash","2.15.0","EEF-CVE-2026-70395"
"ash","2.15.1","EEF-CVE-2026-70395"
"ash","2.15.10","EEF-CVE-2026-70395"
"ash","2.15.11","EEF-CVE-2026-70395"
"ash","2.15.12","EEF-CVE-2026-70395"
"ash","2.15.13","EEF-CVE-2026-70395"
"ash","2.15.14","EEF-CVE-2026-70395"
"ash","2.15.15","EEF-CVE-2026-70395"
"ash","2.15.16","EEF-CVE-2026-70395"
"ash","2.15.17","EEF-CVE-2026-70395"
"ash","2.15.18","EEF-CVE-2026-70395"
"ash","2.15.19","EEF-CVE-2026-70395"
"ash","2.15.2","EEF-CVE-2026-70395"
"ash","2.15.20","EEF-CVE-2026-70395"
"ash","2.15.4","EEF-CVE-2026-70395"
"ash","2.15.5","EEF-CVE-2026-70395"
"ash","2.15.6","EEF-CVE-2026-70395"
"ash","2.15.7","EEF-CVE-2026-70395"
"ash","2.15.8","EEF-CVE-2026-70395"
"ash","2.15.9","EEF-CVE-2026-70395"
"ash","2.16.0","EEF-CVE-2026-70395"
"ash","2.16.1","EEF-CVE-2026-70395"
"ash","2.17.0","EEF-CVE-2026-70395"
"ash","2.17.1","EEF-CVE-2026-70395"
"ash","2.17.10","EEF-CVE-2026-70395"
"ash","2.17.11","EEF-CVE-2026-70395"
"ash","2.17.12","EEF-CVE-2026-70395"
"ash","2.17.13","EEF-CVE-2026-70395"
"ash","2.17.14","EEF-CVE-2026-70395"
"ash","2.17.15","EEF-CVE-2026-70395"
"ash","2.17.16","EEF-CVE-2026-70395"
"ash","2.17.17","EEF-CVE-2026-70395"
"ash","2.17.18","EEF-CVE-2026-70395"
"ash","2.17.19","EEF-CVE-2026-70395"
"ash","2.17.2","EEF-CVE-2026-70395"
"ash","2.17.20","EEF-CVE-2026-70395"
"ash","2.17.21","EEF-CVE-2026-70395"
"ash","2.17.22","EEF-CVE-2026-70395"
"ash","2.17.23","EEF-CVE-2026-70395"
"ash","2.17.24","EEF-CVE-2026-70395"
"ash","2.17.3","EEF-CVE-2026-70395"
"ash","2.17.4","EEF-CVE-2026-70395"
"ash","2.17.5","EEF-CVE-2026-70395"
"ash","2.17.6","EEF-CVE-2026-70395"
"ash","2.17.7","EEF-CVE-2026-70395"
"ash","2.17.8","EEF-CVE-2026-70395"
"ash","2.17.9","EEF-CVE-2026-70395"
"ash","2.18.0","EEF-CVE-2026-70395"
"ash","2.18.1","EEF-CVE-2026-70395"
"ash","2.18.2","EEF-CVE-2026-70395"
"ash","2.19.0","EEF-CVE-2026-70395"
"ash","2.19.1","EEF-CVE-2026-70395"
"ash","2.19.10","EEF-CVE-2026-70395"
"ash","2.19.11","EEF-CVE-2026-70395"
"ash","2.19.12","EEF-CVE-2026-70395"
"ash","2.19.13","EEF-CVE-2026-70395"
"ash","2.19.14","EEF-CVE-2026-70395"
"ash","2.19.2","EEF-CVE-2026-70395"
"ash","2.19.3","EEF-CVE-2026-70395"
"ash","2.19.4","EEF-CVE-2026-70395"
"ash","2.19.5","EEF-CVE-2026-70395"
"ash","2.19.6","EEF-CVE-2026-70395"
"ash","2.19.7","EEF-CVE-2026-70395"
"ash","2.19.8","EEF-CVE-2026-70395"
"ash","2.19.9","EEF-CVE-2026-70395"
"ash","2.2.0","EEF-CVE-2026-70395"
"ash","2.20.0","EEF-CVE-2026-70395"
"ash","2.20.1","EEF-CVE-2026-70395"
"ash","2.20.2","EEF-CVE-2026-70395"
"ash","2.20.3","EEF-CVE-2026-70395"
"ash","2.21.0","EEF-CVE-2026-70395"
"ash","2.21.1","EEF-CVE-2026-70395"
"ash","2.21.10","EEF-CVE-2026-70395"
"ash","2.21.11","EEF-CVE-2026-70395"
"ash","2.21.12","EEF-CVE-2026-70395"
"ash","2.21.13","EEF-CVE-2026-70395"
"ash","2.21.14","EEF-CVE-2026-70395"
"ash","2.21.15","EEF-CVE-2026-70395"
"ash","2.21.2","EEF-CVE-2026-70395"
"ash","2.21.3","EEF-CVE-2026-70395"
"ash","2.21.4","EEF-CVE-2026-70395"
"ash","2.21.5","EEF-CVE-2026-70395"
"ash","2.21.6","EEF-CVE-2026-70395"
"ash","2.21.7","EEF-CVE-2026-70395"
"ash","2.21.8","EEF-CVE-2026-70395"
"ash","2.21.9","EEF-CVE-2026-70395"
"ash","2.3.0","EEF-CVE-2026-70395"
"ash","2.4.0","EEF-CVE-2026-70395"
"ash","2.4.1","EEF-CVE-2026-70395"
"ash","2.4.10","EEF-CVE-2026-70395"
"ash","2.4.11","EEF-CVE-2026-70395"
"ash","2.4.12","EEF-CVE-2026-70395"
"ash","2.4.13","EEF-CVE-2026-70395"
"ash","2.4.14","EEF-CVE-2026-70395"
"ash","2.4.15","EEF-CVE-2026-70395"
"ash","2.4.16","EEF-CVE-2026-70395"
"ash","2.4.17","EEF-CVE-2026-70395"
"ash","2.4.18","EEF-CVE-2026-70395"
"ash","2.4.19","EEF-CVE-2026-70395"
"ash","2.4.2","EEF-CVE-2026-70395"
"ash","2.4.20","EEF-CVE-2026-70395"
"ash","2.4.21","EEF-CVE-2026-70395"
"ash","2.4.22","EEF-CVE-2026-70395"
"ash","2.4.23","EEF-CVE-2026-70395"
"ash","2.4.24","EEF-CVE-2026-70395"
"ash","2.4.25","EEF-CVE-2026-70395"
"ash","2.4.26","EEF-CVE-2026-70395"
"ash","2.4.27","EEF-CVE-2026-70395"
"ash","2.4.28","EEF-CVE-2026-70395"
"ash","2.4.29","EEF-CVE-2026-70395"
"ash","2.4.3","EEF-CVE-2026-70395"
"ash","2.4.30","EEF-CVE-2026-70395"
"ash","2.4.4","EEF-CVE-2026-70395"
"ash","2.4.5","EEF-CVE-2026-70395"
"ash","2.4.6","EEF-CVE-2026-70395"
"ash","2.4.7","EEF-CVE-2026-70395"
"ash","2.4.8","EEF-CVE-2026-70395"
"ash","2.4.9","EEF-CVE-2026-70395"
"ash","2.5.0","EEF-CVE-2026-70395"
"ash","2.5.0-rc.0","EEF-CVE-2026-70395"
"ash","2.5.0-rc.1","EEF-CVE-2026-70395"
"ash","2.5.0-rc.2","EEF-CVE-2026-70395"
"ash","2.5.0-rc.3","EEF-CVE-2026-70395"
"ash","2.5.0-rc.4","EEF-CVE-2026-70395"
"ash","2.5.0-rc.5","EEF-CVE-2026-70395"
"ash","2.5.0-rc.6","EEF-CVE-2026-70395"
"ash","2.5.1","EEF-CVE-2026-70395"
"ash","2.5.10","EEF-CVE-2026-70395"
"ash","2.5.11","EEF-CVE-2026-70395"
"ash","2.5.12","EEF-CVE-2026-70395"
"ash","2.5.13","EEF-CVE-2026-70395"
"ash","2.5.14","EEF-CVE-2026-70395"
"ash","2.5.15","EEF-CVE-2026-70395"
"ash","2.5.16","EEF-CVE-2026-70395"
"ash","2.5.2","EEF-CVE-2026-70395"
"ash","2.5.3","EEF-CVE-2026-70395"
"ash","2.5.4","EEF-CVE-2026-70395"
"ash","2.5.5","EEF-CVE-2026-70395"
"ash","2.5.6","EEF-CVE-2026-70395"
"ash","2.5.7","EEF-CVE-2026-70395"
"ash","2.5.8","EEF-CVE-2026-70395"
"ash","2.5.9","EEF-CVE-2026-70395"
"ash","2.6.0","EEF-CVE-2026-70395"
"ash","2.6.1","EEF-CVE-2026-70395"
"ash","2.6.10","EEF-CVE-2026-70395"
"ash","2.6.11","EEF-CVE-2026-70395"
"ash","2.6.13","EEF-CVE-2026-70395"
"ash","2.6.14","EEF-CVE-2026-70395"
"ash","2.6.15","EEF-CVE-2026-70395"
"ash","2.6.16","EEF-CVE-2026-70395"
"ash","2.6.17","EEF-CVE-2026-70395"
"ash","2.6.18","EEF-CVE-2026-70395"
"ash","2.6.19","EEF-CVE-2026-70395"
"ash","2.6.2","EEF-CVE-2026-70395"
"ash","2.6.20","EEF-CVE-2026-70395"
"ash","2.6.21","EEF-CVE-2026-70395"
"ash","2.6.22","EEF-CVE-2026-70395"
"ash","2.6.23","EEF-CVE-2026-70395"
"ash","2.6.24","EEF-CVE-2026-70395"
"ash","2.6.25","EEF-CVE-2026-70395"
"ash","2.6.26","EEF-CVE-2026-70395"
"ash","2.6.27","EEF-CVE-2026-70395"
"ash","2.6.28","EEF-CVE-2026-70395"
"ash","2.6.29","EEF-CVE-2026-70395"
"ash","2.6.3","EEF-CVE-2026-70395"
"ash","2.6.30","EEF-CVE-2026-70395"
"ash","2.6.31","EEF-CVE-2026-70395"
"ash","2.6.4","EEF-CVE-2026-70395"
"ash","2.6.5","EEF-CVE-2026-70395"
"ash","2.6.6","EEF-CVE-2026-70395"
"ash","2.6.7","EEF-CVE-2026-70395"
"ash","2.6.8","EEF-CVE-2026-70395"
"ash","2.6.9","EEF-CVE-2026-70395"
"ash","2.7.0","EEF-CVE-2026-70395"
"ash","2.7.1","EEF-CVE-2026-70395"
"ash","2.8.0","EEF-CVE-2026-70395"
"ash","2.8.1","EEF-CVE-2026-70395"
"ash","2.9.0","EEF-CVE-2026-70395"
"ash","2.9.1","EEF-CVE-2026-70395"
"ash","2.9.10","EEF-CVE-2026-70395"
"ash","2.9.11","EEF-CVE-2026-70395"
"ash","2.9.12","EEF-CVE-2026-70395"
"ash","2.9.13","EEF-CVE-2026-70395"
"ash","2.9.14","EEF-CVE-2026-70395"
"ash","2.9.15","EEF-CVE-2026-70395"
"ash","2.9.16","EEF-CVE-2026-70395"
"ash","2.9.17","EEF-CVE-2026-70395"
"ash","2.9.18","EEF-CVE-2026-70395"
"ash","2.9.19","EEF-CVE-2026-70395"
"ash","2.9.2","EEF-CVE-2026-70395"
"ash","2.9.20","EEF-CVE-2026-70395"
"ash","2.9.21","EEF-CVE-2026-70395"
"ash","2.9.22","EEF-CVE-2026-70395"
"ash","2.9.23","EEF-CVE-2026-70395"
"ash","2.9.24","EEF-CVE-2026-70395"
"ash","2.9.25","EEF-CVE-2026-70395"
"ash","2.9.26","EEF-CVE-2026-70395"
"ash","2.9.27","EEF-CVE-2026-70395"
"ash","2.9.28","EEF-CVE-2026-70395"
"ash","2.9.29","EEF-CVE-2026-70395"
"ash","2.9.3","EEF-CVE-2026-70395"
"ash","2.9.4","EEF-CVE-2026-70395"
"ash","2.9.5","EEF-CVE-2026-70395"
"ash","2.9.6","EEF-CVE-2026-70395"
"ash","2.9.7","EEF-CVE-2026-70395"
"ash","2.9.8","EEF-CVE-2026-70395"
"ash","2.9.9","EEF-CVE-2026-70395"
"ash","3.0.0","EEF-CVE-2026-70395"
"ash","3.0.0-rc.0","EEF-CVE-2026-70395"
"ash","3.0.0-rc.1","EEF-CVE-2026-70395"
"ash","3.0.0-rc.10","EEF-CVE-2026-70395"
"ash","3.0.0-rc.11","EEF-CVE-2026-70395"
"ash","3.0.0-rc.12","EEF-CVE-2026-70395"
"ash","3.0.0-rc.13","EEF-CVE-2026-70395"
"ash","3.0.0-rc.14","EEF-CVE-2026-70395"
"ash","3.0.0-rc.15","EEF-CVE-2026-70395"
"ash","3.0.0-rc.16","EEF-CVE-2026-70395"
"ash","3.0.0-rc.17","EEF-CVE-2026-70395"
"ash","3.0.0-rc.18","EEF-CVE-2026-70395"
"ash","3.0.0-rc.19","EEF-CVE-2026-70395"
"ash","3.0.0-rc.20","EEF-CVE-2026-70395"
"ash","3.0.0-rc.21","EEF-CVE-2026-70395"
"ash","3.0.0-rc.22","EEF-CVE-2026-70395"
"ash","3.0.0-rc.23","EEF-CVE-2026-70395"
"ash","3.0.0-rc.24","EEF-CVE-2026-70395"
"ash","3.0.0-rc.25","EEF-CVE-2026-70395"
"ash","3.0.0-rc.26","EEF-CVE-2026-70395"
"ash","3.0.0-rc.27","EEF-CVE-2026-70395"
"ash","3.0.0-rc.28","EEF-CVE-2026-70395"
"ash","3.0.0-rc.29","EEF-CVE-2026-70395"
"ash","3.0.0-rc.3","EEF-CVE-2026-70395"
"ash","3.0.0-rc.31","EEF-CVE-2026-70395"
"ash","3.0.0-rc.32","EEF-CVE-2026-70395"
"ash","3.0.0-rc.33","EEF-CVE-2026-70395"
"ash","3.0.0-rc.34","EEF-CVE-2026-70395"
"ash","3.0.0-rc.35","EEF-CVE-2026-70395"
"ash","3.0.0-rc.36","EEF-CVE-2026-70395"
"ash","3.0.0-rc.37","EEF-CVE-2026-70395"
"ash","3.0.0-rc.38","EEF-CVE-2026-70395"
"ash","3.0.0-rc.39","EEF-CVE-2026-70395"
"ash","3.0.0-rc.4","EEF-CVE-2026-70395"
"ash","3.0.0-rc.40","EEF-CVE-2026-70395"
"ash","3.0.0-rc.41","EEF-CVE-2026-70395"
"ash","3.0.0-rc.42","EEF-CVE-2026-70395"
"ash","3.0.0-rc.43","EEF-CVE-2026-70395"
"ash","3.0.0-rc.44","EEF-CVE-2026-70395"
"ash","3.0.0-rc.45","EEF-CVE-2026-70395"
"ash","3.0.0-rc.46","EEF-CVE-2026-70395"
"ash","3.0.0-rc.5","EEF-CVE-2026-70395"
"ash","3.0.0-rc.6","EEF-CVE-2026-70395"
"ash","3.0.0-rc.7","EEF-CVE-2026-70395"
"ash","3.0.0-rc.8","EEF-CVE-2026-70395"
"ash","3.0.0-rc.9","EEF-CVE-2026-70395"
"ash","3.0.1","EEF-CVE-2026-70395"
"ash","3.0.10","EEF-CVE-2026-70395"
"ash","3.0.11","EEF-CVE-2026-70395"
"ash","3.0.12","EEF-CVE-2026-70395"
"ash","3.0.13","EEF-CVE-2026-70395"
"ash","3.0.14","EEF-CVE-2026-70395"
"ash","3.0.15","EEF-CVE-2026-70395"
"ash","3.0.16","EEF-CVE-2026-70395"
"ash","3.0.2","EEF-CVE-2026-70395"
"ash","3.0.3","EEF-CVE-2026-70395"
"ash","3.0.4","EEF-CVE-2026-70395"
"ash","3.0.5","EEF-CVE-2026-70395"
"ash","3.0.6","EEF-CVE-2026-70395"
"ash","3.0.7","EEF-CVE-2026-70395"
"ash","3.0.8","EEF-CVE-2026-70395"
"ash","3.0.9","EEF-CVE-2026-70395"
"ash","3.1.0","EEF-CVE-2026-70395"
"ash","3.1.1","EEF-CVE-2026-70395"
"ash","3.1.2","EEF-CVE-2026-70395"
"ash","3.1.3","EEF-CVE-2026-70395"
"ash","3.1.4","EEF-CVE-2026-70395"
"ash","3.1.5","EEF-CVE-2026-70395"
"ash","3.1.6","EEF-CVE-2026-70395"
"ash","3.1.7","EEF-CVE-2026-70395"
"ash","3.1.8","EEF-CVE-2026-70395"
"ash","3.10.0","EEF-CVE-2026-70395"
"ash","3.10.1","EEF-CVE-2026-70395"
"ash","3.11.0","EEF-CVE-2026-70395"
"ash","3.11.1","EEF-CVE-2026-70395"
"ash","3.11.2","EEF-CVE-2026-70395"
"ash","3.11.3","EEF-CVE-2026-70395"
"ash","3.12.0","EEF-CVE-2026-70395"
"ash","3.13.0","EEF-CVE-2026-70395"
"ash","3.13.1","EEF-CVE-2026-70395"
"ash","3.13.2","EEF-CVE-2026-70395"
"ash","3.14.0","EEF-CVE-2026-70395"
"ash","3.14.1","EEF-CVE-2026-70395"
"ash","3.15.0","EEF-CVE-2026-70395"
"ash","3.16.0","EEF-CVE-2026-70395"
"ash","3.17.0","EEF-CVE-2026-70395"
"ash","3.17.1","EEF-CVE-2026-70395"
"ash","3.18.0","EEF-CVE-2026-70395"
"ash","3.19.0","EEF-CVE-2026-70395"
"ash","3.19.1","EEF-CVE-2026-70395"
"ash","3.19.2","EEF-CVE-2026-70395"
"ash","3.19.3","EEF-CVE-2026-70395"
"ash","3.2.0","EEF-CVE-2026-70395"
"ash","3.2.1","EEF-CVE-2026-70395"
"ash","3.2.2","EEF-CVE-2026-70395"
"ash","3.2.3","EEF-CVE-2026-70395"
"ash","3.2.4","EEF-CVE-2026-70395"
"ash","3.2.5","EEF-CVE-2026-70395"
"ash","3.2.6","EEF-CVE-2026-70395"
"ash","3.20.0","EEF-CVE-2026-70395"
"ash","3.21.0","EEF-CVE-2026-70395"
"ash","3.21.1","EEF-CVE-2026-70395"
"ash","3.21.2","EEF-CVE-2026-70395"
"ash","3.21.3","EEF-CVE-2026-70395"
"ash","3.22.0","EEF-CVE-2026-70395"
"ash","3.22.1","EEF-CVE-2026-70395"
"ash","3.22.2","EEF-CVE-2026-70395"
"ash","3.23.0","EEF-CVE-2026-70395"
"ash","3.23.1","EEF-CVE-2026-70395"
"ash","3.24.0","EEF-CVE-2026-70395"
"ash","3.24.1","EEF-CVE-2026-70395"
"ash","3.24.2","EEF-CVE-2026-70395"
"ash","3.24.3","EEF-CVE-2026-70395"
"ash","3.24.4","EEF-CVE-2026-70395"
"ash","3.24.5","EEF-CVE-2026-70395"
"ash","3.24.6","EEF-CVE-2026-70395"
"ash","3.24.7","EEF-CVE-2026-70395"
"ash","3.25.0","EEF-CVE-2026-70395"
"ash","3.25.1","EEF-CVE-2026-70395"
"ash","3.25.2","EEF-CVE-2026-70395"
"ash","3.26.0","EEF-CVE-2026-70395"
"ash","3.27.0","EEF-CVE-2026-70395"
"ash","3.27.1","EEF-CVE-2026-70395"
"ash","3.27.2","EEF-CVE-2026-70395"
"ash","3.27.3","EEF-CVE-2026-70395"
"ash","3.27.4","EEF-CVE-2026-70395"
"ash","3.27.5","EEF-CVE-2026-70395"
"ash","3.27.6","EEF-CVE-2026-70395"
"ash","3.27.7","EEF-CVE-2026-70395"
"ash","3.27.8","EEF-CVE-2026-70395"
"ash","3.28.0","EEF-CVE-2026-70395"
"ash","3.29.0","EEF-CVE-2026-70395"
"ash","3.29.1","EEF-CVE-2026-70395"
"ash","3.29.2","EEF-CVE-2026-70395"
"ash","3.29.3","EEF-CVE-2026-70395"
"ash","3.3.0","EEF-CVE-2026-70395"
"ash","3.3.1","EEF-CVE-2026-70395"
"ash","3.3.2","EEF-CVE-2026-70395"
"ash","3.3.3","EEF-CVE-2026-70395"
"ash","3.30.0","EEF-CVE-2026-70395"
"ash","3.30.1","EEF-CVE-2026-70395"
"ash","3.31.0","EEF-CVE-2026-70395"
"ash","3.4.0","EEF-CVE-2026-70395"
"ash","3.4.1","EEF-CVE-2026-70395"
"ash","3.4.10","EEF-CVE-2026-70395"
"ash","3.4.11","EEF-CVE-2026-70395"
"ash","3.4.12","EEF-CVE-2026-70395"
"ash","3.4.13","EEF-CVE-2026-70395"
"ash","3.4.14","EEF-CVE-2026-70395"
"ash","3.4.15","EEF-CVE-2026-70395"
"ash","3.4.16","EEF-CVE-2026-70395"
"ash","3.4.17","EEF-CVE-2026-70395"
"ash","3.4.18","EEF-CVE-2026-70395"
"ash","3.4.19","EEF-CVE-2026-70395"
"ash","3.4.2","EEF-CVE-2026-70395"
"ash","3.4.20","EEF-CVE-2026-70395"
"ash","3.4.21","EEF-CVE-2026-70395"
"ash","3.4.22","EEF-CVE-2026-70395"
"ash","3.4.23","EEF-CVE-2026-70395"
"ash","3.4.24","EEF-CVE-2026-70395"
"ash","3.4.25","EEF-CVE-2026-70395"
"ash","3.4.26","EEF-CVE-2026-70395"
"ash","3.4.27","EEF-CVE-2026-70395"
"ash","3.4.28","EEF-CVE-2026-70395"
"ash","3.4.29","EEF-CVE-2026-70395"
"ash","3.4.3","EEF-CVE-2026-70395"
"ash","3.4.30","EEF-CVE-2026-70395"
"ash","3.4.31","EEF-CVE-2026-70395"
"ash","3.4.32","EEF-CVE-2026-70395"
"ash","3.4.33","EEF-CVE-2026-70395"
"ash","3.4.34","EEF-CVE-2026-70395"
"ash","3.4.35","EEF-CVE-2026-70395"
"ash","3.4.36","EEF-CVE-2026-70395"
"ash","3.4.37","EEF-CVE-2026-70395"
"ash","3.4.38","EEF-CVE-2026-70395"
"ash","3.4.39","EEF-CVE-2026-70395"
"ash","3.4.4","EEF-CVE-2026-70395"
"ash","3.4.40","EEF-CVE-2026-70395"
"ash","3.4.41","EEF-CVE-2026-70395"
"ash","3.4.42","EEF-CVE-2026-70395"
"ash","3.4.43","EEF-CVE-2026-70395"
"ash","3.4.44","EEF-CVE-2026-70395"
"ash","3.4.45","EEF-CVE-2026-70395"
"ash","3.4.46","EEF-CVE-2026-70395"
"ash","3.4.47","EEF-CVE-2026-70395"
"ash","3.4.48","EEF-CVE-2026-70395"
"ash","3.4.49","EEF-CVE-2026-70395"
"ash","3.4.5","EEF-CVE-2026-70395"
"ash","3.4.50","EEF-CVE-2026-70395"
"ash","3.4.51","EEF-CVE-2026-70395"
"ash","3.4.52","EEF-CVE-2026-70395"
"ash","3.4.53","EEF-CVE-2026-70395"
"ash","3.4.54","EEF-CVE-2026-70395"
"ash","3.4.55","EEF-CVE-2026-70395"
"ash","3.4.56","EEF-CVE-2026-70395"
"ash","3.4.57","EEF-CVE-2026-70395"
"ash","3.4.58","EEF-CVE-2026-70395"
"ash","3.4.59","EEF-CVE-2026-70395"
"ash","3.4.6","EEF-CVE-2026-70395"
"ash","3.4.60","EEF-CVE-2026-70395"
"ash","3.4.61","EEF-CVE-2026-70395"
"ash","3.4.62","EEF-CVE-2026-70395"
"ash","3.4.63","EEF-CVE-2026-70395"
"ash","3.4.64","EEF-CVE-2026-70395"
"ash","3.4.65","EEF-CVE-2026-70395"
"ash","3.4.66","EEF-CVE-2026-70395"
"ash","3.4.67","EEF-CVE-2026-70395"
"ash","3.4.68","EEF-CVE-2026-70395"
"ash","3.4.69","EEF-CVE-2026-70395"
"ash","3.4.7","EEF-CVE-2026-70395"
"ash","3.4.70","EEF-CVE-2026-70395"
"ash","3.4.71","EEF-CVE-2026-70395"
"ash","3.4.72","EEF-CVE-2026-70395"
"ash","3.4.73","EEF-CVE-2026-70395"
"ash","3.4.74","EEF-CVE-2026-70395"
"ash","3.4.8","EEF-CVE-2026-70395"
"ash","3.4.9","EEF-CVE-2026-70395"
"ash","3.5.0","EEF-CVE-2026-70395"
"ash","3.5.1","EEF-CVE-2026-70395"
"ash","3.5.10","EEF-CVE-2026-70395"
"ash","3.5.11","EEF-CVE-2026-70395"
"ash","3.5.12","EEF-CVE-2026-70395"
"ash","3.5.13","EEF-CVE-2026-70395"
"ash","3.5.14","EEF-CVE-2026-70395"
"ash","3.5.15","EEF-CVE-2026-70395"
"ash","3.5.16","EEF-CVE-2026-70395"
"ash","3.5.17","EEF-CVE-2026-70395"
"ash","3.5.18","EEF-CVE-2026-70395"
"ash","3.5.19","EEF-CVE-2026-70395"
"ash","3.5.2","EEF-CVE-2026-70395"
"ash","3.5.20","EEF-CVE-2026-70395"
"ash","3.5.21","EEF-CVE-2026-70395"
"ash","3.5.22","EEF-CVE-2026-70395"
"ash","3.5.23","EEF-CVE-2026-70395"
"ash","3.5.24","EEF-CVE-2026-70395"
"ash","3.5.25","EEF-CVE-2026-70395"
"ash","3.5.26","EEF-CVE-2026-70395"
"ash","3.5.27","EEF-CVE-2026-70395"
"ash","3.5.28","EEF-CVE-2026-70395"
"ash","3.5.29","EEF-CVE-2026-70395"
"ash","3.5.3","EEF-CVE-2026-70395"
"ash","3.5.30","EEF-CVE-2026-70395"
"ash","3.5.31","EEF-CVE-2026-70395"
"ash","3.5.32","EEF-CVE-2026-70395"
"ash","3.5.33","EEF-CVE-2026-70395"
"ash","3.5.34","EEF-CVE-2026-70395"
"ash","3.5.35","EEF-CVE-2026-70395"
"ash","3.5.36","EEF-CVE-2026-70395"
"ash","3.5.37","EEF-CVE-2026-70395"
"ash","3.5.38","EEF-CVE-2026-70395"
"ash","3.5.39","EEF-CVE-2026-70395"
"ash","3.5.4","EEF-CVE-2026-70395"
"ash","3.5.40","EEF-CVE-2026-70395"
"ash","3.5.41","EEF-CVE-2026-70395"
"ash","3.5.42","EEF-CVE-2026-70395"
"ash","3.5.43","EEF-CVE-2026-70395"
"ash","3.5.5","EEF-CVE-2026-70395"
"ash","3.5.6","EEF-CVE-2026-70395"
"ash","3.5.7","EEF-CVE-2026-70395"
"ash","3.5.8","EEF-CVE-2026-70395"
"ash","3.5.9","EEF-CVE-2026-70395"
"ash","3.6.0","EEF-CVE-2026-70395"
"ash","3.6.1","EEF-CVE-2026-70395"
"ash","3.6.2","EEF-CVE-2026-70395"
"ash","3.6.3","EEF-CVE-2026-70395"
"ash","3.7.0","EEF-CVE-2026-70395"
"ash","3.7.1","EEF-CVE-2026-70395"
"ash","3.7.2","EEF-CVE-2026-70395"
"ash","3.7.3","EEF-CVE-2026-70395"
"ash","3.7.4","EEF-CVE-2026-70395"
"ash","3.7.5","EEF-CVE-2026-70395"
"ash","3.7.6","EEF-CVE-2026-70395"
"ash","3.8.0","EEF-CVE-2026-70395"
"ash","3.9.0","EEF-CVE-2026-70395"
"cowlib","1.0.0","EEF-CVE-2026-7790"
"cowlib","1.0.1","EEF-CVE-2026-7790"
"cowlib","1.0.2","EEF-CVE-2026-7790"
"cowlib","1.1.0","EEF-CVE-2026-7790"
"cowlib","1.2.0","EEF-CVE-2026-7790"
"cowlib","1.3.0","EEF-CVE-2026-7790"
"cowlib","2.0.0","EEF-CVE-2026-7790"
"cowlib","2.0.1","EEF-CVE-2026-7790"
"cowlib","2.1.0","EEF-CVE-2026-7790"
"cowlib","2.10.0","EEF-CVE-2026-7790"
"cowlib","2.10.1","EEF-CVE-2026-7790"
"cowlib","2.11.0","EEF-CVE-2026-7790"
"cowlib","2.12.0","EEF-CVE-2026-7790"
"cowlib","2.12.1","EEF-CVE-2026-7790"
"cowlib","2.13.0","EEF-CVE-2026-7790"
"cowlib","2.14.0","EEF-CVE-2026-7790"
"cowlib","2.15.0","EEF-CVE-2026-7790"
"cowlib","2.16.0","EEF-CVE-2026-7790"
"cowlib","2.2.0","EEF-CVE-2026-7790"
"cowlib","2.2.1","EEF-CVE-2026-7790"
"cowlib","2.3.0","EEF-CVE-2026-7790"
"cowlib","2.4.0","EEF-CVE-2026-7790"
"cowlib","2.5.0","EEF-CVE-2026-7790"
"cowlib","2.5.1","EEF-CVE-2026-7790"
"cowlib","2.6.0","EEF-CVE-2026-7790"
"cowlib","2.7.0","EEF-CVE-2026-7790"
"cowlib","2.7.1","EEF-CVE-2026-7790"
"cowlib","2.7.2","EEF-CVE-2026-7790"
"cowlib","2.7.3","EEF-CVE-2026-7790"
"cowlib","2.8.0","EEF-CVE-2026-7790"
"cowlib","2.9.0","EEF-CVE-2026-7790"
"cowlib","2.9.1","EEF-CVE-2026-7790"
"cowboy","2.0.0","EEF-CVE-2026-8466"
"cowboy","2.1.0","EEF-CVE-2026-8466"
"cowboy","2.10.0","EEF-CVE-2026-8466"
"cowboy","2.11.0","EEF-CVE-2026-8466"
"cowboy","2.12.0","EEF-CVE-2026-8466"
"cowboy","2.13.0","EEF-CVE-2026-8466"
"cowboy","2.14.0","EEF-CVE-2026-8466"
"cowboy","2.14.1","EEF-CVE-2026-8466"
"cowboy","2.14.2","EEF-CVE-2026-8466"
"cowboy","2.2.0","EEF-CVE-2026-8466"
"cowboy","2.2.1","EEF-CVE-2026-8466"
"cowboy","2.2.2","EEF-CVE-2026-8466"
"cowboy","2.3.0","EEF-CVE-2026-8466"
"cowboy","2.4.0","EEF-CVE-2026-8466"
"cowboy","2.5.0","EEF-CVE-2026-8466"
"cowboy","2.6.0","EEF-CVE-2026-8466"
"cowboy","2.6.1","EEF-CVE-2026-8466"
"cowboy","2.6.2","EEF-CVE-2026-8466"
"cowboy","2.6.3","EEF-CVE-2026-8466"
"cowboy","2.7.0","EEF-CVE-2026-8466"
"cowboy","2.8.0","EEF-CVE-2026-8466"
"cowboy","2.9.0","EEF-CVE-2026-8466"
"phoenix_storybook","0.5.0","EEF-CVE-2026-8467"
"phoenix_storybook","0.5.1","EEF-CVE-2026-8467"
"phoenix_storybook","0.5.2","EEF-CVE-2026-8467"
"phoenix_storybook","0.5.3","EEF-CVE-2026-8467"
"phoenix_storybook","0.5.4","EEF-CVE-2026-8467"
"phoenix_storybook","0.5.5","EEF-CVE-2026-8467"
"phoenix_storybook","0.5.6","EEF-CVE-2026-8467"
"phoenix_storybook","0.5.7","EEF-CVE-2026-8467"
"phoenix_storybook","0.6.0","EEF-CVE-2026-8467"
"phoenix_storybook","0.6.1","EEF-CVE-2026-8467"
"phoenix_storybook","0.6.2","EEF-CVE-2026-8467"
"phoenix_storybook","0.6.3","EEF-CVE-2026-8467"
"phoenix_storybook","0.6.4","EEF-CVE-2026-8467"
"phoenix_storybook","0.7.0","EEF-CVE-2026-8467"
"phoenix_storybook","0.7.1","EEF-CVE-2026-8467"
"phoenix_storybook","0.7.2","EEF-CVE-2026-8467"
"phoenix_storybook","0.8.0","EEF-CVE-2026-8467"
"phoenix_storybook","0.8.1","EEF-CVE-2026-8467"
"phoenix_storybook","0.8.2","EEF-CVE-2026-8467"
"phoenix_storybook","0.8.3","EEF-CVE-2026-8467"
"phoenix_storybook","0.9.0","EEF-CVE-2026-8467"
"phoenix_storybook","0.9.1","EEF-CVE-2026-8467"
"phoenix_storybook","0.9.2","EEF-CVE-2026-8467"
"phoenix_storybook","0.9.3","EEF-CVE-2026-8467"
"phoenix_storybook","1.0.0","EEF-CVE-2026-8467"
"plug","1.10.0","EEF-CVE-2026-8468"
"plug","1.10.1","EEF-CVE-2026-8468"
"plug","1.10.2","EEF-CVE-2026-8468"
"plug","1.10.3","EEF-CVE-2026-8468"
"plug","1.10.4","EEF-CVE-2026-8468"
"plug","1.11.0","EEF-CVE-2026-8468"
"plug","1.11.1","EEF-CVE-2026-8468"
"plug","1.12.0","EEF-CVE-2026-8468"
"plug","1.12.1","EEF-CVE-2026-8468"
"plug","1.13.0","EEF-CVE-2026-8468"
"plug","1.13.1","EEF-CVE-2026-8468"
"plug","1.13.2","EEF-CVE-2026-8468"
"plug","1.13.3","EEF-CVE-2026-8468"
"plug","1.13.4","EEF-CVE-2026-8468"
"plug","1.13.5","EEF-CVE-2026-8468"
"plug","1.13.6","EEF-CVE-2026-8468"
"plug","1.14.0","EEF-CVE-2026-8468"
"plug","1.14.1","EEF-CVE-2026-8468"
"plug","1.14.2","EEF-CVE-2026-8468"
"plug","1.15.0","EEF-CVE-2026-8468"
"plug","1.15.1","EEF-CVE-2026-8468"
"plug","1.15.2","EEF-CVE-2026-8468"
"plug","1.15.3","EEF-CVE-2026-8468"
"plug","1.16.0","EEF-CVE-2026-8468"
"plug","1.16.1","EEF-CVE-2026-8468"
"plug","1.16.2","EEF-CVE-2026-8468"
"plug","1.17.0","EEF-CVE-2026-8468"
"plug","1.18.0","EEF-CVE-2026-8468"
"plug","1.18.1","EEF-CVE-2026-8468"
"plug","1.19.0","EEF-CVE-2026-8468"
"plug","1.19.1","EEF-CVE-2026-8468"
"plug","1.4.0","EEF-CVE-2026-8468"
"plug","1.4.1","EEF-CVE-2026-8468"
"plug","1.4.2","EEF-CVE-2026-8468"
"plug","1.4.3","EEF-CVE-2026-8468"
"plug","1.4.4","EEF-CVE-2026-8468"
"plug","1.4.5","EEF-CVE-2026-8468"
"plug","1.5.0","EEF-CVE-2026-8468"
"plug","1.5.0-rc.0","EEF-CVE-2026-8468"
"plug","1.5.0-rc.1","EEF-CVE-2026-8468"
"plug","1.5.0-rc.2","EEF-CVE-2026-8468"
"plug","1.5.1","EEF-CVE-2026-8468"
"plug","1.6.0","EEF-CVE-2026-8468"
"plug","1.6.1","EEF-CVE-2026-8468"
"plug","1.6.2","EEF-CVE-2026-8468"
"plug","1.6.3","EEF-CVE-2026-8468"
"plug","1.6.4","EEF-CVE-2026-8468"
"plug","1.7.0","EEF-CVE-2026-8468"
"plug","1.7.1","EEF-CVE-2026-8468"
"plug","1.7.2","EEF-CVE-2026-8468"
"plug","1.8.0","EEF-CVE-2026-8468"
"plug","1.8.1","EEF-CVE-2026-8468"
"plug","1.8.2","EEF-CVE-2026-8468"
"plug","1.8.3","EEF-CVE-2026-8468"
"plug","1.9.0","EEF-CVE-2026-8468"
"phoenix_storybook","0.5.0","EEF-CVE-2026-8469"
"phoenix_storybook","0.5.1","EEF-CVE-2026-8469"
"phoenix_storybook","0.5.2","EEF-CVE-2026-8469"
"phoenix_storybook","0.5.3","EEF-CVE-2026-8469"
"phoenix_storybook","0.5.4","EEF-CVE-2026-8469"
"phoenix_storybook","0.5.5","EEF-CVE-2026-8469"
"phoenix_storybook","0.5.6","EEF-CVE-2026-8469"
"phoenix_storybook","0.5.7","EEF-CVE-2026-8469"
"phoenix_storybook","0.6.0","EEF-CVE-2026-8469"
"phoenix_storybook","0.6.1","EEF-CVE-2026-8469"
"phoenix_storybook","0.6.2","EEF-CVE-2026-8469"
"phoenix_storybook","0.6.3","EEF-CVE-2026-8469"
"phoenix_storybook","0.6.4","EEF-CVE-2026-8469"
"phoenix_storybook","0.7.0","EEF-CVE-2026-8469"
"phoenix_storybook","0.7.1","EEF-CVE-2026-8469"
"phoenix_storybook","0.7.2","EEF-CVE-2026-8469"
"phoenix_storybook","0.8.0","EEF-CVE-2026-8469"
"phoenix_storybook","0.8.1","EEF-CVE-2026-8469"
"phoenix_storybook","0.8.2","EEF-CVE-2026-8469"
"phoenix_storybook","0.8.3","EEF-CVE-2026-8469"
"phoenix_storybook","0.9.0","EEF-CVE-2026-8469"
"phoenix_storybook","0.9.1","EEF-CVE-2026-8469"
"phoenix_storybook","0.9.2","EEF-CVE-2026-8469"
"phoenix_storybook","0.9.3","EEF-CVE-2026-8469"
"phoenix_storybook","1.0.0","EEF-CVE-2026-8469"
"tesla","0.10.0","GHSA-28jh-g32x-v9v4"
"tesla","0.8.0","GHSA-28jh-g32x-v9v4"
"tesla","0.9.0","GHSA-28jh-g32x-v9v4"
"tesla","1.0.0","GHSA-28jh-g32x-v9v4"
"tesla","1.0.0-beta.1","GHSA-28jh-g32x-v9v4"
"tesla","1.1.0","GHSA-28jh-g32x-v9v4"
"tesla","1.10.0","GHSA-28jh-g32x-v9v4"
"tesla","1.10.1","GHSA-28jh-g32x-v9v4"
"tesla","1.10.2","GHSA-28jh-g32x-v9v4"
"tesla","1.10.3","GHSA-28jh-g32x-v9v4"
"tesla","1.11.0","GHSA-28jh-g32x-v9v4"
"tesla","1.11.1","GHSA-28jh-g32x-v9v4"
"tesla","1.11.2","GHSA-28jh-g32x-v9v4"
"tesla","1.12.0","GHSA-28jh-g32x-v9v4"
"tesla","1.12.1","GHSA-28jh-g32x-v9v4"
"tesla","1.12.2","GHSA-28jh-g32x-v9v4"
"tesla","1.12.3","GHSA-28jh-g32x-v9v4"
"tesla","1.13.0","GHSA-28jh-g32x-v9v4"
"tesla","1.13.1","GHSA-28jh-g32x-v9v4"
"tesla","1.13.2","GHSA-28jh-g32x-v9v4"
"tesla","1.14.0","GHSA-28jh-g32x-v9v4"
"tesla","1.14.1","GHSA-28jh-g32x-v9v4"
"tesla","1.14.2","GHSA-28jh-g32x-v9v4"
"tesla","1.14.3","GHSA-28jh-g32x-v9v4"
"tesla","1.15.0","GHSA-28jh-g32x-v9v4"
"tesla","1.15.1","GHSA-28jh-g32x-v9v4"
"tesla","1.15.2","GHSA-28jh-g32x-v9v4"
"tesla","1.15.3","GHSA-28jh-g32x-v9v4"
"tesla","1.16.0","GHSA-28jh-g32x-v9v4"
"tesla","1.17.0","GHSA-28jh-g32x-v9v4"
"tesla","1.18.0","GHSA-28jh-g32x-v9v4"
"tesla","1.18.1","GHSA-28jh-g32x-v9v4"
"tesla","1.18.2","GHSA-28jh-g32x-v9v4"
"tesla","1.2.0","GHSA-28jh-g32x-v9v4"
"tesla","1.2.1","GHSA-28jh-g32x-v9v4"
"tesla","1.3.0","GHSA-28jh-g32x-v9v4"
"tesla","1.3.1","GHSA-28jh-g32x-v9v4"
"tesla","1.3.2","GHSA-28jh-g32x-v9v4"
"tesla","1.3.3","GHSA-28jh-g32x-v9v4"
"tesla","1.4.0","GHSA-28jh-g32x-v9v4"
"tesla","1.4.1","GHSA-28jh-g32x-v9v4"
"tesla","1.4.2","GHSA-28jh-g32x-v9v4"
"tesla","1.4.3","GHSA-28jh-g32x-v9v4"
"tesla","1.4.4","GHSA-28jh-g32x-v9v4"
"tesla","1.5.0","GHSA-28jh-g32x-v9v4"
"tesla","1.5.1","GHSA-28jh-g32x-v9v4"
"tesla","1.6.0","GHSA-28jh-g32x-v9v4"
"tesla","1.6.1","GHSA-28jh-g32x-v9v4"
"tesla","1.7.0","GHSA-28jh-g32x-v9v4"
"tesla","1.8.0","GHSA-28jh-g32x-v9v4"
"tesla","1.8.1","GHSA-28jh-g32x-v9v4"
"tesla","1.9.0","GHSA-28jh-g32x-v9v4"
"pleroma","0.9.0-develop.2dcded20","GHSA-2c28-m2m7-mf55"
"gun","2.0.0","GHSA-2j82-37xg-f9wp"
"gun","2.0.1","GHSA-2j82-37xg-f9wp"
"gun","2.1.0","GHSA-2j82-37xg-f9wp"
"gun","2.2.0","GHSA-2j82-37xg-f9wp"
"gun","2.3.0","GHSA-2j82-37xg-f9wp"
"mint","0.1.0","GHSA-2p26-p43x-fhp8"
"mint","0.2.0","GHSA-2p26-p43x-fhp8"
"mint","0.2.1","GHSA-2p26-p43x-fhp8"
"mint","0.3.0","GHSA-2p26-p43x-fhp8"
"mint","0.4.0","GHSA-2p26-p43x-fhp8"
"mint","0.5.0","GHSA-2p26-p43x-fhp8"
"mint","1.0.0","GHSA-2p26-p43x-fhp8"
"mint","1.1.0","GHSA-2p26-p43x-fhp8"
"mint","1.2.0","GHSA-2p26-p43x-fhp8"
"mint","1.2.1","GHSA-2p26-p43x-fhp8"
"mint","1.3.0","GHSA-2p26-p43x-fhp8"
"mint","1.4.0","GHSA-2p26-p43x-fhp8"
"mint","1.4.1","GHSA-2p26-p43x-fhp8"
"mint","1.4.2","GHSA-2p26-p43x-fhp8"
"mint","1.5.0","GHSA-2p26-p43x-fhp8"
"mint","1.5.1","GHSA-2p26-p43x-fhp8"
"mint","1.5.2","GHSA-2p26-p43x-fhp8"
"mint","1.6.0","GHSA-2p26-p43x-fhp8"
"mint","1.6.1","GHSA-2p26-p43x-fhp8"
"mint","1.6.2","GHSA-2p26-p43x-fhp8"
"mint","1.7.0","GHSA-2p26-p43x-fhp8"
"mint","1.7.1","GHSA-2p26-p43x-fhp8"
"mint","1.8.0","GHSA-2p26-p43x-fhp8"
"mint","0.1.0","GHSA-2pg6-44cx-c49v"
"mint","0.2.0","GHSA-2pg6-44cx-c49v"
"mint","0.2.1","GHSA-2pg6-44cx-c49v"
"mint","0.3.0","GHSA-2pg6-44cx-c49v"
"mint","0.4.0","GHSA-2pg6-44cx-c49v"
"mint","0.5.0","GHSA-2pg6-44cx-c49v"
"mint","1.0.0","GHSA-2pg6-44cx-c49v"
"mint","1.1.0","GHSA-2pg6-44cx-c49v"
"mint","1.2.0","GHSA-2pg6-44cx-c49v"
"mint","1.2.1","GHSA-2pg6-44cx-c49v"
"mint","1.3.0","GHSA-2pg6-44cx-c49v"
"mint","1.4.0","GHSA-2pg6-44cx-c49v"
"mint","1.4.1","GHSA-2pg6-44cx-c49v"
"mint","1.4.2","GHSA-2pg6-44cx-c49v"
"mint","1.5.0","GHSA-2pg6-44cx-c49v"
"mint","1.5.1","GHSA-2pg6-44cx-c49v"
"mint","1.5.2","GHSA-2pg6-44cx-c49v"
"mint","1.6.0","GHSA-2pg6-44cx-c49v"
"mint","1.6.1","GHSA-2pg6-44cx-c49v"
"mint","1.6.2","GHSA-2pg6-44cx-c49v"
"mint","1.7.0","GHSA-2pg6-44cx-c49v"
"mint","1.7.1","GHSA-2pg6-44cx-c49v"
"mint","1.8.0","GHSA-2pg6-44cx-c49v"
"plug","0.10.0","GHSA-2q6v-32mr-8p8x"
"plug","0.11.0","GHSA-2q6v-32mr-8p8x"
"plug","0.11.1","GHSA-2q6v-32mr-8p8x"
"plug","0.11.2","GHSA-2q6v-32mr-8p8x"
"plug","0.11.3","GHSA-2q6v-32mr-8p8x"
"plug","0.12.0","GHSA-2q6v-32mr-8p8x"
"plug","0.12.1","GHSA-2q6v-32mr-8p8x"
"plug","0.12.2","GHSA-2q6v-32mr-8p8x"
"plug","0.13.0","GHSA-2q6v-32mr-8p8x"
"plug","0.13.1","GHSA-2q6v-32mr-8p8x"
"plug","0.14.0","GHSA-2q6v-32mr-8p8x"
"plug","0.4.1","GHSA-2q6v-32mr-8p8x"
"plug","0.4.2","GHSA-2q6v-32mr-8p8x"
"plug","0.4.3","GHSA-2q6v-32mr-8p8x"
"plug","0.4.4","GHSA-2q6v-32mr-8p8x"
"plug","0.5.0","GHSA-2q6v-32mr-8p8x"
"plug","0.5.1","GHSA-2q6v-32mr-8p8x"
"plug","0.5.2","GHSA-2q6v-32mr-8p8x"
"plug","0.5.3","GHSA-2q6v-32mr-8p8x"
"plug","0.6.0","GHSA-2q6v-32mr-8p8x"
"plug","0.7.0","GHSA-2q6v-32mr-8p8x"
"plug","0.8.0","GHSA-2q6v-32mr-8p8x"
"plug","0.8.1","GHSA-2q6v-32mr-8p8x"
"plug","0.8.2","GHSA-2q6v-32mr-8p8x"
"plug","0.8.3","GHSA-2q6v-32mr-8p8x"
"plug","0.8.4","GHSA-2q6v-32mr-8p8x"
"plug","0.9.0","GHSA-2q6v-32mr-8p8x"
"plug","1.0.0","GHSA-2q6v-32mr-8p8x"
"plug","1.0.1","GHSA-2q6v-32mr-8p8x"
"plug","1.0.2","GHSA-2q6v-32mr-8p8x"
"plug","1.0.3","GHSA-2q6v-32mr-8p8x"
"quic","0.10.0","GHSA-2r8v-p65x-3663"
"quic","0.10.1","GHSA-2r8v-p65x-3663"
"quic","0.10.2","GHSA-2r8v-p65x-3663"
"quic","0.11.0","GHSA-2r8v-p65x-3663"
"quic","0.5.0","GHSA-2r8v-p65x-3663"
"quic","0.5.1","GHSA-2r8v-p65x-3663"
"quic","0.6.0","GHSA-2r8v-p65x-3663"
"quic","0.6.1","GHSA-2r8v-p65x-3663"
"quic","0.6.5","GHSA-2r8v-p65x-3663"
"quic","0.7.0","GHSA-2r8v-p65x-3663"
"quic","0.7.1","GHSA-2r8v-p65x-3663"
"quic","0.9.0","GHSA-2r8v-p65x-3663"
"quic","1.0.0","GHSA-2r8v-p65x-3663"
"quic","1.0.1","GHSA-2r8v-p65x-3663"
"quic","1.0.2","GHSA-2r8v-p65x-3663"
"quic","1.1.0","GHSA-2r8v-p65x-3663"
"quic","1.2.0","GHSA-2r8v-p65x-3663"
"quic","1.3.0","GHSA-2r8v-p65x-3663"
"quic","1.3.1","GHSA-2r8v-p65x-3663"
"quic","1.3.2","GHSA-2r8v-p65x-3663"
"quic","1.3.3","GHSA-2r8v-p65x-3663"
"quic","1.4.0","GHSA-2r8v-p65x-3663"
"quic","1.4.1","GHSA-2r8v-p65x-3663"
"quic","1.4.2","GHSA-2r8v-p65x-3663"
"quic","1.4.3","GHSA-2r8v-p65x-3663"
"ecto","2.2.0","GHSA-2xxx-fhc8-9qvq"
"cowlib","1.0.0","GHSA-32p9-57cr-4x65"
"cowlib","1.0.1","GHSA-32p9-57cr-4x65"
"cowlib","1.0.2","GHSA-32p9-57cr-4x65"
"cowlib","1.1.0","GHSA-32p9-57cr-4x65"
"cowlib","1.2.0","GHSA-32p9-57cr-4x65"
"cowlib","1.3.0","GHSA-32p9-57cr-4x65"
"cowlib","2.0.0","GHSA-32p9-57cr-4x65"
"cowlib","2.0.1","GHSA-32p9-57cr-4x65"
"cowlib","2.1.0","GHSA-32p9-57cr-4x65"
"cowlib","2.10.0","GHSA-32p9-57cr-4x65"
"cowlib","2.10.1","GHSA-32p9-57cr-4x65"
"cowlib","2.11.0","GHSA-32p9-57cr-4x65"
"cowlib","2.12.0","GHSA-32p9-57cr-4x65"
"cowlib","2.12.1","GHSA-32p9-57cr-4x65"
"cowlib","2.13.0","GHSA-32p9-57cr-4x65"
"cowlib","2.14.0","GHSA-32p9-57cr-4x65"
"cowlib","2.15.0","GHSA-32p9-57cr-4x65"
"cowlib","2.16.0","GHSA-32p9-57cr-4x65"
"cowlib","2.2.0","GHSA-32p9-57cr-4x65"
"cowlib","2.2.1","GHSA-32p9-57cr-4x65"
"cowlib","2.3.0","GHSA-32p9-57cr-4x65"
"cowlib","2.4.0","GHSA-32p9-57cr-4x65"
"cowlib","2.5.0","GHSA-32p9-57cr-4x65"
"cowlib","2.5.1","GHSA-32p9-57cr-4x65"
"cowlib","2.6.0","GHSA-32p9-57cr-4x65"
"cowlib","2.7.0","GHSA-32p9-57cr-4x65"
"cowlib","2.7.1","GHSA-32p9-57cr-4x65"
"cowlib","2.7.2","GHSA-32p9-57cr-4x65"
"cowlib","2.7.3","GHSA-32p9-57cr-4x65"
"cowlib","2.8.0","GHSA-32p9-57cr-4x65"
"cowlib","2.9.0","GHSA-32p9-57cr-4x65"
"cowlib","2.9.1","GHSA-32p9-57cr-4x65"
"gun","2.0.0","GHSA-36w4-95hv-5vwg"
"gun","2.0.1","GHSA-36w4-95hv-5vwg"
"gun","2.1.0","GHSA-36w4-95hv-5vwg"
"gun","2.2.0","GHSA-36w4-95hv-5vwg"
"gun","2.3.0","GHSA-36w4-95hv-5vwg"
"bandit","1.0.0","GHSA-375f-4r2h-f99j"
"bandit","1.1.0","GHSA-375f-4r2h-f99j"
"bandit","1.1.1","GHSA-375f-4r2h-f99j"
"bandit","1.1.2","GHSA-375f-4r2h-f99j"
"bandit","1.1.3","GHSA-375f-4r2h-f99j"
"bandit","1.10.0","GHSA-375f-4r2h-f99j"
"bandit","1.10.1","GHSA-375f-4r2h-f99j"
"bandit","1.10.2","GHSA-375f-4r2h-f99j"
"bandit","1.10.3","GHSA-375f-4r2h-f99j"
"bandit","1.10.4","GHSA-375f-4r2h-f99j"
"bandit","1.2.0","GHSA-375f-4r2h-f99j"
"bandit","1.2.1","GHSA-375f-4r2h-f99j"
"bandit","1.2.2","GHSA-375f-4r2h-f99j"
"bandit","1.2.3","GHSA-375f-4r2h-f99j"
"bandit","1.3.0","GHSA-375f-4r2h-f99j"
"bandit","1.4.0","GHSA-375f-4r2h-f99j"
"bandit","1.4.1","GHSA-375f-4r2h-f99j"
"bandit","1.4.2","GHSA-375f-4r2h-f99j"
"bandit","1.5.0","GHSA-375f-4r2h-f99j"
"bandit","1.5.1","GHSA-375f-4r2h-f99j"
"bandit","1.5.2","GHSA-375f-4r2h-f99j"
"bandit","1.5.3","GHSA-375f-4r2h-f99j"
"bandit","1.5.4","GHSA-375f-4r2h-f99j"
"bandit","1.5.5","GHSA-375f-4r2h-f99j"
"bandit","1.5.6","GHSA-375f-4r2h-f99j"
"bandit","1.5.7","GHSA-375f-4r2h-f99j"
"bandit","1.6.0","GHSA-375f-4r2h-f99j"
"bandit","1.6.1","GHSA-375f-4r2h-f99j"
"bandit","1.6.10","GHSA-375f-4r2h-f99j"
"bandit","1.6.11","GHSA-375f-4r2h-f99j"
"bandit","1.6.2","GHSA-375f-4r2h-f99j"
"bandit","1.6.3","GHSA-375f-4r2h-f99j"
"bandit","1.6.4","GHSA-375f-4r2h-f99j"
"bandit","1.6.5","GHSA-375f-4r2h-f99j"
"bandit","1.6.6","GHSA-375f-4r2h-f99j"
"bandit","1.6.7","GHSA-375f-4r2h-f99j"
"bandit","1.6.8","GHSA-375f-4r2h-f99j"
"bandit","1.6.9","GHSA-375f-4r2h-f99j"
"bandit","1.7.0","GHSA-375f-4r2h-f99j"
"bandit","1.8.0","GHSA-375f-4r2h-f99j"
"bandit","1.9.0","GHSA-375f-4r2h-f99j"
"oban_web","2.12.0","GHSA-389x-rgxr-8m33"
"oban_web","2.12.1","GHSA-389x-rgxr-8m33"
"oban_web","2.12.2","GHSA-389x-rgxr-8m33"
"oban_web","2.12.3","GHSA-389x-rgxr-8m33"
"oban_web","2.12.4","GHSA-389x-rgxr-8m33"
"ash_authentication","3.0.3","GHSA-3988-q8q7-p787"
"ash_authentication","3.1.0","GHSA-3988-q8q7-p787"
"ash_authentication","3.10.0","GHSA-3988-q8q7-p787"
"ash_authentication","3.10.1","GHSA-3988-q8q7-p787"
"ash_authentication","3.10.2","GHSA-3988-q8q7-p787"
"ash_authentication","3.10.3","GHSA-3988-q8q7-p787"
"ash_authentication","3.10.4","GHSA-3988-q8q7-p787"
"ash_authentication","3.10.5","GHSA-3988-q8q7-p787"
"ash_authentication","3.10.6","GHSA-3988-q8q7-p787"
"ash_authentication","3.10.7","GHSA-3988-q8q7-p787"
"ash_authentication","3.10.8","GHSA-3988-q8q7-p787"
"ash_authentication","3.11.0","GHSA-3988-q8q7-p787"
"ash_authentication","3.11.1","GHSA-3988-q8q7-p787"
"ash_authentication","3.11.10","GHSA-3988-q8q7-p787"
"ash_authentication","3.11.11","GHSA-3988-q8q7-p787"
"ash_authentication","3.11.12","GHSA-3988-q8q7-p787"
"ash_authentication","3.11.13","GHSA-3988-q8q7-p787"
"ash_authentication","3.11.14","GHSA-3988-q8q7-p787"
"ash_authentication","3.11.15","GHSA-3988-q8q7-p787"
"ash_authentication","3.11.16","GHSA-3988-q8q7-p787"
"ash_authentication","3.11.2","GHSA-3988-q8q7-p787"
"ash_authentication","3.11.3","GHSA-3988-q8q7-p787"
"ash_authentication","3.11.4","GHSA-3988-q8q7-p787"
"ash_authentication","3.11.5","GHSA-3988-q8q7-p787"
"ash_authentication","3.11.6","GHSA-3988-q8q7-p787"
"ash_authentication","3.11.7","GHSA-3988-q8q7-p787"
"ash_authentication","3.11.8","GHSA-3988-q8q7-p787"
"ash_authentication","3.11.9","GHSA-3988-q8q7-p787"
"ash_authentication","3.12.0","GHSA-3988-q8q7-p787"
"ash_authentication","3.12.1","GHSA-3988-q8q7-p787"
"ash_authentication","3.12.2","GHSA-3988-q8q7-p787"
"ash_authentication","3.12.3","GHSA-3988-q8q7-p787"
"ash_authentication","3.12.4","GHSA-3988-q8q7-p787"
"ash_authentication","3.2.0","GHSA-3988-q8q7-p787"
"ash_authentication","3.2.1","GHSA-3988-q8q7-p787"
"ash_authentication","3.2.2","GHSA-3988-q8q7-p787"
"ash_authentication","3.3.0","GHSA-3988-q8q7-p787"
"ash_authentication","3.3.1","GHSA-3988-q8q7-p787"
"ash_authentication","3.5.0","GHSA-3988-q8q7-p787"
"ash_authentication","3.5.1","GHSA-3988-q8q7-p787"
"ash_authentication","3.5.2","GHSA-3988-q8q7-p787"
"ash_authentication","3.5.3","GHSA-3988-q8q7-p787"
"ash_authentication","3.6.0","GHSA-3988-q8q7-p787"
"ash_authentication","3.6.1","GHSA-3988-q8q7-p787"
"ash_authentication","3.7.0","GHSA-3988-q8q7-p787"
"ash_authentication","3.7.1","GHSA-3988-q8q7-p787"
"ash_authentication","3.7.2","GHSA-3988-q8q7-p787"
"ash_authentication","3.7.3","GHSA-3988-q8q7-p787"
"ash_authentication","3.7.4","GHSA-3988-q8q7-p787"
"ash_authentication","3.7.5","GHSA-3988-q8q7-p787"
"ash_authentication","3.7.6","GHSA-3988-q8q7-p787"
"ash_authentication","3.7.8","GHSA-3988-q8q7-p787"
"ash_authentication","3.7.9","GHSA-3988-q8q7-p787"
"ash_authentication","3.8.0","GHSA-3988-q8q7-p787"
"ash_authentication","3.9.0","GHSA-3988-q8q7-p787"
"ash_authentication","3.9.1","GHSA-3988-q8q7-p787"
"ash_authentication","3.9.2","GHSA-3988-q8q7-p787"
"ash_authentication","3.9.3","GHSA-3988-q8q7-p787"
"ash_authentication","3.9.4","GHSA-3988-q8q7-p787"
"ash_authentication","3.9.5","GHSA-3988-q8q7-p787"
"ash_authentication","3.9.6","GHSA-3988-q8q7-p787"
"ash_authentication","4.0.0","GHSA-3988-q8q7-p787"
"ash_authentication","4.0.0-rc.0","GHSA-3988-q8q7-p787"
"ash_authentication","4.0.0-rc.1","GHSA-3988-q8q7-p787"
"ash_authentication","4.0.0-rc.2","GHSA-3988-q8q7-p787"
"ash_authentication","4.0.0-rc.3","GHSA-3988-q8q7-p787"
"ash_authentication","4.0.0-rc.5","GHSA-3988-q8q7-p787"
"ash_authentication","4.0.0-rc.6","GHSA-3988-q8q7-p787"
"ash_authentication","4.0.1","GHSA-3988-q8q7-p787"
"ash_authentication","4.0.2","GHSA-3988-q8q7-p787"
"ash_authentication","4.0.3","GHSA-3988-q8q7-p787"
"ash_authentication","4.0.4","GHSA-3988-q8q7-p787"
"ash_authentication","4.1.0","GHSA-3988-q8q7-p787"
"ash_authentication","4.2.0","GHSA-3988-q8q7-p787"
"ash_authentication","4.2.1","GHSA-3988-q8q7-p787"
"ash_authentication","4.2.2","GHSA-3988-q8q7-p787"
"ash_authentication","4.2.3","GHSA-3988-q8q7-p787"
"ash_authentication","4.2.4","GHSA-3988-q8q7-p787"
"ash_authentication","4.2.5","GHSA-3988-q8q7-p787"
"ash_authentication","4.2.6","GHSA-3988-q8q7-p787"
"ash_authentication","4.2.7","GHSA-3988-q8q7-p787"
"ash_authentication","4.3.0","GHSA-3988-q8q7-p787"
"ash_authentication","4.3.1","GHSA-3988-q8q7-p787"
"ash_authentication","4.3.10","GHSA-3988-q8q7-p787"
"ash_authentication","4.3.11","GHSA-3988-q8q7-p787"
"ash_authentication","4.3.12","GHSA-3988-q8q7-p787"
"ash_authentication","4.3.2","GHSA-3988-q8q7-p787"
"ash_authentication","4.3.3","GHSA-3988-q8q7-p787"
"ash_authentication","4.3.4","GHSA-3988-q8q7-p787"
"ash_authentication","4.3.5","GHSA-3988-q8q7-p787"
"ash_authentication","4.3.6","GHSA-3988-q8q7-p787"
"ash_authentication","4.3.7","GHSA-3988-q8q7-p787"
"ash_authentication","4.3.8","GHSA-3988-q8q7-p787"
"ash_authentication","4.3.9","GHSA-3988-q8q7-p787"
"ash_authentication","4.4.0","GHSA-3988-q8q7-p787"
"ash_authentication","4.4.1","GHSA-3988-q8q7-p787"
"ash_authentication","4.4.2","GHSA-3988-q8q7-p787"
"ash_authentication","4.4.3","GHSA-3988-q8q7-p787"
"ash_authentication","4.4.4","GHSA-3988-q8q7-p787"
"ash_authentication","4.4.5","GHSA-3988-q8q7-p787"
"ash_authentication","4.4.6","GHSA-3988-q8q7-p787"
"ash_authentication","4.4.7","GHSA-3988-q8q7-p787"
"ash_authentication","4.4.8","GHSA-3988-q8q7-p787"
"ash_authentication","4.4.9","GHSA-3988-q8q7-p787"
"ash_authentication","4.5.0","GHSA-3988-q8q7-p787"
"ash_authentication","4.5.1","GHSA-3988-q8q7-p787"
"ash_authentication","4.5.2","GHSA-3988-q8q7-p787"
"ash_authentication","4.5.3","GHSA-3988-q8q7-p787"
"ash_authentication","4.5.4","GHSA-3988-q8q7-p787"
"ash_authentication","4.5.5","GHSA-3988-q8q7-p787"
"ash_authentication","4.5.6","GHSA-3988-q8q7-p787"
"ash_authentication","4.6.0","GHSA-3988-q8q7-p787"
"ash_authentication","4.6.1","GHSA-3988-q8q7-p787"
"ash_authentication","4.6.2","GHSA-3988-q8q7-p787"
"ash_authentication","4.6.3","GHSA-3988-q8q7-p787"
"ash_authentication","4.6.4","GHSA-3988-q8q7-p787"
"pow","1.0.14","GHSA-3cjh-p6pw-jhv9"
"pow","1.0.15","GHSA-3cjh-p6pw-jhv9"
"pow","1.0.16","GHSA-3cjh-p6pw-jhv9"
"pow","1.0.17","GHSA-3cjh-p6pw-jhv9"
"pow","1.0.18","GHSA-3cjh-p6pw-jhv9"
"pow","1.0.19","GHSA-3cjh-p6pw-jhv9"
"pow","1.0.20","GHSA-3cjh-p6pw-jhv9"
"pow","1.0.21","GHSA-3cjh-p6pw-jhv9"
"pow","1.0.22","GHSA-3cjh-p6pw-jhv9"
"pow","1.0.23","GHSA-3cjh-p6pw-jhv9"
"pow","1.0.24","GHSA-3cjh-p6pw-jhv9"
"pow","1.0.25","GHSA-3cjh-p6pw-jhv9"
"pow","1.0.26","GHSA-3cjh-p6pw-jhv9"
"pow","1.0.27","GHSA-3cjh-p6pw-jhv9"
"pow","1.0.28","GHSA-3cjh-p6pw-jhv9"
"pow","1.0.29","GHSA-3cjh-p6pw-jhv9"
"pow","1.0.30","GHSA-3cjh-p6pw-jhv9"
"pow","1.0.31","GHSA-3cjh-p6pw-jhv9"
"pow","1.0.32","GHSA-3cjh-p6pw-jhv9"
"pow","1.0.33","GHSA-3cjh-p6pw-jhv9"
"plug","1.10.0","GHSA-468c-vq7p-gh64"
"plug","1.10.1","GHSA-468c-vq7p-gh64"
"plug","1.10.2","GHSA-468c-vq7p-gh64"
"plug","1.10.3","GHSA-468c-vq7p-gh64"
"plug","1.10.4","GHSA-468c-vq7p-gh64"
"plug","1.11.0","GHSA-468c-vq7p-gh64"
"plug","1.11.1","GHSA-468c-vq7p-gh64"
"plug","1.12.0","GHSA-468c-vq7p-gh64"
"plug","1.12.1","GHSA-468c-vq7p-gh64"
"plug","1.13.0","GHSA-468c-vq7p-gh64"
"plug","1.13.1","GHSA-468c-vq7p-gh64"
"plug","1.13.2","GHSA-468c-vq7p-gh64"
"plug","1.13.3","GHSA-468c-vq7p-gh64"
"plug","1.13.4","GHSA-468c-vq7p-gh64"
"plug","1.13.5","GHSA-468c-vq7p-gh64"
"plug","1.13.6","GHSA-468c-vq7p-gh64"
"plug","1.14.0","GHSA-468c-vq7p-gh64"
"plug","1.14.1","GHSA-468c-vq7p-gh64"
"plug","1.14.2","GHSA-468c-vq7p-gh64"
"plug","1.15.0","GHSA-468c-vq7p-gh64"
"plug","1.15.1","GHSA-468c-vq7p-gh64"
"plug","1.15.2","GHSA-468c-vq7p-gh64"
"plug","1.15.3","GHSA-468c-vq7p-gh64"
"plug","1.4.0","GHSA-468c-vq7p-gh64"
"plug","1.4.1","GHSA-468c-vq7p-gh64"
"plug","1.4.2","GHSA-468c-vq7p-gh64"
"plug","1.4.3","GHSA-468c-vq7p-gh64"
"plug","1.4.4","GHSA-468c-vq7p-gh64"
"plug","1.4.5","GHSA-468c-vq7p-gh64"
"plug","1.5.0","GHSA-468c-vq7p-gh64"
"plug","1.5.0-rc.0","GHSA-468c-vq7p-gh64"
"plug","1.5.0-rc.1","GHSA-468c-vq7p-gh64"
"plug","1.5.0-rc.2","GHSA-468c-vq7p-gh64"
"plug","1.5.1","GHSA-468c-vq7p-gh64"
"plug","1.6.0","GHSA-468c-vq7p-gh64"
"plug","1.6.1","GHSA-468c-vq7p-gh64"
"plug","1.6.2","GHSA-468c-vq7p-gh64"
"plug","1.6.3","GHSA-468c-vq7p-gh64"
"plug","1.6.4","GHSA-468c-vq7p-gh64"
"plug","1.7.0","GHSA-468c-vq7p-gh64"
"plug","1.7.1","GHSA-468c-vq7p-gh64"
"plug","1.7.2","GHSA-468c-vq7p-gh64"
"plug","1.8.0","GHSA-468c-vq7p-gh64"
"plug","1.8.1","GHSA-468c-vq7p-gh64"
"plug","1.8.2","GHSA-468c-vq7p-gh64"
"plug","1.8.3","GHSA-468c-vq7p-gh64"
"plug","1.9.0","GHSA-468c-vq7p-gh64"
"esaml","3.0.1","GHSA-4g2h-vm7x-747c"
"esaml","3.1.0","GHSA-4g2h-vm7x-747c"
"esaml","3.2.0","GHSA-4g2h-vm7x-747c"
"esaml","3.3.0","GHSA-4g2h-vm7x-747c"
"esaml","3.4.0","GHSA-4g2h-vm7x-747c"
"esaml","3.5.0","GHSA-4g2h-vm7x-747c"
"esaml","3.6.0","GHSA-4g2h-vm7x-747c"
"esaml","3.6.1","GHSA-4g2h-vm7x-747c"
"esaml","3.7.0","GHSA-4g2h-vm7x-747c"
"esaml","4.0.0","GHSA-4g2h-vm7x-747c"
"esaml","4.1.0","GHSA-4g2h-vm7x-747c"
"esaml","4.2.0","GHSA-4g2h-vm7x-747c"
"esaml","4.3.0","GHSA-4g2h-vm7x-747c"
"esaml","4.4.0","GHSA-4g2h-vm7x-747c"
"esaml","4.5.0","GHSA-4g2h-vm7x-747c"
"esaml","4.6.0","GHSA-4g2h-vm7x-747c"
"ewe","0.10.0","GHSA-4w98-xf39-23gp"
"ewe","0.8.0","GHSA-4w98-xf39-23gp"
"ewe","0.8.1","GHSA-4w98-xf39-23gp"
"ewe","0.9.0","GHSA-4w98-xf39-23gp"
"ewe","1.0.0","GHSA-4w98-xf39-23gp"
"ewe","1.0.0-rc1","GHSA-4w98-xf39-23gp"
"ewe","1.0.0-rc2","GHSA-4w98-xf39-23gp"
"ewe","1.0.1","GHSA-4w98-xf39-23gp"
"ewe","2.0.0","GHSA-4w98-xf39-23gp"
"ewe","2.0.1","GHSA-4w98-xf39-23gp"
"ewe","2.0.2","GHSA-4w98-xf39-23gp"
"ewe","2.0.3","GHSA-4w98-xf39-23gp"
"ewe","2.1.0","GHSA-4w98-xf39-23gp"
"ewe","2.1.1","GHSA-4w98-xf39-23gp"
"ewe","2.1.2","GHSA-4w98-xf39-23gp"
"ewe","2.1.3","GHSA-4w98-xf39-23gp"
"ewe","3.0.0","GHSA-4w98-xf39-23gp"
"ewe","3.0.1","GHSA-4w98-xf39-23gp"
"ewe","3.0.2","GHSA-4w98-xf39-23gp"
"ewe","3.0.3","GHSA-4w98-xf39-23gp"
"ewe","3.0.4","GHSA-4w98-xf39-23gp"
"earmark","1.4.1","GHSA-52mm-h59v-f3c7"
"earmark","1.4.10","GHSA-52mm-h59v-f3c7"
"earmark","1.4.12","GHSA-52mm-h59v-f3c7"
"earmark","1.4.13","GHSA-52mm-h59v-f3c7"
"earmark","1.4.14","GHSA-52mm-h59v-f3c7"
"earmark","1.4.15","GHSA-52mm-h59v-f3c7"
"earmark","1.4.16","GHSA-52mm-h59v-f3c7"
"earmark","1.4.16-pre","GHSA-52mm-h59v-f3c7"
"earmark","1.4.16-pre1","GHSA-52mm-h59v-f3c7"
"earmark","1.4.16-pre2","GHSA-52mm-h59v-f3c7"
"earmark","1.4.17","GHSA-52mm-h59v-f3c7"
"earmark","1.4.18","GHSA-52mm-h59v-f3c7"
"earmark","1.4.19","GHSA-52mm-h59v-f3c7"
"earmark","1.4.2","GHSA-52mm-h59v-f3c7"
"earmark","1.4.20","GHSA-52mm-h59v-f3c7"
"earmark","1.4.21","GHSA-52mm-h59v-f3c7"
"earmark","1.4.22","GHSA-52mm-h59v-f3c7"
"earmark","1.4.23","GHSA-52mm-h59v-f3c7"
"earmark","1.4.24","GHSA-52mm-h59v-f3c7"
"earmark","1.4.25","GHSA-52mm-h59v-f3c7"
"earmark","1.4.26","GHSA-52mm-h59v-f3c7"
"earmark","1.4.27","GHSA-52mm-h59v-f3c7"
"earmark","1.4.28","GHSA-52mm-h59v-f3c7"
"earmark","1.4.29","GHSA-52mm-h59v-f3c7"
"earmark","1.4.3","GHSA-52mm-h59v-f3c7"
"earmark","1.4.30","GHSA-52mm-h59v-f3c7"
"earmark","1.4.31","GHSA-52mm-h59v-f3c7"
"earmark","1.4.32","GHSA-52mm-h59v-f3c7"
"earmark","1.4.33","GHSA-52mm-h59v-f3c7"
"earmark","1.4.34","GHSA-52mm-h59v-f3c7"
"earmark","1.4.35","GHSA-52mm-h59v-f3c7"
"earmark","1.4.36","GHSA-52mm-h59v-f3c7"
"earmark","1.4.37","GHSA-52mm-h59v-f3c7"
"earmark","1.4.38","GHSA-52mm-h59v-f3c7"
"earmark","1.4.39","GHSA-52mm-h59v-f3c7"
"earmark","1.4.4","GHSA-52mm-h59v-f3c7"
"earmark","1.4.40","GHSA-52mm-h59v-f3c7"
"earmark","1.4.41","GHSA-52mm-h59v-f3c7"
"earmark","1.4.42","GHSA-52mm-h59v-f3c7"
"earmark","1.4.43","GHSA-52mm-h59v-f3c7"
"earmark","1.4.44","GHSA-52mm-h59v-f3c7"
"earmark","1.4.45","GHSA-52mm-h59v-f3c7"
"earmark","1.4.46","GHSA-52mm-h59v-f3c7"
"earmark","1.4.47","GHSA-52mm-h59v-f3c7"
"earmark","1.4.48","GHSA-52mm-h59v-f3c7"
"earmark","1.4.49","GHSA-52mm-h59v-f3c7"
"earmark","1.4.5","GHSA-52mm-h59v-f3c7"
"earmark","1.4.6","GHSA-52mm-h59v-f3c7"
"earmark","1.4.7","GHSA-52mm-h59v-f3c7"
"earmark","1.4.8","GHSA-52mm-h59v-f3c7"
"earmark","1.4.9","GHSA-52mm-h59v-f3c7"
"earmark","1.5.0-pre","GHSA-52mm-h59v-f3c7"
"earmark","1.5.0-pre1","GHSA-52mm-h59v-f3c7"
"phoenix_storybook","0.5.0","GHSA-55hg-8qxv-qj4p"
"phoenix_storybook","0.5.1","GHSA-55hg-8qxv-qj4p"
"phoenix_storybook","0.5.2","GHSA-55hg-8qxv-qj4p"
"phoenix_storybook","0.5.3","GHSA-55hg-8qxv-qj4p"
"phoenix_storybook","0.5.4","GHSA-55hg-8qxv-qj4p"
"phoenix_storybook","0.5.5","GHSA-55hg-8qxv-qj4p"
"phoenix_storybook","0.5.6","GHSA-55hg-8qxv-qj4p"
"phoenix_storybook","0.5.7","GHSA-55hg-8qxv-qj4p"
"phoenix_storybook","0.6.0","GHSA-55hg-8qxv-qj4p"
"phoenix_storybook","0.6.1","GHSA-55hg-8qxv-qj4p"
"phoenix_storybook","0.6.2","GHSA-55hg-8qxv-qj4p"
"phoenix_storybook","0.6.3","GHSA-55hg-8qxv-qj4p"
"phoenix_storybook","0.6.4","GHSA-55hg-8qxv-qj4p"
"phoenix_storybook","0.7.0","GHSA-55hg-8qxv-qj4p"
"phoenix_storybook","0.7.1","GHSA-55hg-8qxv-qj4p"
"phoenix_storybook","0.7.2","GHSA-55hg-8qxv-qj4p"
"phoenix_storybook","0.8.0","GHSA-55hg-8qxv-qj4p"
"phoenix_storybook","0.8.1","GHSA-55hg-8qxv-qj4p"
"phoenix_storybook","0.8.2","GHSA-55hg-8qxv-qj4p"
"phoenix_storybook","0.8.3","GHSA-55hg-8qxv-qj4p"
"phoenix_storybook","0.9.0","GHSA-55hg-8qxv-qj4p"
"phoenix_storybook","0.9.1","GHSA-55hg-8qxv-qj4p"
"phoenix_storybook","0.9.2","GHSA-55hg-8qxv-qj4p"
"phoenix_storybook","0.9.3","GHSA-55hg-8qxv-qj4p"
"phoenix_storybook","1.0.0","GHSA-55hg-8qxv-qj4p"
"livebook","0.8.0","GHSA-564w-97r7-c6p9"
"livebook","0.8.1","GHSA-564w-97r7-c6p9"
"pow_assent","0.1.0","GHSA-5653-437f-5hmc"
"pow_assent","0.1.0-alpha","GHSA-5653-437f-5hmc"
"pow_assent","0.1.0-alpha.1","GHSA-5653-437f-5hmc"
"pow_assent","0.1.0-alpha.10","GHSA-5653-437f-5hmc"
"pow_assent","0.1.0-alpha.11","GHSA-5653-437f-5hmc"
"pow_assent","0.1.0-alpha.12","GHSA-5653-437f-5hmc"
"pow_assent","0.1.0-alpha.2","GHSA-5653-437f-5hmc"
"pow_assent","0.1.0-alpha.3","GHSA-5653-437f-5hmc"
"pow_assent","0.1.0-alpha.4","GHSA-5653-437f-5hmc"
"pow_assent","0.1.0-alpha.5","GHSA-5653-437f-5hmc"
"pow_assent","0.1.0-alpha.6","GHSA-5653-437f-5hmc"
"pow_assent","0.1.0-alpha.7","GHSA-5653-437f-5hmc"
"pow_assent","0.1.0-alpha.8","GHSA-5653-437f-5hmc"
"pow_assent","0.1.0-alpha.9","GHSA-5653-437f-5hmc"
"pow_assent","0.1.0-rc.0","GHSA-5653-437f-5hmc"
"pow_assent","0.1.0-rc.1","GHSA-5653-437f-5hmc"
"pow_assent","0.1.0-rc.2","GHSA-5653-437f-5hmc"
"pow_assent","0.2.0","GHSA-5653-437f-5hmc"
"pow_assent","0.2.1","GHSA-5653-437f-5hmc"
"pow_assent","0.2.2","GHSA-5653-437f-5hmc"
"pow_assent","0.2.3","GHSA-5653-437f-5hmc"
"pow_assent","0.2.4","GHSA-5653-437f-5hmc"
"pow_assent","0.3.0","GHSA-5653-437f-5hmc"
"pow_assent","0.3.1","GHSA-5653-437f-5hmc"
"pow_assent","0.3.2","GHSA-5653-437f-5hmc"
"pow_assent","0.4.0","GHSA-5653-437f-5hmc"
"pow_assent","0.4.1","GHSA-5653-437f-5hmc"
"pow_assent","0.4.2","GHSA-5653-437f-5hmc"
"pow_assent","0.4.3","GHSA-5653-437f-5hmc"
"xain","0.5.2","GHSA-5chx-gg25-v37m"
"xain","0.5.3","GHSA-5chx-gg25-v37m"
"xain","0.6.0","GHSA-5chx-gg25-v37m"
"xain","0.6.1","GHSA-5chx-gg25-v37m"
"plug","0.10.0","GHSA-5v4m-c73v-c7gq"
"plug","0.11.0","GHSA-5v4m-c73v-c7gq"
"plug","0.11.1","GHSA-5v4m-c73v-c7gq"
"plug","0.11.2","GHSA-5v4m-c73v-c7gq"
"plug","0.11.3","GHSA-5v4m-c73v-c7gq"
"plug","0.12.0","GHSA-5v4m-c73v-c7gq"
"plug","0.12.1","GHSA-5v4m-c73v-c7gq"
"plug","0.12.2","GHSA-5v4m-c73v-c7gq"
"plug","0.13.0","GHSA-5v4m-c73v-c7gq"
"plug","0.13.1","GHSA-5v4m-c73v-c7gq"
"plug","0.14.0","GHSA-5v4m-c73v-c7gq"
"plug","0.4.1","GHSA-5v4m-c73v-c7gq"
"plug","0.4.2","GHSA-5v4m-c73v-c7gq"
"plug","0.4.3","GHSA-5v4m-c73v-c7gq"
"plug","0.4.4","GHSA-5v4m-c73v-c7gq"
"plug","0.5.0","GHSA-5v4m-c73v-c7gq"
"plug","0.5.1","GHSA-5v4m-c73v-c7gq"
"plug","0.5.2","GHSA-5v4m-c73v-c7gq"
"plug","0.5.3","GHSA-5v4m-c73v-c7gq"
"plug","0.6.0","GHSA-5v4m-c73v-c7gq"
"plug","0.7.0","GHSA-5v4m-c73v-c7gq"
"plug","0.8.0","GHSA-5v4m-c73v-c7gq"
"plug","0.8.1","GHSA-5v4m-c73v-c7gq"
"plug","0.8.2","GHSA-5v4m-c73v-c7gq"
"plug","0.8.3","GHSA-5v4m-c73v-c7gq"
"plug","0.8.4","GHSA-5v4m-c73v-c7gq"
"plug","0.9.0","GHSA-5v4m-c73v-c7gq"
"plug","1.0.0","GHSA-5v4m-c73v-c7gq"
"plug","1.0.1","GHSA-5v4m-c73v-c7gq"
"plug","1.0.2","GHSA-5v4m-c73v-c7gq"
"plug","1.0.3","GHSA-5v4m-c73v-c7gq"
"phoenix","1.7.0","GHSA-628h-q48j-jr6q"
"phoenix","1.7.1","GHSA-628h-q48j-jr6q"
"phoenix","1.7.10","GHSA-628h-q48j-jr6q"
"phoenix","1.7.11","GHSA-628h-q48j-jr6q"
"phoenix","1.7.12","GHSA-628h-q48j-jr6q"
"phoenix","1.7.13","GHSA-628h-q48j-jr6q"
"phoenix","1.7.14","GHSA-628h-q48j-jr6q"
"phoenix","1.7.15","GHSA-628h-q48j-jr6q"
"phoenix","1.7.16","GHSA-628h-q48j-jr6q"
"phoenix","1.7.17","GHSA-628h-q48j-jr6q"
"phoenix","1.7.18","GHSA-628h-q48j-jr6q"
"phoenix","1.7.19","GHSA-628h-q48j-jr6q"
"phoenix","1.7.2","GHSA-628h-q48j-jr6q"
"phoenix","1.7.20","GHSA-628h-q48j-jr6q"
"phoenix","1.7.21","GHSA-628h-q48j-jr6q"
"phoenix","1.7.3","GHSA-628h-q48j-jr6q"
"phoenix","1.7.4","GHSA-628h-q48j-jr6q"
"phoenix","1.7.5","GHSA-628h-q48j-jr6q"
"phoenix","1.7.6","GHSA-628h-q48j-jr6q"
"phoenix","1.7.7","GHSA-628h-q48j-jr6q"
"phoenix","1.7.8","GHSA-628h-q48j-jr6q"
"phoenix","1.7.9","GHSA-628h-q48j-jr6q"
"req","0.1.0","GHSA-655f-mp8p-96gv"
"req","0.1.1","GHSA-655f-mp8p-96gv"
"req","0.1.2","GHSA-655f-mp8p-96gv"
"req","0.2.0","GHSA-655f-mp8p-96gv"
"req","0.2.1","GHSA-655f-mp8p-96gv"
"req","0.2.2","GHSA-655f-mp8p-96gv"
"req","0.3.0","GHSA-655f-mp8p-96gv"
"req","0.3.1","GHSA-655f-mp8p-96gv"
"req","0.3.10","GHSA-655f-mp8p-96gv"
"req","0.3.11","GHSA-655f-mp8p-96gv"
"req","0.3.12","GHSA-655f-mp8p-96gv"
"req","0.3.2","GHSA-655f-mp8p-96gv"
"req","0.3.3","GHSA-655f-mp8p-96gv"
"req","0.3.4","GHSA-655f-mp8p-96gv"
"req","0.3.5","GHSA-655f-mp8p-96gv"
"req","0.3.6","GHSA-655f-mp8p-96gv"
"req","0.3.7","GHSA-655f-mp8p-96gv"
"req","0.3.8","GHSA-655f-mp8p-96gv"
"req","0.3.9","GHSA-655f-mp8p-96gv"
"req","0.4.0","GHSA-655f-mp8p-96gv"
"req","0.4.1","GHSA-655f-mp8p-96gv"
"req","0.4.10","GHSA-655f-mp8p-96gv"
"req","0.4.11","GHSA-655f-mp8p-96gv"
"req","0.4.12","GHSA-655f-mp8p-96gv"
"req","0.4.13","GHSA-655f-mp8p-96gv"
"req","0.4.14","GHSA-655f-mp8p-96gv"
"req","0.4.2","GHSA-655f-mp8p-96gv"
"req","0.4.3","GHSA-655f-mp8p-96gv"
"req","0.4.4","GHSA-655f-mp8p-96gv"
"req","0.4.5","GHSA-655f-mp8p-96gv"
"req","0.4.6","GHSA-655f-mp8p-96gv"
"req","0.4.7","GHSA-655f-mp8p-96gv"
"req","0.4.8","GHSA-655f-mp8p-96gv"
"req","0.4.9","GHSA-655f-mp8p-96gv"
"req","0.5.0","GHSA-655f-mp8p-96gv"
"req","0.5.1","GHSA-655f-mp8p-96gv"
"req","0.5.10","GHSA-655f-mp8p-96gv"
"req","0.5.11","GHSA-655f-mp8p-96gv"
"req","0.5.12","GHSA-655f-mp8p-96gv"
"req","0.5.13","GHSA-655f-mp8p-96gv"
"req","0.5.14","GHSA-655f-mp8p-96gv"
"req","0.5.15","GHSA-655f-mp8p-96gv"
"req","0.5.16","GHSA-655f-mp8p-96gv"
"req","0.5.17","GHSA-655f-mp8p-96gv"
"req","0.5.18","GHSA-655f-mp8p-96gv"
"req","0.5.2","GHSA-655f-mp8p-96gv"
"req","0.5.3","GHSA-655f-mp8p-96gv"
"req","0.5.4","GHSA-655f-mp8p-96gv"
"req","0.5.5","GHSA-655f-mp8p-96gv"
"req","0.5.6","GHSA-655f-mp8p-96gv"
"req","0.5.7","GHSA-655f-mp8p-96gv"
"req","0.5.8","GHSA-655f-mp8p-96gv"
"req","0.5.9","GHSA-655f-mp8p-96gv"
"req","0.6.0","GHSA-655f-mp8p-96gv"
"hackney","2.0.0","GHSA-6cp8-v795-jr2j"
"hackney","2.0.1","GHSA-6cp8-v795-jr2j"
"hackney","3.0.0","GHSA-6cp8-v795-jr2j"
"hackney","3.0.1","GHSA-6cp8-v795-jr2j"
"hackney","3.0.2","GHSA-6cp8-v795-jr2j"
"hackney","3.0.3","GHSA-6cp8-v795-jr2j"
"hackney","3.1.0","GHSA-6cp8-v795-jr2j"
"hackney","3.1.1","GHSA-6cp8-v795-jr2j"
"hackney","3.1.2","GHSA-6cp8-v795-jr2j"
"hackney","3.2.0","GHSA-6cp8-v795-jr2j"
"hackney","3.2.1","GHSA-6cp8-v795-jr2j"
"hackney","4.0.0","GHSA-6cp8-v795-jr2j"
"oban_web","2.12.0","GHSA-6xh2-93p9-vqh4"
"oban_web","2.12.1","GHSA-6xh2-93p9-vqh4"
"oban_web","2.12.2","GHSA-6xh2-93p9-vqh4"
"oban_web","2.12.3","GHSA-6xh2-93p9-vqh4"
"oban_web","2.12.4","GHSA-6xh2-93p9-vqh4"
"mtproto_proxy","0.5.1","GHSA-738q-mc72-2q22"
"mtproto_proxy","0.6.0","GHSA-738q-mc72-2q22"
"mtproto_proxy","0.6.1","GHSA-738q-mc72-2q22"
"mtproto_proxy","0.7.0","GHSA-738q-mc72-2q22"
"mtproto_proxy","0.7.1","GHSA-738q-mc72-2q22"
"ash","0.1.0","GHSA-7r7f-9xpj-jmr7"
"ash","0.1.1","GHSA-7r7f-9xpj-jmr7"
"ash","0.1.3","GHSA-7r7f-9xpj-jmr7"
"ash","0.1.8","GHSA-7r7f-9xpj-jmr7"
"ash","0.1.9","GHSA-7r7f-9xpj-jmr7"
"ash","0.10.0","GHSA-7r7f-9xpj-jmr7"
"ash","0.12.0","GHSA-7r7f-9xpj-jmr7"
"ash","0.13.0","GHSA-7r7f-9xpj-jmr7"
"ash","0.13.1","GHSA-7r7f-9xpj-jmr7"
"ash","0.2.0","GHSA-7r7f-9xpj-jmr7"
"ash","0.3.0","GHSA-7r7f-9xpj-jmr7"
"ash","0.4.0","GHSA-7r7f-9xpj-jmr7"
"ash","0.5.0","GHSA-7r7f-9xpj-jmr7"
"ash","0.5.1","GHSA-7r7f-9xpj-jmr7"
"ash","0.5.2","GHSA-7r7f-9xpj-jmr7"
"ash","0.6.0","GHSA-7r7f-9xpj-jmr7"
"ash","0.6.1","GHSA-7r7f-9xpj-jmr7"
"ash","0.6.2","GHSA-7r7f-9xpj-jmr7"
"ash","0.6.3","GHSA-7r7f-9xpj-jmr7"
"ash","0.6.4","GHSA-7r7f-9xpj-jmr7"
"ash","0.6.5","GHSA-7r7f-9xpj-jmr7"
"ash","0.7.0","GHSA-7r7f-9xpj-jmr7"
"ash","0.8.0","GHSA-7r7f-9xpj-jmr7"
"ash","0.9.0","GHSA-7r7f-9xpj-jmr7"
"ash","0.9.1","GHSA-7r7f-9xpj-jmr7"
"ash","1.0.0","GHSA-7r7f-9xpj-jmr7"
"ash","1.0.1","GHSA-7r7f-9xpj-jmr7"
"ash","1.0.2","GHSA-7r7f-9xpj-jmr7"
"ash","1.0.3","GHSA-7r7f-9xpj-jmr7"
"ash","1.1.0","GHSA-7r7f-9xpj-jmr7"
"ash","1.1.2","GHSA-7r7f-9xpj-jmr7"
"ash","1.1.3","GHSA-7r7f-9xpj-jmr7"
"ash","1.10.0","GHSA-7r7f-9xpj-jmr7"
"ash","1.11.0","GHSA-7r7f-9xpj-jmr7"
"ash","1.11.1","GHSA-7r7f-9xpj-jmr7"
"ash","1.12.0","GHSA-7r7f-9xpj-jmr7"
"ash","1.13.0","GHSA-7r7f-9xpj-jmr7"
"ash","1.13.1","GHSA-7r7f-9xpj-jmr7"
"ash","1.13.2","GHSA-7r7f-9xpj-jmr7"
"ash","1.13.3","GHSA-7r7f-9xpj-jmr7"
"ash","1.13.4","GHSA-7r7f-9xpj-jmr7"
"ash","1.14.0","GHSA-7r7f-9xpj-jmr7"
"ash","1.15.0","GHSA-7r7f-9xpj-jmr7"
"ash","1.15.1","GHSA-7r7f-9xpj-jmr7"
"ash","1.16.2","GHSA-7r7f-9xpj-jmr7"
"ash","1.17.0","GHSA-7r7f-9xpj-jmr7"
"ash","1.17.1","GHSA-7r7f-9xpj-jmr7"
"ash","1.18.0","GHSA-7r7f-9xpj-jmr7"
"ash","1.18.1","GHSA-7r7f-9xpj-jmr7"
"ash","1.19.0","GHSA-7r7f-9xpj-jmr7"
"ash","1.19.1","GHSA-7r7f-9xpj-jmr7"
"ash","1.2.0","GHSA-7r7f-9xpj-jmr7"
"ash","1.2.1","GHSA-7r7f-9xpj-jmr7"
"ash","1.20.0","GHSA-7r7f-9xpj-jmr7"
"ash","1.20.1","GHSA-7r7f-9xpj-jmr7"
"ash","1.22.0","GHSA-7r7f-9xpj-jmr7"
"ash","1.22.1","GHSA-7r7f-9xpj-jmr7"
"ash","1.23.0","GHSA-7r7f-9xpj-jmr7"
"ash","1.23.1","GHSA-7r7f-9xpj-jmr7"
"ash","1.23.2","GHSA-7r7f-9xpj-jmr7"
"ash","1.23.3","GHSA-7r7f-9xpj-jmr7"
"ash","1.24.0","GHSA-7r7f-9xpj-jmr7"
"ash","1.24.1","GHSA-7r7f-9xpj-jmr7"
"ash","1.24.2","GHSA-7r7f-9xpj-jmr7"
"ash","1.25.0","GHSA-7r7f-9xpj-jmr7"
"ash","1.25.1","GHSA-7r7f-9xpj-jmr7"
"ash","1.25.2","GHSA-7r7f-9xpj-jmr7"
"ash","1.25.3","GHSA-7r7f-9xpj-jmr7"
"ash","1.25.4","GHSA-7r7f-9xpj-jmr7"
"ash","1.25.5","GHSA-7r7f-9xpj-jmr7"
"ash","1.25.6","GHSA-7r7f-9xpj-jmr7"
"ash","1.25.7","GHSA-7r7f-9xpj-jmr7"
"ash","1.25.8","GHSA-7r7f-9xpj-jmr7"
"ash","1.26.0","GHSA-7r7f-9xpj-jmr7"
"ash","1.26.1","GHSA-7r7f-9xpj-jmr7"
"ash","1.26.10","GHSA-7r7f-9xpj-jmr7"
"ash","1.26.11","GHSA-7r7f-9xpj-jmr7"
"ash","1.26.12","GHSA-7r7f-9xpj-jmr7"
"ash","1.26.13","GHSA-7r7f-9xpj-jmr7"
"ash","1.26.2","GHSA-7r7f-9xpj-jmr7"
"ash","1.26.4","GHSA-7r7f-9xpj-jmr7"
"ash","1.26.5","GHSA-7r7f-9xpj-jmr7"
"ash","1.26.6","GHSA-7r7f-9xpj-jmr7"
"ash","1.26.7","GHSA-7r7f-9xpj-jmr7"
"ash","1.26.8","GHSA-7r7f-9xpj-jmr7"
"ash","1.26.9","GHSA-7r7f-9xpj-jmr7"
"ash","1.27.0","GHSA-7r7f-9xpj-jmr7"
"ash","1.27.1","GHSA-7r7f-9xpj-jmr7"
"ash","1.28.0","GHSA-7r7f-9xpj-jmr7"
"ash","1.28.1","GHSA-7r7f-9xpj-jmr7"
"ash","1.29.0-rc0","GHSA-7r7f-9xpj-jmr7"
"ash","1.29.0-rc1","GHSA-7r7f-9xpj-jmr7"
"ash","1.3.0","GHSA-7r7f-9xpj-jmr7"
"ash","1.3.1","GHSA-7r7f-9xpj-jmr7"
"ash","1.30.1","GHSA-7r7f-9xpj-jmr7"
"ash","1.30.2","GHSA-7r7f-9xpj-jmr7"
"ash","1.31.0","GHSA-7r7f-9xpj-jmr7"
"ash","1.31.1","GHSA-7r7f-9xpj-jmr7"
"ash","1.32.0","GHSA-7r7f-9xpj-jmr7"
"ash","1.32.1","GHSA-7r7f-9xpj-jmr7"
"ash","1.32.2","GHSA-7r7f-9xpj-jmr7"
"ash","1.33.0","GHSA-7r7f-9xpj-jmr7"
"ash","1.34.0","GHSA-7r7f-9xpj-jmr7"
"ash","1.34.1","GHSA-7r7f-9xpj-jmr7"
"ash","1.34.2","GHSA-7r7f-9xpj-jmr7"
"ash","1.34.3","GHSA-7r7f-9xpj-jmr7"
"ash","1.34.4","GHSA-7r7f-9xpj-jmr7"
"ash","1.34.5","GHSA-7r7f-9xpj-jmr7"
"ash","1.34.6","GHSA-7r7f-9xpj-jmr7"
"ash","1.34.7","GHSA-7r7f-9xpj-jmr7"
"ash","1.34.8","GHSA-7r7f-9xpj-jmr7"
"ash","1.34.9","GHSA-7r7f-9xpj-jmr7"
"ash","1.35.0","GHSA-7r7f-9xpj-jmr7"
"ash","1.35.1","GHSA-7r7f-9xpj-jmr7"
"ash","1.36.0","GHSA-7r7f-9xpj-jmr7"
"ash","1.36.10","GHSA-7r7f-9xpj-jmr7"
"ash","1.36.11","GHSA-7r7f-9xpj-jmr7"
"ash","1.36.12","GHSA-7r7f-9xpj-jmr7"
"ash","1.36.13","GHSA-7r7f-9xpj-jmr7"
"ash","1.36.14","GHSA-7r7f-9xpj-jmr7"
"ash","1.36.15","GHSA-7r7f-9xpj-jmr7"
"ash","1.36.16","GHSA-7r7f-9xpj-jmr7"
"ash","1.36.17","GHSA-7r7f-9xpj-jmr7"
"ash","1.36.18","GHSA-7r7f-9xpj-jmr7"
"ash","1.36.19","GHSA-7r7f-9xpj-jmr7"
"ash","1.36.2","GHSA-7r7f-9xpj-jmr7"
"ash","1.36.21","GHSA-7r7f-9xpj-jmr7"
"ash","1.36.22","GHSA-7r7f-9xpj-jmr7"
"ash","1.36.3","GHSA-7r7f-9xpj-jmr7"
"ash","1.36.4","GHSA-7r7f-9xpj-jmr7"
"ash","1.36.5","GHSA-7r7f-9xpj-jmr7"
"ash","1.36.6","GHSA-7r7f-9xpj-jmr7"
"ash","1.36.7","GHSA-7r7f-9xpj-jmr7"
"ash","1.36.8","GHSA-7r7f-9xpj-jmr7"
"ash","1.36.9","GHSA-7r7f-9xpj-jmr7"
"ash","1.37.0","GHSA-7r7f-9xpj-jmr7"
"ash","1.37.1","GHSA-7r7f-9xpj-jmr7"
"ash","1.37.2","GHSA-7r7f-9xpj-jmr7"
"ash","1.38.0","GHSA-7r7f-9xpj-jmr7"
"ash","1.39.0","GHSA-7r7f-9xpj-jmr7"
"ash","1.39.1","GHSA-7r7f-9xpj-jmr7"
"ash","1.39.2","GHSA-7r7f-9xpj-jmr7"
"ash","1.39.3","GHSA-7r7f-9xpj-jmr7"
"ash","1.39.4","GHSA-7r7f-9xpj-jmr7"
"ash","1.39.5","GHSA-7r7f-9xpj-jmr7"
"ash","1.39.6","GHSA-7r7f-9xpj-jmr7"
"ash","1.39.7","GHSA-7r7f-9xpj-jmr7"
"ash","1.4.0","GHSA-7r7f-9xpj-jmr7"
"ash","1.4.1","GHSA-7r7f-9xpj-jmr7"
"ash","1.40.0","GHSA-7r7f-9xpj-jmr7"
"ash","1.41.0","GHSA-7r7f-9xpj-jmr7"
"ash","1.41.1","GHSA-7r7f-9xpj-jmr7"
"ash","1.41.10","GHSA-7r7f-9xpj-jmr7"
"ash","1.41.11","GHSA-7r7f-9xpj-jmr7"
"ash","1.41.12","GHSA-7r7f-9xpj-jmr7"
"ash","1.41.2","GHSA-7r7f-9xpj-jmr7"
"ash","1.41.3","GHSA-7r7f-9xpj-jmr7"
"ash","1.41.4","GHSA-7r7f-9xpj-jmr7"
"ash","1.41.5","GHSA-7r7f-9xpj-jmr7"
"ash","1.41.6","GHSA-7r7f-9xpj-jmr7"
"ash","1.41.7","GHSA-7r7f-9xpj-jmr7"
"ash","1.41.8","GHSA-7r7f-9xpj-jmr7"
"ash","1.41.9","GHSA-7r7f-9xpj-jmr7"
"ash","1.42.0","GHSA-7r7f-9xpj-jmr7"
"ash","1.43.0","GHSA-7r7f-9xpj-jmr7"
"ash","1.43.1","GHSA-7r7f-9xpj-jmr7"
"ash","1.43.10","GHSA-7r7f-9xpj-jmr7"
"ash","1.43.11","GHSA-7r7f-9xpj-jmr7"
"ash","1.43.12","GHSA-7r7f-9xpj-jmr7"
"ash","1.43.2","GHSA-7r7f-9xpj-jmr7"
"ash","1.43.3","GHSA-7r7f-9xpj-jmr7"
"ash","1.43.4","GHSA-7r7f-9xpj-jmr7"
"ash","1.43.5","GHSA-7r7f-9xpj-jmr7"
"ash","1.43.6","GHSA-7r7f-9xpj-jmr7"
"ash","1.43.7","GHSA-7r7f-9xpj-jmr7"
"ash","1.43.8","GHSA-7r7f-9xpj-jmr7"
"ash","1.43.9","GHSA-7r7f-9xpj-jmr7"
"ash","1.44.0","GHSA-7r7f-9xpj-jmr7"
"ash","1.44.1","GHSA-7r7f-9xpj-jmr7"
"ash","1.44.10","GHSA-7r7f-9xpj-jmr7"
"ash","1.44.11","GHSA-7r7f-9xpj-jmr7"
"ash","1.44.12","GHSA-7r7f-9xpj-jmr7"
"ash","1.44.13","GHSA-7r7f-9xpj-jmr7"
"ash","1.44.2","GHSA-7r7f-9xpj-jmr7"
"ash","1.44.3","GHSA-7r7f-9xpj-jmr7"
"ash","1.44.4","GHSA-7r7f-9xpj-jmr7"
"ash","1.44.5","GHSA-7r7f-9xpj-jmr7"
"ash","1.44.6","GHSA-7r7f-9xpj-jmr7"
"ash","1.44.7","GHSA-7r7f-9xpj-jmr7"
"ash","1.44.8","GHSA-7r7f-9xpj-jmr7"
"ash","1.44.9","GHSA-7r7f-9xpj-jmr7"
"ash","1.45.0-rc0","GHSA-7r7f-9xpj-jmr7"
"ash","1.45.0-rc1","GHSA-7r7f-9xpj-jmr7"
"ash","1.45.0-rc10","GHSA-7r7f-9xpj-jmr7"
"ash","1.45.0-rc11","GHSA-7r7f-9xpj-jmr7"
"ash","1.45.0-rc12","GHSA-7r7f-9xpj-jmr7"
"ash","1.45.0-rc13","GHSA-7r7f-9xpj-jmr7"
"ash","1.45.0-rc14","GHSA-7r7f-9xpj-jmr7"
"ash","1.45.0-rc15","GHSA-7r7f-9xpj-jmr7"
"ash","1.45.0-rc16","GHSA-7r7f-9xpj-jmr7"
"ash","1.45.0-rc17","GHSA-7r7f-9xpj-jmr7"
"ash","1.45.0-rc18","GHSA-7r7f-9xpj-jmr7"
"ash","1.45.0-rc19","GHSA-7r7f-9xpj-jmr7"
"ash","1.45.0-rc2","GHSA-7r7f-9xpj-jmr7"
"ash","1.45.0-rc20","GHSA-7r7f-9xpj-jmr7"
"ash","1.45.0-rc3","GHSA-7r7f-9xpj-jmr7"
"ash","1.45.0-rc4","GHSA-7r7f-9xpj-jmr7"
"ash","1.45.0-rc5","GHSA-7r7f-9xpj-jmr7"
"ash","1.45.0-rc6","GHSA-7r7f-9xpj-jmr7"
"ash","1.45.0-rc7","GHSA-7r7f-9xpj-jmr7"
"ash","1.45.0-rc8","GHSA-7r7f-9xpj-jmr7"
"ash","1.45.0-rc9","GHSA-7r7f-9xpj-jmr7"
"ash","1.46.0","GHSA-7r7f-9xpj-jmr7"
"ash","1.46.1","GHSA-7r7f-9xpj-jmr7"
"ash","1.46.10","GHSA-7r7f-9xpj-jmr7"
"ash","1.46.11","GHSA-7r7f-9xpj-jmr7"
"ash","1.46.12","GHSA-7r7f-9xpj-jmr7"
"ash","1.46.13","GHSA-7r7f-9xpj-jmr7"
"ash","1.46.2","GHSA-7r7f-9xpj-jmr7"
"ash","1.46.3","GHSA-7r7f-9xpj-jmr7"
"ash","1.46.4","GHSA-7r7f-9xpj-jmr7"
"ash","1.46.5","GHSA-7r7f-9xpj-jmr7"
"ash","1.46.6","GHSA-7r7f-9xpj-jmr7"
"ash","1.46.7","GHSA-7r7f-9xpj-jmr7"
"ash","1.46.8","GHSA-7r7f-9xpj-jmr7"
"ash","1.46.9","GHSA-7r7f-9xpj-jmr7"
"ash","1.47.0","GHSA-7r7f-9xpj-jmr7"
"ash","1.47.1","GHSA-7r7f-9xpj-jmr7"
"ash","1.47.10","GHSA-7r7f-9xpj-jmr7"
"ash","1.47.11","GHSA-7r7f-9xpj-jmr7"
"ash","1.47.12","GHSA-7r7f-9xpj-jmr7"
"ash","1.47.2","GHSA-7r7f-9xpj-jmr7"
"ash","1.47.3","GHSA-7r7f-9xpj-jmr7"
"ash","1.47.4","GHSA-7r7f-9xpj-jmr7"
"ash","1.47.5","GHSA-7r7f-9xpj-jmr7"
"ash","1.47.6","GHSA-7r7f-9xpj-jmr7"
"ash","1.47.7","GHSA-7r7f-9xpj-jmr7"
"ash","1.47.8","GHSA-7r7f-9xpj-jmr7"
"ash","1.47.9","GHSA-7r7f-9xpj-jmr7"
"ash","1.48.0-rc.0","GHSA-7r7f-9xpj-jmr7"
"ash","1.48.0-rc.1","GHSA-7r7f-9xpj-jmr7"
"ash","1.48.0-rc.10","GHSA-7r7f-9xpj-jmr7"
"ash","1.48.0-rc.11","GHSA-7r7f-9xpj-jmr7"
"ash","1.48.0-rc.12","GHSA-7r7f-9xpj-jmr7"
"ash","1.48.0-rc.13","GHSA-7r7f-9xpj-jmr7"
"ash","1.48.0-rc.14","GHSA-7r7f-9xpj-jmr7"
"ash","1.48.0-rc.15","GHSA-7r7f-9xpj-jmr7"
"ash","1.48.0-rc.16","GHSA-7r7f-9xpj-jmr7"
"ash","1.48.0-rc.17","GHSA-7r7f-9xpj-jmr7"
"ash","1.48.0-rc.18","GHSA-7r7f-9xpj-jmr7"
"ash","1.48.0-rc.19","GHSA-7r7f-9xpj-jmr7"
"ash","1.48.0-rc.2","GHSA-7r7f-9xpj-jmr7"
"ash","1.48.0-rc.20","GHSA-7r7f-9xpj-jmr7"
"ash","1.48.0-rc.21","GHSA-7r7f-9xpj-jmr7"
"ash","1.48.0-rc.22","GHSA-7r7f-9xpj-jmr7"
"ash","1.48.0-rc.23","GHSA-7r7f-9xpj-jmr7"
"ash","1.48.0-rc.24","GHSA-7r7f-9xpj-jmr7"
"ash","1.48.0-rc.25","GHSA-7r7f-9xpj-jmr7"
"ash","1.48.0-rc.26","GHSA-7r7f-9xpj-jmr7"
"ash","1.48.0-rc.27","GHSA-7r7f-9xpj-jmr7"
"ash","1.48.0-rc.28","GHSA-7r7f-9xpj-jmr7"
"ash","1.48.0-rc.29","GHSA-7r7f-9xpj-jmr7"
"ash","1.48.0-rc.3","GHSA-7r7f-9xpj-jmr7"
"ash","1.48.0-rc.30","GHSA-7r7f-9xpj-jmr7"
"ash","1.48.0-rc.4","GHSA-7r7f-9xpj-jmr7"
"ash","1.48.0-rc.5","GHSA-7r7f-9xpj-jmr7"
"ash","1.48.0-rc.6","GHSA-7r7f-9xpj-jmr7"
"ash","1.48.0-rc.7","GHSA-7r7f-9xpj-jmr7"
"ash","1.48.0-rc.8","GHSA-7r7f-9xpj-jmr7"
"ash","1.48.0-rc.9","GHSA-7r7f-9xpj-jmr7"
"ash","1.49.0","GHSA-7r7f-9xpj-jmr7"
"ash","1.5.0","GHSA-7r7f-9xpj-jmr7"
"ash","1.5.1","GHSA-7r7f-9xpj-jmr7"
"ash","1.50.0","GHSA-7r7f-9xpj-jmr7"
"ash","1.50.1","GHSA-7r7f-9xpj-jmr7"
"ash","1.50.10","GHSA-7r7f-9xpj-jmr7"
"ash","1.50.11","GHSA-7r7f-9xpj-jmr7"
"ash","1.50.12","GHSA-7r7f-9xpj-jmr7"
"ash","1.50.13","GHSA-7r7f-9xpj-jmr7"
"ash","1.50.14","GHSA-7r7f-9xpj-jmr7"
"ash","1.50.15","GHSA-7r7f-9xpj-jmr7"
"ash","1.50.16","GHSA-7r7f-9xpj-jmr7"
"ash","1.50.17","GHSA-7r7f-9xpj-jmr7"
"ash","1.50.18","GHSA-7r7f-9xpj-jmr7"
"ash","1.50.19","GHSA-7r7f-9xpj-jmr7"
"ash","1.50.2","GHSA-7r7f-9xpj-jmr7"
"ash","1.50.20","GHSA-7r7f-9xpj-jmr7"
"ash","1.50.21","GHSA-7r7f-9xpj-jmr7"
"ash","1.50.3","GHSA-7r7f-9xpj-jmr7"
"ash","1.50.4","GHSA-7r7f-9xpj-jmr7"
"ash","1.50.5","GHSA-7r7f-9xpj-jmr7"
"ash","1.50.6","GHSA-7r7f-9xpj-jmr7"
"ash","1.50.7","GHSA-7r7f-9xpj-jmr7"
"ash","1.50.8","GHSA-7r7f-9xpj-jmr7"
"ash","1.50.9","GHSA-7r7f-9xpj-jmr7"
"ash","1.51.0","GHSA-7r7f-9xpj-jmr7"
"ash","1.51.1","GHSA-7r7f-9xpj-jmr7"
"ash","1.51.2","GHSA-7r7f-9xpj-jmr7"
"ash","1.52.0-rc.0","GHSA-7r7f-9xpj-jmr7"
"ash","1.52.0-rc.1","GHSA-7r7f-9xpj-jmr7"
"ash","1.52.0-rc.10","GHSA-7r7f-9xpj-jmr7"
"ash","1.52.0-rc.11","GHSA-7r7f-9xpj-jmr7"
"ash","1.52.0-rc.12","GHSA-7r7f-9xpj-jmr7"
"ash","1.52.0-rc.13","GHSA-7r7f-9xpj-jmr7"
"ash","1.52.0-rc.14","GHSA-7r7f-9xpj-jmr7"
"ash","1.52.0-rc.15","GHSA-7r7f-9xpj-jmr7"
"ash","1.52.0-rc.16","GHSA-7r7f-9xpj-jmr7"
"ash","1.52.0-rc.17","GHSA-7r7f-9xpj-jmr7"
"ash","1.52.0-rc.18","GHSA-7r7f-9xpj-jmr7"
"ash","1.52.0-rc.19","GHSA-7r7f-9xpj-jmr7"
"ash","1.52.0-rc.2","GHSA-7r7f-9xpj-jmr7"
"ash","1.52.0-rc.20","GHSA-7r7f-9xpj-jmr7"
"ash","1.52.0-rc.21","GHSA-7r7f-9xpj-jmr7"
"ash","1.52.0-rc.22","GHSA-7r7f-9xpj-jmr7"
"ash","1.52.0-rc.3","GHSA-7r7f-9xpj-jmr7"
"ash","1.52.0-rc.4","GHSA-7r7f-9xpj-jmr7"
"ash","1.52.0-rc.5","GHSA-7r7f-9xpj-jmr7"
"ash","1.52.0-rc.6","GHSA-7r7f-9xpj-jmr7"
"ash","1.52.0-rc.7","GHSA-7r7f-9xpj-jmr7"
"ash","1.52.0-rc.8","GHSA-7r7f-9xpj-jmr7"
"ash","1.52.0-rc.9","GHSA-7r7f-9xpj-jmr7"
"ash","1.53.0","GHSA-7r7f-9xpj-jmr7"
"ash","1.53.2","GHSA-7r7f-9xpj-jmr7"
"ash","1.53.3","GHSA-7r7f-9xpj-jmr7"
"ash","1.6.0","GHSA-7r7f-9xpj-jmr7"
"ash","1.6.1","GHSA-7r7f-9xpj-jmr7"
"ash","1.6.2","GHSA-7r7f-9xpj-jmr7"
"ash","1.6.3","GHSA-7r7f-9xpj-jmr7"
"ash","1.6.4","GHSA-7r7f-9xpj-jmr7"
"ash","1.6.5","GHSA-7r7f-9xpj-jmr7"
"ash","1.6.6","GHSA-7r7f-9xpj-jmr7"
"ash","1.6.7","GHSA-7r7f-9xpj-jmr7"
"ash","1.6.8","GHSA-7r7f-9xpj-jmr7"
"ash","1.7.0","GHSA-7r7f-9xpj-jmr7"
"ash","1.8.0","GHSA-7r7f-9xpj-jmr7"
"ash","1.9.0","GHSA-7r7f-9xpj-jmr7"
"ash","2.0.0","GHSA-7r7f-9xpj-jmr7"
"ash","2.0.0-pre.0","GHSA-7r7f-9xpj-jmr7"
"ash","2.0.0-pre.1","GHSA-7r7f-9xpj-jmr7"
"ash","2.0.0-pre.2","GHSA-7r7f-9xpj-jmr7"
"ash","2.0.0-pre.3","GHSA-7r7f-9xpj-jmr7"
"ash","2.0.0-pre.4","GHSA-7r7f-9xpj-jmr7"
"ash","2.0.0-pre.5","GHSA-7r7f-9xpj-jmr7"
"ash","2.0.0-pre.6","GHSA-7r7f-9xpj-jmr7"
"ash","2.0.0-pre.7","GHSA-7r7f-9xpj-jmr7"
"ash","2.0.0-pre.8","GHSA-7r7f-9xpj-jmr7"
"ash","2.0.0-rc.0","GHSA-7r7f-9xpj-jmr7"
"ash","2.0.0-rc.1","GHSA-7r7f-9xpj-jmr7"
"ash","2.0.0-rc.10","GHSA-7r7f-9xpj-jmr7"
"ash","2.0.0-rc.11","GHSA-7r7f-9xpj-jmr7"
"ash","2.0.0-rc.12","GHSA-7r7f-9xpj-jmr7"
"ash","2.0.0-rc.13","GHSA-7r7f-9xpj-jmr7"
"ash","2.0.0-rc.14","GHSA-7r7f-9xpj-jmr7"
"ash","2.0.0-rc.15","GHSA-7r7f-9xpj-jmr7"
"ash","2.0.0-rc.2","GHSA-7r7f-9xpj-jmr7"
"ash","2.0.0-rc.3","GHSA-7r7f-9xpj-jmr7"
"ash","2.0.0-rc.4","GHSA-7r7f-9xpj-jmr7"
"ash","2.0.0-rc.5","GHSA-7r7f-9xpj-jmr7"
"ash","2.0.0-rc.6","GHSA-7r7f-9xpj-jmr7"
"ash","2.0.0-rc.7","GHSA-7r7f-9xpj-jmr7"
"ash","2.0.0-rc.8","GHSA-7r7f-9xpj-jmr7"
"ash","2.0.0-rc.9","GHSA-7r7f-9xpj-jmr7"
"ash","2.1.0","GHSA-7r7f-9xpj-jmr7"
"ash","2.10.0","GHSA-7r7f-9xpj-jmr7"
"ash","2.10.1","GHSA-7r7f-9xpj-jmr7"
"ash","2.10.2","GHSA-7r7f-9xpj-jmr7"
"ash","2.11.0","GHSA-7r7f-9xpj-jmr7"
"ash","2.11.0-rc.0","GHSA-7r7f-9xpj-jmr7"
"ash","2.11.0-rc.1","GHSA-7r7f-9xpj-jmr7"
"ash","2.11.0-rc.2","GHSA-7r7f-9xpj-jmr7"
"ash","2.11.0-rc.3","GHSA-7r7f-9xpj-jmr7"
"ash","2.11.1","GHSA-7r7f-9xpj-jmr7"
"ash","2.11.10","GHSA-7r7f-9xpj-jmr7"
"ash","2.11.11","GHSA-7r7f-9xpj-jmr7"
"ash","2.11.2","GHSA-7r7f-9xpj-jmr7"
"ash","2.11.3","GHSA-7r7f-9xpj-jmr7"
"ash","2.11.4","GHSA-7r7f-9xpj-jmr7"
"ash","2.11.5","GHSA-7r7f-9xpj-jmr7"
"ash","2.11.6","GHSA-7r7f-9xpj-jmr7"
"ash","2.11.7","GHSA-7r7f-9xpj-jmr7"
"ash","2.11.8","GHSA-7r7f-9xpj-jmr7"
"ash","2.11.9","GHSA-7r7f-9xpj-jmr7"
"ash","2.12.0","GHSA-7r7f-9xpj-jmr7"
"ash","2.12.1","GHSA-7r7f-9xpj-jmr7"
"ash","2.13.0","GHSA-7r7f-9xpj-jmr7"
"ash","2.13.1","GHSA-7r7f-9xpj-jmr7"
"ash","2.13.2","GHSA-7r7f-9xpj-jmr7"
"ash","2.13.3","GHSA-7r7f-9xpj-jmr7"
"ash","2.13.4","GHSA-7r7f-9xpj-jmr7"
"ash","2.14.0","GHSA-7r7f-9xpj-jmr7"
"ash","2.14.1","GHSA-7r7f-9xpj-jmr7"
"ash","2.14.10","GHSA-7r7f-9xpj-jmr7"
"ash","2.14.11","GHSA-7r7f-9xpj-jmr7"
"ash","2.14.12","GHSA-7r7f-9xpj-jmr7"
"ash","2.14.13","GHSA-7r7f-9xpj-jmr7"
"ash","2.14.14","GHSA-7r7f-9xpj-jmr7"
"ash","2.14.15","GHSA-7r7f-9xpj-jmr7"
"ash","2.14.16","GHSA-7r7f-9xpj-jmr7"
"ash","2.14.17","GHSA-7r7f-9xpj-jmr7"
"ash","2.14.18","GHSA-7r7f-9xpj-jmr7"
"ash","2.14.19","GHSA-7r7f-9xpj-jmr7"
"ash","2.14.2","GHSA-7r7f-9xpj-jmr7"
"ash","2.14.20","GHSA-7r7f-9xpj-jmr7"
"ash","2.14.21","GHSA-7r7f-9xpj-jmr7"
"ash","2.14.3","GHSA-7r7f-9xpj-jmr7"
"ash","2.14.4","GHSA-7r7f-9xpj-jmr7"
"ash","2.14.5","GHSA-7r7f-9xpj-jmr7"
"ash","2.14.6","GHSA-7r7f-9xpj-jmr7"
"ash","2.14.7","GHSA-7r7f-9xpj-jmr7"
"ash","2.14.8","GHSA-7r7f-9xpj-jmr7"
"ash","2.14.9","GHSA-7r7f-9xpj-jmr7"
"ash","2.15.0","GHSA-7r7f-9xpj-jmr7"
"ash","2.15.1","GHSA-7r7f-9xpj-jmr7"
"ash","2.15.10","GHSA-7r7f-9xpj-jmr7"
"ash","2.15.11","GHSA-7r7f-9xpj-jmr7"
"ash","2.15.12","GHSA-7r7f-9xpj-jmr7"
"ash","2.15.13","GHSA-7r7f-9xpj-jmr7"
"ash","2.15.14","GHSA-7r7f-9xpj-jmr7"
"ash","2.15.15","GHSA-7r7f-9xpj-jmr7"
"ash","2.15.16","GHSA-7r7f-9xpj-jmr7"
"ash","2.15.17","GHSA-7r7f-9xpj-jmr7"
"ash","2.15.18","GHSA-7r7f-9xpj-jmr7"
"ash","2.15.19","GHSA-7r7f-9xpj-jmr7"
"ash","2.15.2","GHSA-7r7f-9xpj-jmr7"
"ash","2.15.20","GHSA-7r7f-9xpj-jmr7"
"ash","2.15.4","GHSA-7r7f-9xpj-jmr7"
"ash","2.15.5","GHSA-7r7f-9xpj-jmr7"
"ash","2.15.6","GHSA-7r7f-9xpj-jmr7"
"ash","2.15.7","GHSA-7r7f-9xpj-jmr7"
"ash","2.15.8","GHSA-7r7f-9xpj-jmr7"
"ash","2.15.9","GHSA-7r7f-9xpj-jmr7"
"ash","2.16.0","GHSA-7r7f-9xpj-jmr7"
"ash","2.16.1","GHSA-7r7f-9xpj-jmr7"
"ash","2.17.0","GHSA-7r7f-9xpj-jmr7"
"ash","2.17.1","GHSA-7r7f-9xpj-jmr7"
"ash","2.17.10","GHSA-7r7f-9xpj-jmr7"
"ash","2.17.11","GHSA-7r7f-9xpj-jmr7"
"ash","2.17.12","GHSA-7r7f-9xpj-jmr7"
"ash","2.17.13","GHSA-7r7f-9xpj-jmr7"
"ash","2.17.14","GHSA-7r7f-9xpj-jmr7"
"ash","2.17.15","GHSA-7r7f-9xpj-jmr7"
"ash","2.17.16","GHSA-7r7f-9xpj-jmr7"
"ash","2.17.17","GHSA-7r7f-9xpj-jmr7"
"ash","2.17.18","GHSA-7r7f-9xpj-jmr7"
"ash","2.17.19","GHSA-7r7f-9xpj-jmr7"
"ash","2.17.2","GHSA-7r7f-9xpj-jmr7"
"ash","2.17.20","GHSA-7r7f-9xpj-jmr7"
"ash","2.17.21","GHSA-7r7f-9xpj-jmr7"
"ash","2.17.22","GHSA-7r7f-9xpj-jmr7"
"ash","2.17.23","GHSA-7r7f-9xpj-jmr7"
"ash","2.17.24","GHSA-7r7f-9xpj-jmr7"
"ash","2.17.3","GHSA-7r7f-9xpj-jmr7"
"ash","2.17.4","GHSA-7r7f-9xpj-jmr7"
"ash","2.17.5","GHSA-7r7f-9xpj-jmr7"
"ash","2.17.6","GHSA-7r7f-9xpj-jmr7"
"ash","2.17.7","GHSA-7r7f-9xpj-jmr7"
"ash","2.17.8","GHSA-7r7f-9xpj-jmr7"
"ash","2.17.9","GHSA-7r7f-9xpj-jmr7"
"ash","2.18.0","GHSA-7r7f-9xpj-jmr7"
"ash","2.18.1","GHSA-7r7f-9xpj-jmr7"
"ash","2.18.2","GHSA-7r7f-9xpj-jmr7"
"ash","2.19.0","GHSA-7r7f-9xpj-jmr7"
"ash","2.19.1","GHSA-7r7f-9xpj-jmr7"
"ash","2.19.10","GHSA-7r7f-9xpj-jmr7"
"ash","2.19.11","GHSA-7r7f-9xpj-jmr7"
"ash","2.19.12","GHSA-7r7f-9xpj-jmr7"
"ash","2.19.13","GHSA-7r7f-9xpj-jmr7"
"ash","2.19.14","GHSA-7r7f-9xpj-jmr7"
"ash","2.19.2","GHSA-7r7f-9xpj-jmr7"
"ash","2.19.3","GHSA-7r7f-9xpj-jmr7"
"ash","2.19.4","GHSA-7r7f-9xpj-jmr7"
"ash","2.19.5","GHSA-7r7f-9xpj-jmr7"
"ash","2.19.6","GHSA-7r7f-9xpj-jmr7"
"ash","2.19.7","GHSA-7r7f-9xpj-jmr7"
"ash","2.19.8","GHSA-7r7f-9xpj-jmr7"
"ash","2.19.9","GHSA-7r7f-9xpj-jmr7"
"ash","2.2.0","GHSA-7r7f-9xpj-jmr7"
"ash","2.20.0","GHSA-7r7f-9xpj-jmr7"
"ash","2.20.1","GHSA-7r7f-9xpj-jmr7"
"ash","2.20.2","GHSA-7r7f-9xpj-jmr7"
"ash","2.20.3","GHSA-7r7f-9xpj-jmr7"
"ash","2.21.0","GHSA-7r7f-9xpj-jmr7"
"ash","2.21.1","GHSA-7r7f-9xpj-jmr7"
"ash","2.21.10","GHSA-7r7f-9xpj-jmr7"
"ash","2.21.11","GHSA-7r7f-9xpj-jmr7"
"ash","2.21.12","GHSA-7r7f-9xpj-jmr7"
"ash","2.21.13","GHSA-7r7f-9xpj-jmr7"
"ash","2.21.14","GHSA-7r7f-9xpj-jmr7"
"ash","2.21.15","GHSA-7r7f-9xpj-jmr7"
"ash","2.21.2","GHSA-7r7f-9xpj-jmr7"
"ash","2.21.3","GHSA-7r7f-9xpj-jmr7"
"ash","2.21.4","GHSA-7r7f-9xpj-jmr7"
"ash","2.21.5","GHSA-7r7f-9xpj-jmr7"
"ash","2.21.6","GHSA-7r7f-9xpj-jmr7"
"ash","2.21.7","GHSA-7r7f-9xpj-jmr7"
"ash","2.21.8","GHSA-7r7f-9xpj-jmr7"
"ash","2.21.9","GHSA-7r7f-9xpj-jmr7"
"ash","2.3.0","GHSA-7r7f-9xpj-jmr7"
"ash","2.4.0","GHSA-7r7f-9xpj-jmr7"
"ash","2.4.1","GHSA-7r7f-9xpj-jmr7"
"ash","2.4.10","GHSA-7r7f-9xpj-jmr7"
"ash","2.4.11","GHSA-7r7f-9xpj-jmr7"
"ash","2.4.12","GHSA-7r7f-9xpj-jmr7"
"ash","2.4.13","GHSA-7r7f-9xpj-jmr7"
"ash","2.4.14","GHSA-7r7f-9xpj-jmr7"
"ash","2.4.15","GHSA-7r7f-9xpj-jmr7"
"ash","2.4.16","GHSA-7r7f-9xpj-jmr7"
"ash","2.4.17","GHSA-7r7f-9xpj-jmr7"
"ash","2.4.18","GHSA-7r7f-9xpj-jmr7"
"ash","2.4.19","GHSA-7r7f-9xpj-jmr7"
"ash","2.4.2","GHSA-7r7f-9xpj-jmr7"
"ash","2.4.20","GHSA-7r7f-9xpj-jmr7"
"ash","2.4.21","GHSA-7r7f-9xpj-jmr7"
"ash","2.4.22","GHSA-7r7f-9xpj-jmr7"
"ash","2.4.23","GHSA-7r7f-9xpj-jmr7"
"ash","2.4.24","GHSA-7r7f-9xpj-jmr7"
"ash","2.4.25","GHSA-7r7f-9xpj-jmr7"
"ash","2.4.26","GHSA-7r7f-9xpj-jmr7"
"ash","2.4.27","GHSA-7r7f-9xpj-jmr7"
"ash","2.4.28","GHSA-7r7f-9xpj-jmr7"
"ash","2.4.29","GHSA-7r7f-9xpj-jmr7"
"ash","2.4.3","GHSA-7r7f-9xpj-jmr7"
"ash","2.4.30","GHSA-7r7f-9xpj-jmr7"
"ash","2.4.4","GHSA-7r7f-9xpj-jmr7"
"ash","2.4.5","GHSA-7r7f-9xpj-jmr7"
"ash","2.4.6","GHSA-7r7f-9xpj-jmr7"
"ash","2.4.7","GHSA-7r7f-9xpj-jmr7"
"ash","2.4.8","GHSA-7r7f-9xpj-jmr7"
"ash","2.4.9","GHSA-7r7f-9xpj-jmr7"
"ash","2.5.0","GHSA-7r7f-9xpj-jmr7"
"ash","2.5.0-rc.0","GHSA-7r7f-9xpj-jmr7"
"ash","2.5.0-rc.1","GHSA-7r7f-9xpj-jmr7"
"ash","2.5.0-rc.2","GHSA-7r7f-9xpj-jmr7"
"ash","2.5.0-rc.3","GHSA-7r7f-9xpj-jmr7"
"ash","2.5.0-rc.4","GHSA-7r7f-9xpj-jmr7"
"ash","2.5.0-rc.5","GHSA-7r7f-9xpj-jmr7"
"ash","2.5.0-rc.6","GHSA-7r7f-9xpj-jmr7"
"ash","2.5.1","GHSA-7r7f-9xpj-jmr7"
"ash","2.5.10","GHSA-7r7f-9xpj-jmr7"
"ash","2.5.11","GHSA-7r7f-9xpj-jmr7"
"ash","2.5.12","GHSA-7r7f-9xpj-jmr7"
"ash","2.5.13","GHSA-7r7f-9xpj-jmr7"
"ash","2.5.14","GHSA-7r7f-9xpj-jmr7"
"ash","2.5.15","GHSA-7r7f-9xpj-jmr7"
"ash","2.5.16","GHSA-7r7f-9xpj-jmr7"
"ash","2.5.2","GHSA-7r7f-9xpj-jmr7"
"ash","2.5.3","GHSA-7r7f-9xpj-jmr7"
"ash","2.5.4","GHSA-7r7f-9xpj-jmr7"
"ash","2.5.5","GHSA-7r7f-9xpj-jmr7"
"ash","2.5.6","GHSA-7r7f-9xpj-jmr7"
"ash","2.5.7","GHSA-7r7f-9xpj-jmr7"
"ash","2.5.8","GHSA-7r7f-9xpj-jmr7"
"ash","2.5.9","GHSA-7r7f-9xpj-jmr7"
"ash","2.6.0","GHSA-7r7f-9xpj-jmr7"
"ash","2.6.1","GHSA-7r7f-9xpj-jmr7"
"ash","2.6.10","GHSA-7r7f-9xpj-jmr7"
"ash","2.6.11","GHSA-7r7f-9xpj-jmr7"
"ash","2.6.13","GHSA-7r7f-9xpj-jmr7"
"ash","2.6.14","GHSA-7r7f-9xpj-jmr7"
"ash","2.6.15","GHSA-7r7f-9xpj-jmr7"
"ash","2.6.16","GHSA-7r7f-9xpj-jmr7"
"ash","2.6.17","GHSA-7r7f-9xpj-jmr7"
"ash","2.6.18","GHSA-7r7f-9xpj-jmr7"
"ash","2.6.19","GHSA-7r7f-9xpj-jmr7"
"ash","2.6.2","GHSA-7r7f-9xpj-jmr7"
"ash","2.6.20","GHSA-7r7f-9xpj-jmr7"
"ash","2.6.21","GHSA-7r7f-9xpj-jmr7"
"ash","2.6.22","GHSA-7r7f-9xpj-jmr7"
"ash","2.6.23","GHSA-7r7f-9xpj-jmr7"
"ash","2.6.24","GHSA-7r7f-9xpj-jmr7"
"ash","2.6.25","GHSA-7r7f-9xpj-jmr7"
"ash","2.6.26","GHSA-7r7f-9xpj-jmr7"
"ash","2.6.27","GHSA-7r7f-9xpj-jmr7"
"ash","2.6.28","GHSA-7r7f-9xpj-jmr7"
"ash","2.6.29","GHSA-7r7f-9xpj-jmr7"
"ash","2.6.3","GHSA-7r7f-9xpj-jmr7"
"ash","2.6.30","GHSA-7r7f-9xpj-jmr7"
"ash","2.6.31","GHSA-7r7f-9xpj-jmr7"
"ash","2.6.4","GHSA-7r7f-9xpj-jmr7"
"ash","2.6.5","GHSA-7r7f-9xpj-jmr7"
"ash","2.6.6","GHSA-7r7f-9xpj-jmr7"
"ash","2.6.7","GHSA-7r7f-9xpj-jmr7"
"ash","2.6.8","GHSA-7r7f-9xpj-jmr7"
"ash","2.6.9","GHSA-7r7f-9xpj-jmr7"
"ash","2.7.0","GHSA-7r7f-9xpj-jmr7"
"ash","2.7.1","GHSA-7r7f-9xpj-jmr7"
"ash","2.8.0","GHSA-7r7f-9xpj-jmr7"
"ash","2.8.1","GHSA-7r7f-9xpj-jmr7"
"ash","2.9.0","GHSA-7r7f-9xpj-jmr7"
"ash","2.9.1","GHSA-7r7f-9xpj-jmr7"
"ash","2.9.10","GHSA-7r7f-9xpj-jmr7"
"ash","2.9.11","GHSA-7r7f-9xpj-jmr7"
"ash","2.9.12","GHSA-7r7f-9xpj-jmr7"
"ash","2.9.13","GHSA-7r7f-9xpj-jmr7"
"ash","2.9.14","GHSA-7r7f-9xpj-jmr7"
"ash","2.9.15","GHSA-7r7f-9xpj-jmr7"
"ash","2.9.16","GHSA-7r7f-9xpj-jmr7"
"ash","2.9.17","GHSA-7r7f-9xpj-jmr7"
"ash","2.9.18","GHSA-7r7f-9xpj-jmr7"
"ash","2.9.19","GHSA-7r7f-9xpj-jmr7"
"ash","2.9.2","GHSA-7r7f-9xpj-jmr7"
"ash","2.9.20","GHSA-7r7f-9xpj-jmr7"
"ash","2.9.21","GHSA-7r7f-9xpj-jmr7"
"ash","2.9.22","GHSA-7r7f-9xpj-jmr7"
"ash","2.9.23","GHSA-7r7f-9xpj-jmr7"
"ash","2.9.24","GHSA-7r7f-9xpj-jmr7"
"ash","2.9.25","GHSA-7r7f-9xpj-jmr7"
"ash","2.9.26","GHSA-7r7f-9xpj-jmr7"
"ash","2.9.27","GHSA-7r7f-9xpj-jmr7"
"ash","2.9.28","GHSA-7r7f-9xpj-jmr7"
"ash","2.9.29","GHSA-7r7f-9xpj-jmr7"
"ash","2.9.3","GHSA-7r7f-9xpj-jmr7"
"ash","2.9.4","GHSA-7r7f-9xpj-jmr7"
"ash","2.9.5","GHSA-7r7f-9xpj-jmr7"
"ash","2.9.6","GHSA-7r7f-9xpj-jmr7"
"ash","2.9.7","GHSA-7r7f-9xpj-jmr7"
"ash","2.9.8","GHSA-7r7f-9xpj-jmr7"
"ash","2.9.9","GHSA-7r7f-9xpj-jmr7"
"ash","3.0.0","GHSA-7r7f-9xpj-jmr7"
"ash","3.0.0-rc.0","GHSA-7r7f-9xpj-jmr7"
"ash","3.0.0-rc.1","GHSA-7r7f-9xpj-jmr7"
"ash","3.0.0-rc.10","GHSA-7r7f-9xpj-jmr7"
"ash","3.0.0-rc.11","GHSA-7r7f-9xpj-jmr7"
"ash","3.0.0-rc.12","GHSA-7r7f-9xpj-jmr7"
"ash","3.0.0-rc.13","GHSA-7r7f-9xpj-jmr7"
"ash","3.0.0-rc.14","GHSA-7r7f-9xpj-jmr7"
"ash","3.0.0-rc.15","GHSA-7r7f-9xpj-jmr7"
"ash","3.0.0-rc.16","GHSA-7r7f-9xpj-jmr7"
"ash","3.0.0-rc.17","GHSA-7r7f-9xpj-jmr7"
"ash","3.0.0-rc.18","GHSA-7r7f-9xpj-jmr7"
"ash","3.0.0-rc.19","GHSA-7r7f-9xpj-jmr7"
"ash","3.0.0-rc.20","GHSA-7r7f-9xpj-jmr7"
"ash","3.0.0-rc.21","GHSA-7r7f-9xpj-jmr7"
"ash","3.0.0-rc.22","GHSA-7r7f-9xpj-jmr7"
"ash","3.0.0-rc.23","GHSA-7r7f-9xpj-jmr7"
"ash","3.0.0-rc.24","GHSA-7r7f-9xpj-jmr7"
"ash","3.0.0-rc.25","GHSA-7r7f-9xpj-jmr7"
"ash","3.0.0-rc.26","GHSA-7r7f-9xpj-jmr7"
"ash","3.0.0-rc.27","GHSA-7r7f-9xpj-jmr7"
"ash","3.0.0-rc.28","GHSA-7r7f-9xpj-jmr7"
"ash","3.0.0-rc.29","GHSA-7r7f-9xpj-jmr7"
"ash","3.0.0-rc.3","GHSA-7r7f-9xpj-jmr7"
"ash","3.0.0-rc.31","GHSA-7r7f-9xpj-jmr7"
"ash","3.0.0-rc.32","GHSA-7r7f-9xpj-jmr7"
"ash","3.0.0-rc.33","GHSA-7r7f-9xpj-jmr7"
"ash","3.0.0-rc.34","GHSA-7r7f-9xpj-jmr7"
"ash","3.0.0-rc.35","GHSA-7r7f-9xpj-jmr7"
"ash","3.0.0-rc.36","GHSA-7r7f-9xpj-jmr7"
"ash","3.0.0-rc.37","GHSA-7r7f-9xpj-jmr7"
"ash","3.0.0-rc.38","GHSA-7r7f-9xpj-jmr7"
"ash","3.0.0-rc.39","GHSA-7r7f-9xpj-jmr7"
"ash","3.0.0-rc.4","GHSA-7r7f-9xpj-jmr7"
"ash","3.0.0-rc.40","GHSA-7r7f-9xpj-jmr7"
"ash","3.0.0-rc.41","GHSA-7r7f-9xpj-jmr7"
"ash","3.0.0-rc.42","GHSA-7r7f-9xpj-jmr7"
"ash","3.0.0-rc.43","GHSA-7r7f-9xpj-jmr7"
"ash","3.0.0-rc.44","GHSA-7r7f-9xpj-jmr7"
"ash","3.0.0-rc.45","GHSA-7r7f-9xpj-jmr7"
"ash","3.0.0-rc.46","GHSA-7r7f-9xpj-jmr7"
"ash","3.0.0-rc.5","GHSA-7r7f-9xpj-jmr7"
"ash","3.0.0-rc.6","GHSA-7r7f-9xpj-jmr7"
"ash","3.0.0-rc.7","GHSA-7r7f-9xpj-jmr7"
"ash","3.0.0-rc.8","GHSA-7r7f-9xpj-jmr7"
"ash","3.0.0-rc.9","GHSA-7r7f-9xpj-jmr7"
"ash","3.0.1","GHSA-7r7f-9xpj-jmr7"
"ash","3.0.10","GHSA-7r7f-9xpj-jmr7"
"ash","3.0.11","GHSA-7r7f-9xpj-jmr7"
"ash","3.0.12","GHSA-7r7f-9xpj-jmr7"
"ash","3.0.13","GHSA-7r7f-9xpj-jmr7"
"ash","3.0.14","GHSA-7r7f-9xpj-jmr7"
"ash","3.0.15","GHSA-7r7f-9xpj-jmr7"
"ash","3.0.16","GHSA-7r7f-9xpj-jmr7"
"ash","3.0.2","GHSA-7r7f-9xpj-jmr7"
"ash","3.0.3","GHSA-7r7f-9xpj-jmr7"
"ash","3.0.4","GHSA-7r7f-9xpj-jmr7"
"ash","3.0.5","GHSA-7r7f-9xpj-jmr7"
"ash","3.0.6","GHSA-7r7f-9xpj-jmr7"
"ash","3.0.7","GHSA-7r7f-9xpj-jmr7"
"ash","3.0.8","GHSA-7r7f-9xpj-jmr7"
"ash","3.0.9","GHSA-7r7f-9xpj-jmr7"
"ash","3.1.0","GHSA-7r7f-9xpj-jmr7"
"ash","3.1.1","GHSA-7r7f-9xpj-jmr7"
"ash","3.1.2","GHSA-7r7f-9xpj-jmr7"
"ash","3.1.3","GHSA-7r7f-9xpj-jmr7"
"ash","3.1.4","GHSA-7r7f-9xpj-jmr7"
"ash","3.1.5","GHSA-7r7f-9xpj-jmr7"
"ash","3.1.6","GHSA-7r7f-9xpj-jmr7"
"ash","3.1.7","GHSA-7r7f-9xpj-jmr7"
"ash","3.1.8","GHSA-7r7f-9xpj-jmr7"
"ash","3.2.0","GHSA-7r7f-9xpj-jmr7"
"ash","3.2.1","GHSA-7r7f-9xpj-jmr7"
"ash","3.2.2","GHSA-7r7f-9xpj-jmr7"
"ash","3.2.3","GHSA-7r7f-9xpj-jmr7"
"ash","3.2.4","GHSA-7r7f-9xpj-jmr7"
"ash","3.2.5","GHSA-7r7f-9xpj-jmr7"
"ash","3.2.6","GHSA-7r7f-9xpj-jmr7"
"ash","3.3.0","GHSA-7r7f-9xpj-jmr7"
"ash","3.3.1","GHSA-7r7f-9xpj-jmr7"
"ash","3.3.2","GHSA-7r7f-9xpj-jmr7"
"ash","3.3.3","GHSA-7r7f-9xpj-jmr7"
"ash","3.4.0","GHSA-7r7f-9xpj-jmr7"
"ash","3.4.1","GHSA-7r7f-9xpj-jmr7"
"ash","3.4.10","GHSA-7r7f-9xpj-jmr7"
"ash","3.4.11","GHSA-7r7f-9xpj-jmr7"
"ash","3.4.12","GHSA-7r7f-9xpj-jmr7"
"ash","3.4.13","GHSA-7r7f-9xpj-jmr7"
"ash","3.4.14","GHSA-7r7f-9xpj-jmr7"
"ash","3.4.15","GHSA-7r7f-9xpj-jmr7"
"ash","3.4.16","GHSA-7r7f-9xpj-jmr7"
"ash","3.4.17","GHSA-7r7f-9xpj-jmr7"
"ash","3.4.18","GHSA-7r7f-9xpj-jmr7"
"ash","3.4.19","GHSA-7r7f-9xpj-jmr7"
"ash","3.4.2","GHSA-7r7f-9xpj-jmr7"
"ash","3.4.20","GHSA-7r7f-9xpj-jmr7"
"ash","3.4.21","GHSA-7r7f-9xpj-jmr7"
"ash","3.4.22","GHSA-7r7f-9xpj-jmr7"
"ash","3.4.23","GHSA-7r7f-9xpj-jmr7"
"ash","3.4.24","GHSA-7r7f-9xpj-jmr7"
"ash","3.4.25","GHSA-7r7f-9xpj-jmr7"
"ash","3.4.26","GHSA-7r7f-9xpj-jmr7"
"ash","3.4.27","GHSA-7r7f-9xpj-jmr7"
"ash","3.4.28","GHSA-7r7f-9xpj-jmr7"
"ash","3.4.29","GHSA-7r7f-9xpj-jmr7"
"ash","3.4.3","GHSA-7r7f-9xpj-jmr7"
"ash","3.4.30","GHSA-7r7f-9xpj-jmr7"
"ash","3.4.31","GHSA-7r7f-9xpj-jmr7"
"ash","3.4.32","GHSA-7r7f-9xpj-jmr7"
"ash","3.4.33","GHSA-7r7f-9xpj-jmr7"
"ash","3.4.34","GHSA-7r7f-9xpj-jmr7"
"ash","3.4.35","GHSA-7r7f-9xpj-jmr7"
"ash","3.4.36","GHSA-7r7f-9xpj-jmr7"
"ash","3.4.37","GHSA-7r7f-9xpj-jmr7"
"ash","3.4.38","GHSA-7r7f-9xpj-jmr7"
"ash","3.4.39","GHSA-7r7f-9xpj-jmr7"
"ash","3.4.4","GHSA-7r7f-9xpj-jmr7"
"ash","3.4.40","GHSA-7r7f-9xpj-jmr7"
"ash","3.4.41","GHSA-7r7f-9xpj-jmr7"
"ash","3.4.42","GHSA-7r7f-9xpj-jmr7"
"ash","3.4.43","GHSA-7r7f-9xpj-jmr7"
"ash","3.4.44","GHSA-7r7f-9xpj-jmr7"
"ash","3.4.45","GHSA-7r7f-9xpj-jmr7"
"ash","3.4.46","GHSA-7r7f-9xpj-jmr7"
"ash","3.4.47","GHSA-7r7f-9xpj-jmr7"
"ash","3.4.48","GHSA-7r7f-9xpj-jmr7"
"ash","3.4.49","GHSA-7r7f-9xpj-jmr7"
"ash","3.4.5","GHSA-7r7f-9xpj-jmr7"
"ash","3.4.50","GHSA-7r7f-9xpj-jmr7"
"ash","3.4.51","GHSA-7r7f-9xpj-jmr7"
"ash","3.4.52","GHSA-7r7f-9xpj-jmr7"
"ash","3.4.53","GHSA-7r7f-9xpj-jmr7"
"ash","3.4.54","GHSA-7r7f-9xpj-jmr7"
"ash","3.4.55","GHSA-7r7f-9xpj-jmr7"
"ash","3.4.56","GHSA-7r7f-9xpj-jmr7"
"ash","3.4.57","GHSA-7r7f-9xpj-jmr7"
"ash","3.4.58","GHSA-7r7f-9xpj-jmr7"
"ash","3.4.59","GHSA-7r7f-9xpj-jmr7"
"ash","3.4.6","GHSA-7r7f-9xpj-jmr7"
"ash","3.4.60","GHSA-7r7f-9xpj-jmr7"
"ash","3.4.61","GHSA-7r7f-9xpj-jmr7"
"ash","3.4.62","GHSA-7r7f-9xpj-jmr7"
"ash","3.4.63","GHSA-7r7f-9xpj-jmr7"
"ash","3.4.64","GHSA-7r7f-9xpj-jmr7"
"ash","3.4.65","GHSA-7r7f-9xpj-jmr7"
"ash","3.4.66","GHSA-7r7f-9xpj-jmr7"
"ash","3.4.67","GHSA-7r7f-9xpj-jmr7"
"ash","3.4.68","GHSA-7r7f-9xpj-jmr7"
"ash","3.4.69","GHSA-7r7f-9xpj-jmr7"
"ash","3.4.7","GHSA-7r7f-9xpj-jmr7"
"ash","3.4.70","GHSA-7r7f-9xpj-jmr7"
"ash","3.4.71","GHSA-7r7f-9xpj-jmr7"
"ash","3.4.72","GHSA-7r7f-9xpj-jmr7"
"ash","3.4.73","GHSA-7r7f-9xpj-jmr7"
"ash","3.4.74","GHSA-7r7f-9xpj-jmr7"
"ash","3.4.8","GHSA-7r7f-9xpj-jmr7"
"ash","3.4.9","GHSA-7r7f-9xpj-jmr7"
"ash","3.5.0","GHSA-7r7f-9xpj-jmr7"
"ash","3.5.1","GHSA-7r7f-9xpj-jmr7"
"ash","3.5.10","GHSA-7r7f-9xpj-jmr7"
"ash","3.5.11","GHSA-7r7f-9xpj-jmr7"
"ash","3.5.12","GHSA-7r7f-9xpj-jmr7"
"ash","3.5.13","GHSA-7r7f-9xpj-jmr7"
"ash","3.5.14","GHSA-7r7f-9xpj-jmr7"
"ash","3.5.15","GHSA-7r7f-9xpj-jmr7"
"ash","3.5.16","GHSA-7r7f-9xpj-jmr7"
"ash","3.5.17","GHSA-7r7f-9xpj-jmr7"
"ash","3.5.18","GHSA-7r7f-9xpj-jmr7"
"ash","3.5.19","GHSA-7r7f-9xpj-jmr7"
"ash","3.5.2","GHSA-7r7f-9xpj-jmr7"
"ash","3.5.20","GHSA-7r7f-9xpj-jmr7"
"ash","3.5.21","GHSA-7r7f-9xpj-jmr7"
"ash","3.5.22","GHSA-7r7f-9xpj-jmr7"
"ash","3.5.23","GHSA-7r7f-9xpj-jmr7"
"ash","3.5.24","GHSA-7r7f-9xpj-jmr7"
"ash","3.5.25","GHSA-7r7f-9xpj-jmr7"
"ash","3.5.26","GHSA-7r7f-9xpj-jmr7"
"ash","3.5.27","GHSA-7r7f-9xpj-jmr7"
"ash","3.5.28","GHSA-7r7f-9xpj-jmr7"
"ash","3.5.29","GHSA-7r7f-9xpj-jmr7"
"ash","3.5.3","GHSA-7r7f-9xpj-jmr7"
"ash","3.5.30","GHSA-7r7f-9xpj-jmr7"
"ash","3.5.31","GHSA-7r7f-9xpj-jmr7"
"ash","3.5.32","GHSA-7r7f-9xpj-jmr7"
"ash","3.5.33","GHSA-7r7f-9xpj-jmr7"
"ash","3.5.34","GHSA-7r7f-9xpj-jmr7"
"ash","3.5.35","GHSA-7r7f-9xpj-jmr7"
"ash","3.5.36","GHSA-7r7f-9xpj-jmr7"
"ash","3.5.37","GHSA-7r7f-9xpj-jmr7"
"ash","3.5.38","GHSA-7r7f-9xpj-jmr7"
"ash","3.5.39","GHSA-7r7f-9xpj-jmr7"
"ash","3.5.4","GHSA-7r7f-9xpj-jmr7"
"ash","3.5.40","GHSA-7r7f-9xpj-jmr7"
"ash","3.5.41","GHSA-7r7f-9xpj-jmr7"
"ash","3.5.42","GHSA-7r7f-9xpj-jmr7"
"ash","3.5.43","GHSA-7r7f-9xpj-jmr7"
"ash","3.5.5","GHSA-7r7f-9xpj-jmr7"
"ash","3.5.6","GHSA-7r7f-9xpj-jmr7"
"ash","3.5.7","GHSA-7r7f-9xpj-jmr7"
"ash","3.5.8","GHSA-7r7f-9xpj-jmr7"
"ash","3.5.9","GHSA-7r7f-9xpj-jmr7"
"ash","3.6.0","GHSA-7r7f-9xpj-jmr7"
"ash","3.6.1","GHSA-7r7f-9xpj-jmr7"
"phoenix_storybook","0.5.0","GHSA-833p-95jq-929q"
"phoenix_storybook","0.5.1","GHSA-833p-95jq-929q"
"phoenix_storybook","0.5.2","GHSA-833p-95jq-929q"
"phoenix_storybook","0.5.3","GHSA-833p-95jq-929q"
"phoenix_storybook","0.5.4","GHSA-833p-95jq-929q"
"phoenix_storybook","0.5.5","GHSA-833p-95jq-929q"
"phoenix_storybook","0.5.6","GHSA-833p-95jq-929q"
"phoenix_storybook","0.5.7","GHSA-833p-95jq-929q"
"phoenix_storybook","0.6.0","GHSA-833p-95jq-929q"
"phoenix_storybook","0.6.1","GHSA-833p-95jq-929q"
"phoenix_storybook","0.6.2","GHSA-833p-95jq-929q"
"phoenix_storybook","0.6.3","GHSA-833p-95jq-929q"
"phoenix_storybook","0.6.4","GHSA-833p-95jq-929q"
"phoenix_storybook","0.7.0","GHSA-833p-95jq-929q"
"phoenix_storybook","0.7.1","GHSA-833p-95jq-929q"
"phoenix_storybook","0.7.2","GHSA-833p-95jq-929q"
"phoenix_storybook","0.8.0","GHSA-833p-95jq-929q"
"phoenix_storybook","0.8.1","GHSA-833p-95jq-929q"
"phoenix_storybook","0.8.2","GHSA-833p-95jq-929q"
"phoenix_storybook","0.8.3","GHSA-833p-95jq-929q"
"phoenix_storybook","0.9.0","GHSA-833p-95jq-929q"
"phoenix_storybook","0.9.1","GHSA-833p-95jq-929q"
"phoenix_storybook","0.9.2","GHSA-833p-95jq-929q"
"phoenix_storybook","0.9.3","GHSA-833p-95jq-929q"
"phoenix_storybook","1.0.0","GHSA-833p-95jq-929q"
"cowlib","1.0.0","GHSA-84f2-rp86-235p"
"cowlib","1.0.1","GHSA-84f2-rp86-235p"
"cowlib","1.0.2","GHSA-84f2-rp86-235p"
"cowlib","1.1.0","GHSA-84f2-rp86-235p"
"cowlib","1.2.0","GHSA-84f2-rp86-235p"
"cowlib","1.3.0","GHSA-84f2-rp86-235p"
"cowlib","2.0.0","GHSA-84f2-rp86-235p"
"cowlib","2.0.1","GHSA-84f2-rp86-235p"
"cowlib","2.1.0","GHSA-84f2-rp86-235p"
"cowlib","2.10.0","GHSA-84f2-rp86-235p"
"cowlib","2.10.1","GHSA-84f2-rp86-235p"
"cowlib","2.11.0","GHSA-84f2-rp86-235p"
"cowlib","2.12.0","GHSA-84f2-rp86-235p"
"cowlib","2.12.1","GHSA-84f2-rp86-235p"
"cowlib","2.13.0","GHSA-84f2-rp86-235p"
"cowlib","2.14.0","GHSA-84f2-rp86-235p"
"cowlib","2.15.0","GHSA-84f2-rp86-235p"
"cowlib","2.16.0","GHSA-84f2-rp86-235p"
"cowlib","2.2.0","GHSA-84f2-rp86-235p"
"cowlib","2.2.1","GHSA-84f2-rp86-235p"
"cowlib","2.3.0","GHSA-84f2-rp86-235p"
"cowlib","2.4.0","GHSA-84f2-rp86-235p"
"cowlib","2.5.0","GHSA-84f2-rp86-235p"
"cowlib","2.5.1","GHSA-84f2-rp86-235p"
"cowlib","2.6.0","GHSA-84f2-rp86-235p"
"cowlib","2.7.0","GHSA-84f2-rp86-235p"
"cowlib","2.7.1","GHSA-84f2-rp86-235p"
"cowlib","2.7.2","GHSA-84f2-rp86-235p"
"cowlib","2.7.3","GHSA-84f2-rp86-235p"
"cowlib","2.8.0","GHSA-84f2-rp86-235p"
"cowlib","2.9.0","GHSA-84f2-rp86-235p"
"cowlib","2.9.1","GHSA-84f2-rp86-235p"
"wisp","0.1.0","GHSA-8645-p2v4-73r2"
"wisp","0.10.0","GHSA-8645-p2v4-73r2"
"wisp","0.11.0","GHSA-8645-p2v4-73r2"
"wisp","0.12.0","GHSA-8645-p2v4-73r2"
"wisp","0.13.0","GHSA-8645-p2v4-73r2"
"wisp","0.14.0","GHSA-8645-p2v4-73r2"
"wisp","0.15.0","GHSA-8645-p2v4-73r2"
"wisp","0.16.0","GHSA-8645-p2v4-73r2"
"wisp","0.2.0","GHSA-8645-p2v4-73r2"
"wisp","0.3.0","GHSA-8645-p2v4-73r2"
"wisp","0.4.0","GHSA-8645-p2v4-73r2"
"wisp","0.5.0","GHSA-8645-p2v4-73r2"
"wisp","0.6.0","GHSA-8645-p2v4-73r2"
"wisp","0.7.0","GHSA-8645-p2v4-73r2"
"wisp","0.8.0","GHSA-8645-p2v4-73r2"
"wisp","0.9.0","GHSA-8645-p2v4-73r2"
"wisp","1.0.0","GHSA-8645-p2v4-73r2"
"wisp","1.1.0","GHSA-8645-p2v4-73r2"
"wisp","1.2.0","GHSA-8645-p2v4-73r2"
"wisp","1.3.0","GHSA-8645-p2v4-73r2"
"wisp","1.4.0","GHSA-8645-p2v4-73r2"
"wisp","1.5.1","GHSA-8645-p2v4-73r2"
"wisp","1.5.2","GHSA-8645-p2v4-73r2"
"wisp","1.5.3","GHSA-8645-p2v4-73r2"
"wisp","1.6.0","GHSA-8645-p2v4-73r2"
"wisp","1.7.0","GHSA-8645-p2v4-73r2"
"wisp","1.8.0","GHSA-8645-p2v4-73r2"
"wisp","2.0.0","GHSA-8645-p2v4-73r2"
"wisp","2.0.0-rc1","GHSA-8645-p2v4-73r2"
"wisp","2.0.1","GHSA-8645-p2v4-73r2"
"wisp","2.1.0","GHSA-8645-p2v4-73r2"
"wisp","2.1.1","GHSA-8645-p2v4-73r2"
"wisp","2.2.0","GHSA-8645-p2v4-73r2"
"wisp","2.2.1","GHSA-8645-p2v4-73r2"
"ex_aws_sns","2.0.1","GHSA-8jgf-23q5-x7xx"
"ex_aws_sns","2.1.0","GHSA-8jgf-23q5-x7xx"
"ex_aws_sns","2.2.0","GHSA-8jgf-23q5-x7xx"
"ex_aws_sns","2.3.0","GHSA-8jgf-23q5-x7xx"
"ex_aws_sns","2.3.1","GHSA-8jgf-23q5-x7xx"
"ex_aws_sns","2.3.2","GHSA-8jgf-23q5-x7xx"
"ex_aws_sns","2.3.3","GHSA-8jgf-23q5-x7xx"
"ex_aws_sns","2.3.4","GHSA-8jgf-23q5-x7xx"
"hackney","2.0.0","GHSA-9653-rcfr-5c62"
"hackney","2.0.1","GHSA-9653-rcfr-5c62"
"hackney","3.0.0","GHSA-9653-rcfr-5c62"
"hackney","3.0.1","GHSA-9653-rcfr-5c62"
"hackney","3.0.2","GHSA-9653-rcfr-5c62"
"hackney","3.0.3","GHSA-9653-rcfr-5c62"
"hackney","3.1.0","GHSA-9653-rcfr-5c62"
"hackney","3.1.1","GHSA-9653-rcfr-5c62"
"hackney","3.1.2","GHSA-9653-rcfr-5c62"
"hackney","3.2.0","GHSA-9653-rcfr-5c62"
"hackney","3.2.1","GHSA-9653-rcfr-5c62"
"hackney","4.0.0","GHSA-9653-rcfr-5c62"
"hackney","0.13.1","GHSA-9fm9-hp7p-53mf"
"hackney","0.14.0","GHSA-9fm9-hp7p-53mf"
"hackney","0.14.1","GHSA-9fm9-hp7p-53mf"
"hackney","0.14.2","GHSA-9fm9-hp7p-53mf"
"hackney","0.14.3","GHSA-9fm9-hp7p-53mf"
"hackney","0.15.0","GHSA-9fm9-hp7p-53mf"
"hackney","0.15.2","GHSA-9fm9-hp7p-53mf"
"hackney","1.0.1","GHSA-9fm9-hp7p-53mf"
"hackney","1.0.2","GHSA-9fm9-hp7p-53mf"
"hackney","1.0.5","GHSA-9fm9-hp7p-53mf"
"hackney","1.0.6","GHSA-9fm9-hp7p-53mf"
"hackney","1.1.0","GHSA-9fm9-hp7p-53mf"
"hackney","1.10.0","GHSA-9fm9-hp7p-53mf"
"hackney","1.10.1","GHSA-9fm9-hp7p-53mf"
"hackney","1.11.0","GHSA-9fm9-hp7p-53mf"
"hackney","1.12.0","GHSA-9fm9-hp7p-53mf"
"hackney","1.12.1","GHSA-9fm9-hp7p-53mf"
"hackney","1.13.0","GHSA-9fm9-hp7p-53mf"
"hackney","1.14.0","GHSA-9fm9-hp7p-53mf"
"hackney","1.14.2","GHSA-9fm9-hp7p-53mf"
"hackney","1.14.3","GHSA-9fm9-hp7p-53mf"
"hackney","1.15.0","GHSA-9fm9-hp7p-53mf"
"hackney","1.15.1","GHSA-9fm9-hp7p-53mf"
"hackney","1.15.2","GHSA-9fm9-hp7p-53mf"
"hackney","1.16.0","GHSA-9fm9-hp7p-53mf"
"hackney","1.17.0","GHSA-9fm9-hp7p-53mf"
"hackney","1.17.1","GHSA-9fm9-hp7p-53mf"
"hackney","1.17.2","GHSA-9fm9-hp7p-53mf"
"hackney","1.17.3","GHSA-9fm9-hp7p-53mf"
"hackney","1.17.4","GHSA-9fm9-hp7p-53mf"
"hackney","1.18.0","GHSA-9fm9-hp7p-53mf"
"hackney","1.18.1","GHSA-9fm9-hp7p-53mf"
"hackney","1.18.2","GHSA-9fm9-hp7p-53mf"
"hackney","1.19.0","GHSA-9fm9-hp7p-53mf"
"hackney","1.19.1","GHSA-9fm9-hp7p-53mf"
"hackney","1.2.0","GHSA-9fm9-hp7p-53mf"
"hackney","1.20.0","GHSA-9fm9-hp7p-53mf"
"hackney","1.20.1","GHSA-9fm9-hp7p-53mf"
"hackney","1.21.0","GHSA-9fm9-hp7p-53mf"
"hackney","1.22.0","GHSA-9fm9-hp7p-53mf"
"hackney","1.23.0","GHSA-9fm9-hp7p-53mf"
"hackney","1.3.0","GHSA-9fm9-hp7p-53mf"
"hackney","1.3.1","GHSA-9fm9-hp7p-53mf"
"hackney","1.3.2","GHSA-9fm9-hp7p-53mf"
"hackney","1.4.0","GHSA-9fm9-hp7p-53mf"
"hackney","1.4.1","GHSA-9fm9-hp7p-53mf"
"hackney","1.4.10","GHSA-9fm9-hp7p-53mf"
"hackney","1.4.2","GHSA-9fm9-hp7p-53mf"
"hackney","1.4.3","GHSA-9fm9-hp7p-53mf"
"hackney","1.4.4","GHSA-9fm9-hp7p-53mf"
"hackney","1.4.5","GHSA-9fm9-hp7p-53mf"
"hackney","1.4.6","GHSA-9fm9-hp7p-53mf"
"hackney","1.4.7","GHSA-9fm9-hp7p-53mf"
"hackney","1.4.8","GHSA-9fm9-hp7p-53mf"
"hackney","1.5.0","GHSA-9fm9-hp7p-53mf"
"hackney","1.5.1","GHSA-9fm9-hp7p-53mf"
"hackney","1.5.2","GHSA-9fm9-hp7p-53mf"
"hackney","1.5.3","GHSA-9fm9-hp7p-53mf"
"hackney","1.5.4","GHSA-9fm9-hp7p-53mf"
"hackney","1.5.5","GHSA-9fm9-hp7p-53mf"
"hackney","1.5.6","GHSA-9fm9-hp7p-53mf"
"hackney","1.5.7","GHSA-9fm9-hp7p-53mf"
"hackney","1.6.0","GHSA-9fm9-hp7p-53mf"
"hackney","1.6.1","GHSA-9fm9-hp7p-53mf"
"hackney","1.6.2","GHSA-9fm9-hp7p-53mf"
"hackney","1.6.3","GHSA-9fm9-hp7p-53mf"
"hackney","1.6.4","GHSA-9fm9-hp7p-53mf"
"hackney","1.6.5","GHSA-9fm9-hp7p-53mf"
"hackney","1.6.6","GHSA-9fm9-hp7p-53mf"
"hackney","1.7.0","GHSA-9fm9-hp7p-53mf"
"hackney","1.7.1","GHSA-9fm9-hp7p-53mf"
"hackney","1.8.0","GHSA-9fm9-hp7p-53mf"
"hackney","1.8.2","GHSA-9fm9-hp7p-53mf"
"hackney","1.8.3","GHSA-9fm9-hp7p-53mf"
"hackney","1.8.4","GHSA-9fm9-hp7p-53mf"
"hackney","1.8.5","GHSA-9fm9-hp7p-53mf"
"hackney","1.8.6","GHSA-9fm9-hp7p-53mf"
"hackney","1.9.0","GHSA-9fm9-hp7p-53mf"
"plug","0.10.0","GHSA-9h73-w7ch-rh73"
"plug","0.11.0","GHSA-9h73-w7ch-rh73"
"plug","0.11.1","GHSA-9h73-w7ch-rh73"
"plug","0.11.2","GHSA-9h73-w7ch-rh73"
"plug","0.11.3","GHSA-9h73-w7ch-rh73"
"plug","0.12.0","GHSA-9h73-w7ch-rh73"
"plug","0.12.1","GHSA-9h73-w7ch-rh73"
"plug","0.12.2","GHSA-9h73-w7ch-rh73"
"plug","0.13.0","GHSA-9h73-w7ch-rh73"
"plug","0.13.1","GHSA-9h73-w7ch-rh73"
"plug","0.14.0","GHSA-9h73-w7ch-rh73"
"plug","0.4.1","GHSA-9h73-w7ch-rh73"
"plug","0.4.2","GHSA-9h73-w7ch-rh73"
"plug","0.4.3","GHSA-9h73-w7ch-rh73"
"plug","0.4.4","GHSA-9h73-w7ch-rh73"
"plug","0.5.0","GHSA-9h73-w7ch-rh73"
"plug","0.5.1","GHSA-9h73-w7ch-rh73"
"plug","0.5.2","GHSA-9h73-w7ch-rh73"
"plug","0.5.3","GHSA-9h73-w7ch-rh73"
"plug","0.6.0","GHSA-9h73-w7ch-rh73"
"plug","0.7.0","GHSA-9h73-w7ch-rh73"
"plug","0.8.0","GHSA-9h73-w7ch-rh73"
"plug","0.8.1","GHSA-9h73-w7ch-rh73"
"plug","0.8.2","GHSA-9h73-w7ch-rh73"
"plug","0.8.3","GHSA-9h73-w7ch-rh73"
"plug","0.8.4","GHSA-9h73-w7ch-rh73"
"plug","0.9.0","GHSA-9h73-w7ch-rh73"
"plug","1.0.0","GHSA-9h73-w7ch-rh73"
"plug","1.0.1","GHSA-9h73-w7ch-rh73"
"plug","1.0.2","GHSA-9h73-w7ch-rh73"
"plug","1.0.3","GHSA-9h73-w7ch-rh73"
"plug","1.0.4","GHSA-9h73-w7ch-rh73"
"plug","1.0.5","GHSA-9h73-w7ch-rh73"
"tesla","0.10.0","GHSA-9m9w-gxf7-rh8m"
"tesla","0.6.0","GHSA-9m9w-gxf7-rh8m"
"tesla","0.7.0","GHSA-9m9w-gxf7-rh8m"
"tesla","0.7.1","GHSA-9m9w-gxf7-rh8m"
"tesla","0.7.2","GHSA-9m9w-gxf7-rh8m"
"tesla","0.8.0","GHSA-9m9w-gxf7-rh8m"
"tesla","0.9.0","GHSA-9m9w-gxf7-rh8m"
"tesla","1.0.0","GHSA-9m9w-gxf7-rh8m"
"tesla","1.0.0-beta.1","GHSA-9m9w-gxf7-rh8m"
"tesla","1.1.0","GHSA-9m9w-gxf7-rh8m"
"tesla","1.10.0","GHSA-9m9w-gxf7-rh8m"
"tesla","1.10.1","GHSA-9m9w-gxf7-rh8m"
"tesla","1.10.2","GHSA-9m9w-gxf7-rh8m"
"tesla","1.10.3","GHSA-9m9w-gxf7-rh8m"
"tesla","1.11.0","GHSA-9m9w-gxf7-rh8m"
"tesla","1.11.1","GHSA-9m9w-gxf7-rh8m"
"tesla","1.11.2","GHSA-9m9w-gxf7-rh8m"
"tesla","1.12.0","GHSA-9m9w-gxf7-rh8m"
"tesla","1.12.1","GHSA-9m9w-gxf7-rh8m"
"tesla","1.12.2","GHSA-9m9w-gxf7-rh8m"
"tesla","1.12.3","GHSA-9m9w-gxf7-rh8m"
"tesla","1.13.0","GHSA-9m9w-gxf7-rh8m"
"tesla","1.13.1","GHSA-9m9w-gxf7-rh8m"
"tesla","1.13.2","GHSA-9m9w-gxf7-rh8m"
"tesla","1.14.0","GHSA-9m9w-gxf7-rh8m"
"tesla","1.14.1","GHSA-9m9w-gxf7-rh8m"
"tesla","1.14.2","GHSA-9m9w-gxf7-rh8m"
"tesla","1.14.3","GHSA-9m9w-gxf7-rh8m"
"tesla","1.15.0","GHSA-9m9w-gxf7-rh8m"
"tesla","1.15.1","GHSA-9m9w-gxf7-rh8m"
"tesla","1.15.2","GHSA-9m9w-gxf7-rh8m"
"tesla","1.15.3","GHSA-9m9w-gxf7-rh8m"
"tesla","1.16.0","GHSA-9m9w-gxf7-rh8m"
"tesla","1.17.0","GHSA-9m9w-gxf7-rh8m"
"tesla","1.18.0","GHSA-9m9w-gxf7-rh8m"
"tesla","1.18.1","GHSA-9m9w-gxf7-rh8m"
"tesla","1.18.2","GHSA-9m9w-gxf7-rh8m"
"tesla","1.2.0","GHSA-9m9w-gxf7-rh8m"
"tesla","1.2.1","GHSA-9m9w-gxf7-rh8m"
"tesla","1.3.0","GHSA-9m9w-gxf7-rh8m"
"tesla","1.3.1","GHSA-9m9w-gxf7-rh8m"
"tesla","1.3.2","GHSA-9m9w-gxf7-rh8m"
"tesla","1.3.3","GHSA-9m9w-gxf7-rh8m"
"tesla","1.4.0","GHSA-9m9w-gxf7-rh8m"
"tesla","1.4.1","GHSA-9m9w-gxf7-rh8m"
"tesla","1.4.2","GHSA-9m9w-gxf7-rh8m"
"tesla","1.4.3","GHSA-9m9w-gxf7-rh8m"
"tesla","1.4.4","GHSA-9m9w-gxf7-rh8m"
"tesla","1.5.0","GHSA-9m9w-gxf7-rh8m"
"tesla","1.5.1","GHSA-9m9w-gxf7-rh8m"
"tesla","1.6.0","GHSA-9m9w-gxf7-rh8m"
"tesla","1.6.1","GHSA-9m9w-gxf7-rh8m"
"tesla","1.7.0","GHSA-9m9w-gxf7-rh8m"
"tesla","1.8.0","GHSA-9m9w-gxf7-rh8m"
"tesla","1.8.1","GHSA-9m9w-gxf7-rh8m"
"tesla","1.9.0","GHSA-9m9w-gxf7-rh8m"
"jose","1.0.0","GHSA-9mg4-v392-8j68"
"jose","1.0.1","GHSA-9mg4-v392-8j68"
"jose","1.1.0","GHSA-9mg4-v392-8j68"
"jose","1.1.1","GHSA-9mg4-v392-8j68"
"jose","1.1.2","GHSA-9mg4-v392-8j68"
"jose","1.1.3","GHSA-9mg4-v392-8j68"
"jose","1.10.0","GHSA-9mg4-v392-8j68"
"jose","1.10.1","GHSA-9mg4-v392-8j68"
"jose","1.11.0","GHSA-9mg4-v392-8j68"
"jose","1.11.1","GHSA-9mg4-v392-8j68"
"jose","1.11.2","GHSA-9mg4-v392-8j68"
"jose","1.11.4","GHSA-9mg4-v392-8j68"
"jose","1.11.5","GHSA-9mg4-v392-8j68"
"jose","1.11.6","GHSA-9mg4-v392-8j68"
"jose","1.2.0","GHSA-9mg4-v392-8j68"
"jose","1.3.0","GHSA-9mg4-v392-8j68"
"jose","1.4.0","GHSA-9mg4-v392-8j68"
"jose","1.4.1","GHSA-9mg4-v392-8j68"
"jose","1.4.2","GHSA-9mg4-v392-8j68"
"jose","1.5.0","GHSA-9mg4-v392-8j68"
"jose","1.5.1","GHSA-9mg4-v392-8j68"
"jose","1.5.2","GHSA-9mg4-v392-8j68"
"jose","1.6.0","GHSA-9mg4-v392-8j68"
"jose","1.6.1","GHSA-9mg4-v392-8j68"
"jose","1.7.0","GHSA-9mg4-v392-8j68"
"jose","1.7.1","GHSA-9mg4-v392-8j68"
"jose","1.7.2","GHSA-9mg4-v392-8j68"
"jose","1.7.3","GHSA-9mg4-v392-8j68"
"jose","1.7.4","GHSA-9mg4-v392-8j68"
"jose","1.7.5","GHSA-9mg4-v392-8j68"
"jose","1.7.6","GHSA-9mg4-v392-8j68"
"jose","1.7.7","GHSA-9mg4-v392-8j68"
"jose","1.7.8","GHSA-9mg4-v392-8j68"
"jose","1.7.9","GHSA-9mg4-v392-8j68"
"jose","1.8.0","GHSA-9mg4-v392-8j68"
"jose","1.8.1","GHSA-9mg4-v392-8j68"
"jose","1.8.2","GHSA-9mg4-v392-8j68"
"jose","1.8.3","GHSA-9mg4-v392-8j68"
"jose","1.8.4","GHSA-9mg4-v392-8j68"
"jose","1.9.0","GHSA-9mg4-v392-8j68"
"absinthe","1.10.0","GHSA-9mhv-8h52-q7q2"
"absinthe","1.10.1","GHSA-9mhv-8h52-q7q2"
"absinthe","1.2.0","GHSA-9mhv-8h52-q7q2"
"absinthe","1.2.1","GHSA-9mhv-8h52-q7q2"
"absinthe","1.2.2","GHSA-9mhv-8h52-q7q2"
"absinthe","1.2.3","GHSA-9mhv-8h52-q7q2"
"absinthe","1.2.4","GHSA-9mhv-8h52-q7q2"
"absinthe","1.2.5","GHSA-9mhv-8h52-q7q2"
"absinthe","1.2.6","GHSA-9mhv-8h52-q7q2"
"absinthe","1.3.0","GHSA-9mhv-8h52-q7q2"
"absinthe","1.3.0-beta.0","GHSA-9mhv-8h52-q7q2"
"absinthe","1.3.0-beta.1","GHSA-9mhv-8h52-q7q2"
"absinthe","1.3.0-beta.2","GHSA-9mhv-8h52-q7q2"
"absinthe","1.3.0-rc.0","GHSA-9mhv-8h52-q7q2"
"absinthe","1.3.1","GHSA-9mhv-8h52-q7q2"
"absinthe","1.3.2","GHSA-9mhv-8h52-q7q2"
"absinthe","1.4.0","GHSA-9mhv-8h52-q7q2"
"absinthe","1.4.0-beta.1","GHSA-9mhv-8h52-q7q2"
"absinthe","1.4.0-beta.2","GHSA-9mhv-8h52-q7q2"
"absinthe","1.4.0-beta.3","GHSA-9mhv-8h52-q7q2"
"absinthe","1.4.0-beta.4","GHSA-9mhv-8h52-q7q2"
"absinthe","1.4.0-beta.5","GHSA-9mhv-8h52-q7q2"
"absinthe","1.4.0-rc.0","GHSA-9mhv-8h52-q7q2"
"absinthe","1.4.0-rc.1","GHSA-9mhv-8h52-q7q2"
"absinthe","1.4.0-rc.2","GHSA-9mhv-8h52-q7q2"
"absinthe","1.4.0-rc.3","GHSA-9mhv-8h52-q7q2"
"absinthe","1.4.1","GHSA-9mhv-8h52-q7q2"
"absinthe","1.4.10","GHSA-9mhv-8h52-q7q2"
"absinthe","1.4.11","GHSA-9mhv-8h52-q7q2"
"absinthe","1.4.12","GHSA-9mhv-8h52-q7q2"
"absinthe","1.4.13","GHSA-9mhv-8h52-q7q2"
"absinthe","1.4.14","GHSA-9mhv-8h52-q7q2"
"absinthe","1.4.15","GHSA-9mhv-8h52-q7q2"
"absinthe","1.4.16","GHSA-9mhv-8h52-q7q2"
"absinthe","1.4.2","GHSA-9mhv-8h52-q7q2"
"absinthe","1.4.3","GHSA-9mhv-8h52-q7q2"
"absinthe","1.4.4","GHSA-9mhv-8h52-q7q2"
"absinthe","1.4.5","GHSA-9mhv-8h52-q7q2"
"absinthe","1.4.6","GHSA-9mhv-8h52-q7q2"
"absinthe","1.4.7","GHSA-9mhv-8h52-q7q2"
"absinthe","1.4.8","GHSA-9mhv-8h52-q7q2"
"absinthe","1.4.9","GHSA-9mhv-8h52-q7q2"
"absinthe","1.5.0","GHSA-9mhv-8h52-q7q2"
"absinthe","1.5.0-alpha.0","GHSA-9mhv-8h52-q7q2"
"absinthe","1.5.0-alpha.1","GHSA-9mhv-8h52-q7q2"
"absinthe","1.5.0-alpha.2","GHSA-9mhv-8h52-q7q2"
"absinthe","1.5.0-alpha.3","GHSA-9mhv-8h52-q7q2"
"absinthe","1.5.0-alpha.4","GHSA-9mhv-8h52-q7q2"
"absinthe","1.5.0-beta.0","GHSA-9mhv-8h52-q7q2"
"absinthe","1.5.0-beta.1","GHSA-9mhv-8h52-q7q2"
"absinthe","1.5.0-beta.2","GHSA-9mhv-8h52-q7q2"
"absinthe","1.5.0-rc.0","GHSA-9mhv-8h52-q7q2"
"absinthe","1.5.0-rc.1","GHSA-9mhv-8h52-q7q2"
"absinthe","1.5.0-rc.2","GHSA-9mhv-8h52-q7q2"
"absinthe","1.5.0-rc.3","GHSA-9mhv-8h52-q7q2"
"absinthe","1.5.0-rc.4","GHSA-9mhv-8h52-q7q2"
"absinthe","1.5.0-rc.5","GHSA-9mhv-8h52-q7q2"
"absinthe","1.5.1","GHSA-9mhv-8h52-q7q2"
"absinthe","1.5.2","GHSA-9mhv-8h52-q7q2"
"absinthe","1.5.3","GHSA-9mhv-8h52-q7q2"
"absinthe","1.5.4","GHSA-9mhv-8h52-q7q2"
"absinthe","1.5.5","GHSA-9mhv-8h52-q7q2"
"absinthe","1.6.0","GHSA-9mhv-8h52-q7q2"
"absinthe","1.6.0-rc.0","GHSA-9mhv-8h52-q7q2"
"absinthe","1.6.0-rc.1","GHSA-9mhv-8h52-q7q2"
"absinthe","1.6.1","GHSA-9mhv-8h52-q7q2"
"absinthe","1.6.2","GHSA-9mhv-8h52-q7q2"
"absinthe","1.6.3","GHSA-9mhv-8h52-q7q2"
"absinthe","1.6.4","GHSA-9mhv-8h52-q7q2"
"absinthe","1.6.5","GHSA-9mhv-8h52-q7q2"
"absinthe","1.6.6","GHSA-9mhv-8h52-q7q2"
"absinthe","1.6.7","GHSA-9mhv-8h52-q7q2"
"absinthe","1.6.8","GHSA-9mhv-8h52-q7q2"
"absinthe","1.7.0","GHSA-9mhv-8h52-q7q2"
"absinthe","1.7.1","GHSA-9mhv-8h52-q7q2"
"absinthe","1.7.10","GHSA-9mhv-8h52-q7q2"
"absinthe","1.7.11","GHSA-9mhv-8h52-q7q2"
"absinthe","1.7.2","GHSA-9mhv-8h52-q7q2"
"absinthe","1.7.3","GHSA-9mhv-8h52-q7q2"
"absinthe","1.7.4","GHSA-9mhv-8h52-q7q2"
"absinthe","1.7.5","GHSA-9mhv-8h52-q7q2"
"absinthe","1.7.6","GHSA-9mhv-8h52-q7q2"
"absinthe","1.7.7","GHSA-9mhv-8h52-q7q2"
"absinthe","1.7.8","GHSA-9mhv-8h52-q7q2"
"absinthe","1.7.9","GHSA-9mhv-8h52-q7q2"
"absinthe","1.8.0","GHSA-9mhv-8h52-q7q2"
"absinthe","1.9.0","GHSA-9mhv-8h52-q7q2"
"absinthe","1.9.1","GHSA-9mhv-8h52-q7q2"
"rabbit_common","3.7.1","GHSA-9pf7-f47q-mwpq"
"rabbit_common","3.7.10-rc.1","GHSA-9pf7-f47q-mwpq"
"rabbit_common","3.7.10-rc.2","GHSA-9pf7-f47q-mwpq"
"rabbit_common","3.7.10-rc.3","GHSA-9pf7-f47q-mwpq"
"rabbit_common","3.7.10-rc.4","GHSA-9pf7-f47q-mwpq"
"rabbit_common","3.7.11","GHSA-9pf7-f47q-mwpq"
"rabbit_common","3.7.11-rc.1","GHSA-9pf7-f47q-mwpq"
"rabbit_common","3.7.11-rc.2","GHSA-9pf7-f47q-mwpq"
"rabbit_common","3.7.12","GHSA-9pf7-f47q-mwpq"
"rabbit_common","3.7.12-rc.1","GHSA-9pf7-f47q-mwpq"
"rabbit_common","3.7.12-rc.2","GHSA-9pf7-f47q-mwpq"
"rabbit_common","3.7.13","GHSA-9pf7-f47q-mwpq"
"rabbit_common","3.7.13-rc.1","GHSA-9pf7-f47q-mwpq"
"rabbit_common","3.7.13-rc.2","GHSA-9pf7-f47q-mwpq"
"rabbit_common","3.7.14","GHSA-9pf7-f47q-mwpq"
"rabbit_common","3.7.14-rc.1","GHSA-9pf7-f47q-mwpq"
"rabbit_common","3.7.14-rc.2","GHSA-9pf7-f47q-mwpq"
"rabbit_common","3.7.15","GHSA-9pf7-f47q-mwpq"
"rabbit_common","3.7.16","GHSA-9pf7-f47q-mwpq"
"rabbit_common","3.7.16-beta.1","GHSA-9pf7-f47q-mwpq"
"rabbit_common","3.7.16-rc.1","GHSA-9pf7-f47q-mwpq"
"rabbit_common","3.7.16-rc.2","GHSA-9pf7-f47q-mwpq"
"rabbit_common","3.7.16-rc.3","GHSA-9pf7-f47q-mwpq"
"rabbit_common","3.7.16-rc.4","GHSA-9pf7-f47q-mwpq"
"rabbit_common","3.7.17","GHSA-9pf7-f47q-mwpq"
"rabbit_common","3.7.17-rc.1","GHSA-9pf7-f47q-mwpq"
"rabbit_common","3.7.17-rc.2","GHSA-9pf7-f47q-mwpq"
"rabbit_common","3.7.17-rc.3","GHSA-9pf7-f47q-mwpq"
"rabbit_common","3.7.18","GHSA-9pf7-f47q-mwpq"
"rabbit_common","3.7.18-rc.1","GHSA-9pf7-f47q-mwpq"
"rabbit_common","3.7.19","GHSA-9pf7-f47q-mwpq"
"rabbit_common","3.7.2","GHSA-9pf7-f47q-mwpq"
"rabbit_common","3.7.20-rc.1","GHSA-9pf7-f47q-mwpq"
"rabbit_common","3.7.20-rc.2","GHSA-9pf7-f47q-mwpq"
"rabbit_common","3.7.3","GHSA-9pf7-f47q-mwpq"
"rabbit_common","3.7.3-rc.1","GHSA-9pf7-f47q-mwpq"
"rabbit_common","3.7.3-rc.2","GHSA-9pf7-f47q-mwpq"
"rabbit_common","3.7.4","GHSA-9pf7-f47q-mwpq"
"rabbit_common","3.7.4-rc.1","GHSA-9pf7-f47q-mwpq"
"rabbit_common","3.7.4-rc.2","GHSA-9pf7-f47q-mwpq"
"rabbit_common","3.7.4-rc.3","GHSA-9pf7-f47q-mwpq"
"rabbit_common","3.7.4-rc.4","GHSA-9pf7-f47q-mwpq"
"rabbit_common","3.7.5","GHSA-9pf7-f47q-mwpq"
"rabbit_common","3.7.5-rc.1","GHSA-9pf7-f47q-mwpq"
"rabbit_common","3.7.6","GHSA-9pf7-f47q-mwpq"
"rabbit_common","3.7.6-rc.1","GHSA-9pf7-f47q-mwpq"
"rabbit_common","3.7.6-rc.2","GHSA-9pf7-f47q-mwpq"
"rabbit_common","3.7.7","GHSA-9pf7-f47q-mwpq"
"rabbit_common","3.7.7-rc.1","GHSA-9pf7-f47q-mwpq"
"rabbit_common","3.7.7-rc.2","GHSA-9pf7-f47q-mwpq"
"rabbit_common","3.7.8","GHSA-9pf7-f47q-mwpq"
"rabbit_common","3.7.8-rc.1","GHSA-9pf7-f47q-mwpq"
"rabbit_common","3.7.8-rc.2","GHSA-9pf7-f47q-mwpq"
"rabbit_common","3.7.8-rc.3","GHSA-9pf7-f47q-mwpq"
"rabbit_common","3.7.8-rc.4","GHSA-9pf7-f47q-mwpq"
"rabbit_common","3.7.9","GHSA-9pf7-f47q-mwpq"
"rabbit_common","3.7.9-rc.2","GHSA-9pf7-f47q-mwpq"
"rabbit_common","3.7.9-rc.3","GHSA-9pf7-f47q-mwpq"
"bandit","1.10.0","GHSA-9q9q-324x-93r2"
"bandit","1.10.1","GHSA-9q9q-324x-93r2"
"bandit","1.10.2","GHSA-9q9q-324x-93r2"
"bandit","1.10.3","GHSA-9q9q-324x-93r2"
"bandit","1.10.4","GHSA-9q9q-324x-93r2"
"bandit","1.11.0","GHSA-9q9q-324x-93r2"
"bandit","1.4.0","GHSA-9q9q-324x-93r2"
"bandit","1.4.1","GHSA-9q9q-324x-93r2"
"bandit","1.4.2","GHSA-9q9q-324x-93r2"
"bandit","1.5.0","GHSA-9q9q-324x-93r2"
"bandit","1.5.1","GHSA-9q9q-324x-93r2"
"bandit","1.5.2","GHSA-9q9q-324x-93r2"
"bandit","1.5.3","GHSA-9q9q-324x-93r2"
"bandit","1.5.4","GHSA-9q9q-324x-93r2"
"bandit","1.5.5","GHSA-9q9q-324x-93r2"
"bandit","1.5.6","GHSA-9q9q-324x-93r2"
"bandit","1.5.7","GHSA-9q9q-324x-93r2"
"bandit","1.6.0","GHSA-9q9q-324x-93r2"
"bandit","1.6.1","GHSA-9q9q-324x-93r2"
"bandit","1.6.10","GHSA-9q9q-324x-93r2"
"bandit","1.6.11","GHSA-9q9q-324x-93r2"
"bandit","1.6.2","GHSA-9q9q-324x-93r2"
"bandit","1.6.3","GHSA-9q9q-324x-93r2"
"bandit","1.6.4","GHSA-9q9q-324x-93r2"
"bandit","1.6.5","GHSA-9q9q-324x-93r2"
"bandit","1.6.6","GHSA-9q9q-324x-93r2"
"bandit","1.6.7","GHSA-9q9q-324x-93r2"
"bandit","1.6.8","GHSA-9q9q-324x-93r2"
"bandit","1.6.9","GHSA-9q9q-324x-93r2"
"bandit","1.7.0","GHSA-9q9q-324x-93r2"
"bandit","1.8.0","GHSA-9q9q-324x-93r2"
"bandit","1.9.0","GHSA-9q9q-324x-93r2"
"ewe","0.10.0","GHSA-9w88-79f8-m3vp"
"ewe","0.6.0","GHSA-9w88-79f8-m3vp"
"ewe","0.7.0","GHSA-9w88-79f8-m3vp"
"ewe","0.8.0","GHSA-9w88-79f8-m3vp"
"ewe","0.8.1","GHSA-9w88-79f8-m3vp"
"ewe","0.9.0","GHSA-9w88-79f8-m3vp"
"ewe","1.0.0","GHSA-9w88-79f8-m3vp"
"ewe","1.0.0-rc1","GHSA-9w88-79f8-m3vp"
"ewe","1.0.0-rc2","GHSA-9w88-79f8-m3vp"
"ewe","1.0.1","GHSA-9w88-79f8-m3vp"
"ewe","2.0.0","GHSA-9w88-79f8-m3vp"
"ewe","2.0.1","GHSA-9w88-79f8-m3vp"
"ewe","2.0.2","GHSA-9w88-79f8-m3vp"
"ewe","2.0.3","GHSA-9w88-79f8-m3vp"
"ewe","2.1.0","GHSA-9w88-79f8-m3vp"
"ewe","2.1.1","GHSA-9w88-79f8-m3vp"
"ewe","2.1.2","GHSA-9w88-79f8-m3vp"
"ewe","2.1.3","GHSA-9w88-79f8-m3vp"
"ewe","3.0.0","GHSA-9w88-79f8-m3vp"
"ewe","3.0.1","GHSA-9w88-79f8-m3vp"
"ewe","3.0.2","GHSA-9w88-79f8-m3vp"
"ewe","3.0.3","GHSA-9w88-79f8-m3vp"
"ewe","3.0.4","GHSA-9w88-79f8-m3vp"
"absinthe_plug","1.2.0","GHSA-c62g-j346-39v5"
"absinthe_plug","1.2.2","GHSA-c62g-j346-39v5"
"absinthe_plug","1.2.3","GHSA-c62g-j346-39v5"
"absinthe_plug","1.2.4","GHSA-c62g-j346-39v5"
"absinthe_plug","1.2.5","GHSA-c62g-j346-39v5"
"absinthe_plug","1.3.0","GHSA-c62g-j346-39v5"
"absinthe_plug","1.3.0-alpha.0","GHSA-c62g-j346-39v5"
"absinthe_plug","1.3.0-beta.0","GHSA-c62g-j346-39v5"
"absinthe_plug","1.3.0-beta.1","GHSA-c62g-j346-39v5"
"absinthe_plug","1.3.0-rc.0","GHSA-c62g-j346-39v5"
"absinthe_plug","1.3.0-rc.1","GHSA-c62g-j346-39v5"
"absinthe_plug","1.3.1","GHSA-c62g-j346-39v5"
"absinthe_plug","1.4.0","GHSA-c62g-j346-39v5"
"absinthe_plug","1.4.0-beta.1","GHSA-c62g-j346-39v5"
"absinthe_plug","1.4.0-beta.2","GHSA-c62g-j346-39v5"
"absinthe_plug","1.4.0-rc.0","GHSA-c62g-j346-39v5"
"absinthe_plug","1.4.0-rc.1","GHSA-c62g-j346-39v5"
"absinthe_plug","1.4.0-rc.2","GHSA-c62g-j346-39v5"
"absinthe_plug","1.4.1","GHSA-c62g-j346-39v5"
"absinthe_plug","1.4.2","GHSA-c62g-j346-39v5"
"absinthe_plug","1.4.3","GHSA-c62g-j346-39v5"
"absinthe_plug","1.4.4","GHSA-c62g-j346-39v5"
"absinthe_plug","1.4.5","GHSA-c62g-j346-39v5"
"absinthe_plug","1.4.6","GHSA-c62g-j346-39v5"
"absinthe_plug","1.4.7","GHSA-c62g-j346-39v5"
"absinthe_plug","1.5.0","GHSA-c62g-j346-39v5"
"absinthe_plug","1.5.0-alpha.0","GHSA-c62g-j346-39v5"
"absinthe_plug","1.5.0-rc.0","GHSA-c62g-j346-39v5"
"absinthe_plug","1.5.0-rc.1","GHSA-c62g-j346-39v5"
"absinthe_plug","1.5.0-rc.2","GHSA-c62g-j346-39v5"
"absinthe_plug","1.5.1","GHSA-c62g-j346-39v5"
"absinthe_plug","1.5.2","GHSA-c62g-j346-39v5"
"absinthe_plug","1.5.3","GHSA-c62g-j346-39v5"
"absinthe_plug","1.5.4","GHSA-c62g-j346-39v5"
"absinthe_plug","1.5.5","GHSA-c62g-j346-39v5"
"absinthe_plug","1.5.6","GHSA-c62g-j346-39v5"
"absinthe_plug","1.5.7","GHSA-c62g-j346-39v5"
"absinthe_plug","1.5.8","GHSA-c62g-j346-39v5"
"absinthe_plug","1.5.9","GHSA-c62g-j346-39v5"
"bandit","0.1.0","GHSA-c67r-gc9j-2qf7"
"bandit","0.1.1","GHSA-c67r-gc9j-2qf7"
"bandit","0.2.0","GHSA-c67r-gc9j-2qf7"
"bandit","0.2.1","GHSA-c67r-gc9j-2qf7"
"bandit","0.2.2","GHSA-c67r-gc9j-2qf7"
"bandit","0.2.3","GHSA-c67r-gc9j-2qf7"
"bandit","0.3.2","GHSA-c67r-gc9j-2qf7"
"bandit","0.3.3","GHSA-c67r-gc9j-2qf7"
"bandit","0.3.4","GHSA-c67r-gc9j-2qf7"
"bandit","0.3.5","GHSA-c67r-gc9j-2qf7"
"bandit","0.3.6","GHSA-c67r-gc9j-2qf7"
"bandit","0.3.7","GHSA-c67r-gc9j-2qf7"
"bandit","0.3.8","GHSA-c67r-gc9j-2qf7"
"bandit","0.3.9","GHSA-c67r-gc9j-2qf7"
"bandit","0.4.0","GHSA-c67r-gc9j-2qf7"
"bandit","0.4.1","GHSA-c67r-gc9j-2qf7"
"bandit","0.4.10","GHSA-c67r-gc9j-2qf7"
"bandit","0.4.2","GHSA-c67r-gc9j-2qf7"
"bandit","0.4.3","GHSA-c67r-gc9j-2qf7"
"bandit","0.4.4","GHSA-c67r-gc9j-2qf7"
"bandit","0.4.5","GHSA-c67r-gc9j-2qf7"
"bandit","0.4.6","GHSA-c67r-gc9j-2qf7"
"bandit","0.4.7","GHSA-c67r-gc9j-2qf7"
"bandit","0.4.8","GHSA-c67r-gc9j-2qf7"
"bandit","0.4.9","GHSA-c67r-gc9j-2qf7"
"bandit","0.5.0","GHSA-c67r-gc9j-2qf7"
"bandit","0.5.1","GHSA-c67r-gc9j-2qf7"
"bandit","0.5.10","GHSA-c67r-gc9j-2qf7"
"bandit","0.5.11","GHSA-c67r-gc9j-2qf7"
"bandit","0.5.2","GHSA-c67r-gc9j-2qf7"
"bandit","0.5.3","GHSA-c67r-gc9j-2qf7"
"bandit","0.5.4","GHSA-c67r-gc9j-2qf7"
"bandit","0.5.5","GHSA-c67r-gc9j-2qf7"
"bandit","0.5.6","GHSA-c67r-gc9j-2qf7"
"bandit","0.5.7","GHSA-c67r-gc9j-2qf7"
"bandit","0.5.8","GHSA-c67r-gc9j-2qf7"
"bandit","0.5.9","GHSA-c67r-gc9j-2qf7"
"bandit","0.6.0","GHSA-c67r-gc9j-2qf7"
"bandit","0.6.1","GHSA-c67r-gc9j-2qf7"
"bandit","0.6.10","GHSA-c67r-gc9j-2qf7"
"bandit","0.6.11","GHSA-c67r-gc9j-2qf7"
"bandit","0.6.2","GHSA-c67r-gc9j-2qf7"
"bandit","0.6.3","GHSA-c67r-gc9j-2qf7"
"bandit","0.6.4","GHSA-c67r-gc9j-2qf7"
"bandit","0.6.5","GHSA-c67r-gc9j-2qf7"
"bandit","0.6.6","GHSA-c67r-gc9j-2qf7"
"bandit","0.6.7","GHSA-c67r-gc9j-2qf7"
"bandit","0.6.8","GHSA-c67r-gc9j-2qf7"
"bandit","0.6.9","GHSA-c67r-gc9j-2qf7"
"bandit","0.7.0","GHSA-c67r-gc9j-2qf7"
"bandit","0.7.1","GHSA-c67r-gc9j-2qf7"
"bandit","0.7.2","GHSA-c67r-gc9j-2qf7"
"bandit","0.7.3","GHSA-c67r-gc9j-2qf7"
"bandit","0.7.4","GHSA-c67r-gc9j-2qf7"
"bandit","0.7.5","GHSA-c67r-gc9j-2qf7"
"bandit","0.7.6","GHSA-c67r-gc9j-2qf7"
"bandit","0.7.7","GHSA-c67r-gc9j-2qf7"
"bandit","1.0.0","GHSA-c67r-gc9j-2qf7"
"bandit","1.0.0-pre.1","GHSA-c67r-gc9j-2qf7"
"bandit","1.0.0-pre.10","GHSA-c67r-gc9j-2qf7"
"bandit","1.0.0-pre.11","GHSA-c67r-gc9j-2qf7"
"bandit","1.0.0-pre.12","GHSA-c67r-gc9j-2qf7"
"bandit","1.0.0-pre.13","GHSA-c67r-gc9j-2qf7"
"bandit","1.0.0-pre.14","GHSA-c67r-gc9j-2qf7"
"bandit","1.0.0-pre.15","GHSA-c67r-gc9j-2qf7"
"bandit","1.0.0-pre.16","GHSA-c67r-gc9j-2qf7"
"bandit","1.0.0-pre.17","GHSA-c67r-gc9j-2qf7"
"bandit","1.0.0-pre.18","GHSA-c67r-gc9j-2qf7"
"bandit","1.0.0-pre.2","GHSA-c67r-gc9j-2qf7"
"bandit","1.0.0-pre.3","GHSA-c67r-gc9j-2qf7"
"bandit","1.0.0-pre.4","GHSA-c67r-gc9j-2qf7"
"bandit","1.0.0-pre.5","GHSA-c67r-gc9j-2qf7"
"bandit","1.0.0-pre.6","GHSA-c67r-gc9j-2qf7"
"bandit","1.0.0-pre.7","GHSA-c67r-gc9j-2qf7"
"bandit","1.0.0-pre.8","GHSA-c67r-gc9j-2qf7"
"bandit","1.0.0-pre.9","GHSA-c67r-gc9j-2qf7"
"bandit","1.1.0","GHSA-c67r-gc9j-2qf7"
"bandit","1.1.1","GHSA-c67r-gc9j-2qf7"
"bandit","1.1.2","GHSA-c67r-gc9j-2qf7"
"bandit","1.1.3","GHSA-c67r-gc9j-2qf7"
"bandit","1.10.0","GHSA-c67r-gc9j-2qf7"
"bandit","1.10.1","GHSA-c67r-gc9j-2qf7"
"bandit","1.10.2","GHSA-c67r-gc9j-2qf7"
"bandit","1.10.3","GHSA-c67r-gc9j-2qf7"
"bandit","1.10.4","GHSA-c67r-gc9j-2qf7"
"bandit","1.2.0","GHSA-c67r-gc9j-2qf7"
"bandit","1.2.1","GHSA-c67r-gc9j-2qf7"
"bandit","1.2.2","GHSA-c67r-gc9j-2qf7"
"bandit","1.2.3","GHSA-c67r-gc9j-2qf7"
"bandit","1.3.0","GHSA-c67r-gc9j-2qf7"
"bandit","1.4.0","GHSA-c67r-gc9j-2qf7"
"bandit","1.4.1","GHSA-c67r-gc9j-2qf7"
"bandit","1.4.2","GHSA-c67r-gc9j-2qf7"
"bandit","1.5.0","GHSA-c67r-gc9j-2qf7"
"bandit","1.5.1","GHSA-c67r-gc9j-2qf7"
"bandit","1.5.2","GHSA-c67r-gc9j-2qf7"
"bandit","1.5.3","GHSA-c67r-gc9j-2qf7"
"bandit","1.5.4","GHSA-c67r-gc9j-2qf7"
"bandit","1.5.5","GHSA-c67r-gc9j-2qf7"
"bandit","1.5.6","GHSA-c67r-gc9j-2qf7"
"bandit","1.5.7","GHSA-c67r-gc9j-2qf7"
"bandit","1.6.0","GHSA-c67r-gc9j-2qf7"
"bandit","1.6.1","GHSA-c67r-gc9j-2qf7"
"bandit","1.6.10","GHSA-c67r-gc9j-2qf7"
"bandit","1.6.11","GHSA-c67r-gc9j-2qf7"
"bandit","1.6.2","GHSA-c67r-gc9j-2qf7"
"bandit","1.6.3","GHSA-c67r-gc9j-2qf7"
"bandit","1.6.4","GHSA-c67r-gc9j-2qf7"
"bandit","1.6.5","GHSA-c67r-gc9j-2qf7"
"bandit","1.6.6","GHSA-c67r-gc9j-2qf7"
"bandit","1.6.7","GHSA-c67r-gc9j-2qf7"
"bandit","1.6.8","GHSA-c67r-gc9j-2qf7"
"bandit","1.6.9","GHSA-c67r-gc9j-2qf7"
"bandit","1.7.0","GHSA-c67r-gc9j-2qf7"
"bandit","1.8.0","GHSA-c67r-gc9j-2qf7"
"bandit","1.9.0","GHSA-c67r-gc9j-2qf7"
"phoenix","0.1.0","GHSA-cmfh-8f8r-fj96"
"phoenix","0.10.0","GHSA-cmfh-8f8r-fj96"
"phoenix","0.11.0","GHSA-cmfh-8f8r-fj96"
"phoenix","0.12.0","GHSA-cmfh-8f8r-fj96"
"phoenix","0.13.0","GHSA-cmfh-8f8r-fj96"
"phoenix","0.13.1","GHSA-cmfh-8f8r-fj96"
"phoenix","0.14.0","GHSA-cmfh-8f8r-fj96"
"phoenix","0.15.0","GHSA-cmfh-8f8r-fj96"
"phoenix","0.16.0","GHSA-cmfh-8f8r-fj96"
"phoenix","0.16.1","GHSA-cmfh-8f8r-fj96"
"phoenix","0.17.0","GHSA-cmfh-8f8r-fj96"
"phoenix","0.17.1","GHSA-cmfh-8f8r-fj96"
"phoenix","0.2.0","GHSA-cmfh-8f8r-fj96"
"phoenix","0.2.1","GHSA-cmfh-8f8r-fj96"
"phoenix","0.2.10","GHSA-cmfh-8f8r-fj96"
"phoenix","0.2.11","GHSA-cmfh-8f8r-fj96"
"phoenix","0.2.2","GHSA-cmfh-8f8r-fj96"
"phoenix","0.2.3","GHSA-cmfh-8f8r-fj96"
"phoenix","0.2.4","GHSA-cmfh-8f8r-fj96"
"phoenix","0.2.5","GHSA-cmfh-8f8r-fj96"
"phoenix","0.2.6","GHSA-cmfh-8f8r-fj96"
"phoenix","0.2.7","GHSA-cmfh-8f8r-fj96"
"phoenix","0.2.8","GHSA-cmfh-8f8r-fj96"
"phoenix","0.2.9","GHSA-cmfh-8f8r-fj96"
"phoenix","0.3.0","GHSA-cmfh-8f8r-fj96"
"phoenix","0.3.1","GHSA-cmfh-8f8r-fj96"
"phoenix","0.4.0","GHSA-cmfh-8f8r-fj96"
"phoenix","0.4.1","GHSA-cmfh-8f8r-fj96"
"phoenix","0.5.0","GHSA-cmfh-8f8r-fj96"
"phoenix","0.6.0","GHSA-cmfh-8f8r-fj96"
"phoenix","0.6.1","GHSA-cmfh-8f8r-fj96"
"phoenix","0.6.2","GHSA-cmfh-8f8r-fj96"
"phoenix","0.7.0","GHSA-cmfh-8f8r-fj96"
"phoenix","0.7.1","GHSA-cmfh-8f8r-fj96"
"phoenix","0.7.2","GHSA-cmfh-8f8r-fj96"
"phoenix","0.8.0","GHSA-cmfh-8f8r-fj96"
"phoenix","0.9.0","GHSA-cmfh-8f8r-fj96"
"phoenix","1.0.0","GHSA-cmfh-8f8r-fj96"
"phoenix","1.0.1","GHSA-cmfh-8f8r-fj96"
"phoenix","1.0.2","GHSA-cmfh-8f8r-fj96"
"phoenix","1.0.3","GHSA-cmfh-8f8r-fj96"
"phoenix","1.0.4","GHSA-cmfh-8f8r-fj96"
"phoenix","1.0.5","GHSA-cmfh-8f8r-fj96"
"ash_authentication_phoenix","1.0.0","GHSA-f7gq-h8jv-h3cq"
"ash_authentication_phoenix","1.0.1","GHSA-f7gq-h8jv-h3cq"
"ash_authentication_phoenix","1.1.0","GHSA-f7gq-h8jv-h3cq"
"ash_authentication_phoenix","1.2.0","GHSA-f7gq-h8jv-h3cq"
"ash_authentication_phoenix","1.3.0","GHSA-f7gq-h8jv-h3cq"
"ash_authentication_phoenix","1.3.1","GHSA-f7gq-h8jv-h3cq"
"ash_authentication_phoenix","1.4.0","GHSA-f7gq-h8jv-h3cq"
"ash_authentication_phoenix","1.4.1","GHSA-f7gq-h8jv-h3cq"
"ash_authentication_phoenix","1.4.2","GHSA-f7gq-h8jv-h3cq"
"ash_authentication_phoenix","1.4.3","GHSA-f7gq-h8jv-h3cq"
"ash_authentication_phoenix","1.4.4","GHSA-f7gq-h8jv-h3cq"
"ash_authentication_phoenix","1.4.5","GHSA-f7gq-h8jv-h3cq"
"ash_authentication_phoenix","1.4.6","GHSA-f7gq-h8jv-h3cq"
"ash_authentication_phoenix","1.4.7","GHSA-f7gq-h8jv-h3cq"
"ash_authentication_phoenix","1.4.8","GHSA-f7gq-h8jv-h3cq"
"ash_authentication_phoenix","1.5.0","GHSA-f7gq-h8jv-h3cq"
"ash_authentication_phoenix","1.5.1","GHSA-f7gq-h8jv-h3cq"
"ash_authentication_phoenix","1.6.0","GHSA-f7gq-h8jv-h3cq"
"ash_authentication_phoenix","1.6.1","GHSA-f7gq-h8jv-h3cq"
"ash_authentication_phoenix","1.6.2","GHSA-f7gq-h8jv-h3cq"
"ash_authentication_phoenix","1.6.3","GHSA-f7gq-h8jv-h3cq"
"ash_authentication_phoenix","1.6.4","GHSA-f7gq-h8jv-h3cq"
"ash_authentication_phoenix","1.6.5","GHSA-f7gq-h8jv-h3cq"
"ash_authentication_phoenix","1.6.6","GHSA-f7gq-h8jv-h3cq"
"ash_authentication_phoenix","1.7.0","GHSA-f7gq-h8jv-h3cq"
"ash_authentication_phoenix","1.7.1","GHSA-f7gq-h8jv-h3cq"
"ash_authentication_phoenix","1.7.2","GHSA-f7gq-h8jv-h3cq"
"ash_authentication_phoenix","1.7.3","GHSA-f7gq-h8jv-h3cq"
"ash_authentication_phoenix","1.8.0","GHSA-f7gq-h8jv-h3cq"
"ash_authentication_phoenix","1.8.1","GHSA-f7gq-h8jv-h3cq"
"ash_authentication_phoenix","1.8.2","GHSA-f7gq-h8jv-h3cq"
"ash_authentication_phoenix","1.8.3","GHSA-f7gq-h8jv-h3cq"
"ash_authentication_phoenix","1.8.4","GHSA-f7gq-h8jv-h3cq"
"ash_authentication_phoenix","1.8.5","GHSA-f7gq-h8jv-h3cq"
"ash_authentication_phoenix","1.8.6","GHSA-f7gq-h8jv-h3cq"
"ash_authentication_phoenix","1.8.7","GHSA-f7gq-h8jv-h3cq"
"ash_authentication_phoenix","1.9.0","GHSA-f7gq-h8jv-h3cq"
"ash_authentication_phoenix","1.9.1","GHSA-f7gq-h8jv-h3cq"
"ash_authentication_phoenix","1.9.2","GHSA-f7gq-h8jv-h3cq"
"ash_authentication_phoenix","1.9.3","GHSA-f7gq-h8jv-h3cq"
"ash_authentication_phoenix","1.9.4","GHSA-f7gq-h8jv-h3cq"
"ash_authentication_phoenix","2.0.0","GHSA-f7gq-h8jv-h3cq"
"ash_authentication_phoenix","2.0.0-rc.0","GHSA-f7gq-h8jv-h3cq"
"ash_authentication_phoenix","2.0.0-rc.1","GHSA-f7gq-h8jv-h3cq"
"ash_authentication_phoenix","2.0.0-rc.2","GHSA-f7gq-h8jv-h3cq"
"ash_authentication_phoenix","2.0.1","GHSA-f7gq-h8jv-h3cq"
"ash_authentication_phoenix","2.0.2","GHSA-f7gq-h8jv-h3cq"
"ash_authentication_phoenix","2.1.0","GHSA-f7gq-h8jv-h3cq"
"ash_authentication_phoenix","2.1.1","GHSA-f7gq-h8jv-h3cq"
"ash_authentication_phoenix","2.1.10","GHSA-f7gq-h8jv-h3cq"
"ash_authentication_phoenix","2.1.11","GHSA-f7gq-h8jv-h3cq"
"ash_authentication_phoenix","2.1.2","GHSA-f7gq-h8jv-h3cq"
"ash_authentication_phoenix","2.1.3","GHSA-f7gq-h8jv-h3cq"
"ash_authentication_phoenix","2.1.4","GHSA-f7gq-h8jv-h3cq"
"ash_authentication_phoenix","2.1.5","GHSA-f7gq-h8jv-h3cq"
"ash_authentication_phoenix","2.1.6","GHSA-f7gq-h8jv-h3cq"
"ash_authentication_phoenix","2.1.7","GHSA-f7gq-h8jv-h3cq"
"ash_authentication_phoenix","2.1.8","GHSA-f7gq-h8jv-h3cq"
"ash_authentication_phoenix","2.1.9","GHSA-f7gq-h8jv-h3cq"
"ash_authentication_phoenix","2.2.0","GHSA-f7gq-h8jv-h3cq"
"ash_authentication_phoenix","2.2.1","GHSA-f7gq-h8jv-h3cq"
"ash_authentication_phoenix","2.3.0","GHSA-f7gq-h8jv-h3cq"
"ash_authentication_phoenix","2.4.0","GHSA-f7gq-h8jv-h3cq"
"ash_authentication_phoenix","2.4.1","GHSA-f7gq-h8jv-h3cq"
"ash_authentication_phoenix","2.4.2","GHSA-f7gq-h8jv-h3cq"
"ash_authentication_phoenix","2.4.3","GHSA-f7gq-h8jv-h3cq"
"ash_authentication_phoenix","2.4.4","GHSA-f7gq-h8jv-h3cq"
"ash_authentication_phoenix","2.4.5","GHSA-f7gq-h8jv-h3cq"
"ash_authentication_phoenix","2.4.6","GHSA-f7gq-h8jv-h3cq"
"ash_authentication_phoenix","2.4.7","GHSA-f7gq-h8jv-h3cq"
"ash_authentication_phoenix","2.4.8","GHSA-f7gq-h8jv-h3cq"
"ash_authentication_phoenix","2.5.0","GHSA-f7gq-h8jv-h3cq"
"ash_authentication_phoenix","2.5.1","GHSA-f7gq-h8jv-h3cq"
"ash_authentication_phoenix","2.5.2","GHSA-f7gq-h8jv-h3cq"
"ash_authentication_phoenix","2.5.3","GHSA-f7gq-h8jv-h3cq"
"ash_authentication_phoenix","2.5.4","GHSA-f7gq-h8jv-h3cq"
"ash_authentication_phoenix","2.6.0","GHSA-f7gq-h8jv-h3cq"
"ash_authentication_phoenix","2.6.1","GHSA-f7gq-h8jv-h3cq"
"ash_authentication_phoenix","2.6.2","GHSA-f7gq-h8jv-h3cq"
"ash_authentication_phoenix","2.6.3","GHSA-f7gq-h8jv-h3cq"
"ash_authentication_phoenix","2.7.0","GHSA-f7gq-h8jv-h3cq"
"ash_authentication_phoenix","2.8.0","GHSA-f7gq-h8jv-h3cq"
"ash_authentication_phoenix","2.9.0","GHSA-f7gq-h8jv-h3cq"
"hackney","2.0.0","GHSA-f9vr-g2g2-x9fg"
"hackney","2.0.1","GHSA-f9vr-g2g2-x9fg"
"hackney","3.0.0","GHSA-f9vr-g2g2-x9fg"
"hackney","3.0.1","GHSA-f9vr-g2g2-x9fg"
"hackney","3.0.2","GHSA-f9vr-g2g2-x9fg"
"hackney","3.0.3","GHSA-f9vr-g2g2-x9fg"
"hackney","3.1.0","GHSA-f9vr-g2g2-x9fg"
"hackney","3.1.1","GHSA-f9vr-g2g2-x9fg"
"hackney","3.1.2","GHSA-f9vr-g2g2-x9fg"
"hackney","3.2.0","GHSA-f9vr-g2g2-x9fg"
"hackney","3.2.1","GHSA-f9vr-g2g2-x9fg"
"hackney","4.0.0","GHSA-f9vr-g2g2-x9fg"
"bandit","0.5.10","GHSA-frh3-6pv6-rc8j"
"bandit","0.5.11","GHSA-frh3-6pv6-rc8j"
"bandit","0.5.8","GHSA-frh3-6pv6-rc8j"
"bandit","0.5.9","GHSA-frh3-6pv6-rc8j"
"bandit","0.6.0","GHSA-frh3-6pv6-rc8j"
"bandit","0.6.1","GHSA-frh3-6pv6-rc8j"
"bandit","0.6.10","GHSA-frh3-6pv6-rc8j"
"bandit","0.6.11","GHSA-frh3-6pv6-rc8j"
"bandit","0.6.2","GHSA-frh3-6pv6-rc8j"
"bandit","0.6.3","GHSA-frh3-6pv6-rc8j"
"bandit","0.6.4","GHSA-frh3-6pv6-rc8j"
"bandit","0.6.5","GHSA-frh3-6pv6-rc8j"
"bandit","0.6.6","GHSA-frh3-6pv6-rc8j"
"bandit","0.6.7","GHSA-frh3-6pv6-rc8j"
"bandit","0.6.8","GHSA-frh3-6pv6-rc8j"
"bandit","0.6.9","GHSA-frh3-6pv6-rc8j"
"bandit","0.7.0","GHSA-frh3-6pv6-rc8j"
"bandit","0.7.1","GHSA-frh3-6pv6-rc8j"
"bandit","0.7.2","GHSA-frh3-6pv6-rc8j"
"bandit","0.7.3","GHSA-frh3-6pv6-rc8j"
"bandit","0.7.4","GHSA-frh3-6pv6-rc8j"
"bandit","0.7.5","GHSA-frh3-6pv6-rc8j"
"bandit","0.7.6","GHSA-frh3-6pv6-rc8j"
"bandit","0.7.7","GHSA-frh3-6pv6-rc8j"
"bandit","1.0.0","GHSA-frh3-6pv6-rc8j"
"bandit","1.0.0-pre.1","GHSA-frh3-6pv6-rc8j"
"bandit","1.0.0-pre.10","GHSA-frh3-6pv6-rc8j"
"bandit","1.0.0-pre.11","GHSA-frh3-6pv6-rc8j"
"bandit","1.0.0-pre.12","GHSA-frh3-6pv6-rc8j"
"bandit","1.0.0-pre.13","GHSA-frh3-6pv6-rc8j"
"bandit","1.0.0-pre.14","GHSA-frh3-6pv6-rc8j"
"bandit","1.0.0-pre.15","GHSA-frh3-6pv6-rc8j"
"bandit","1.0.0-pre.16","GHSA-frh3-6pv6-rc8j"
"bandit","1.0.0-pre.17","GHSA-frh3-6pv6-rc8j"
"bandit","1.0.0-pre.18","GHSA-frh3-6pv6-rc8j"
"bandit","1.0.0-pre.2","GHSA-frh3-6pv6-rc8j"
"bandit","1.0.0-pre.3","GHSA-frh3-6pv6-rc8j"
"bandit","1.0.0-pre.4","GHSA-frh3-6pv6-rc8j"
"bandit","1.0.0-pre.5","GHSA-frh3-6pv6-rc8j"
"bandit","1.0.0-pre.6","GHSA-frh3-6pv6-rc8j"
"bandit","1.0.0-pre.7","GHSA-frh3-6pv6-rc8j"
"bandit","1.0.0-pre.8","GHSA-frh3-6pv6-rc8j"
"bandit","1.0.0-pre.9","GHSA-frh3-6pv6-rc8j"
"bandit","1.1.0","GHSA-frh3-6pv6-rc8j"
"bandit","1.1.1","GHSA-frh3-6pv6-rc8j"
"bandit","1.1.2","GHSA-frh3-6pv6-rc8j"
"bandit","1.1.3","GHSA-frh3-6pv6-rc8j"
"bandit","1.10.0","GHSA-frh3-6pv6-rc8j"
"bandit","1.10.1","GHSA-frh3-6pv6-rc8j"
"bandit","1.10.2","GHSA-frh3-6pv6-rc8j"
"bandit","1.10.3","GHSA-frh3-6pv6-rc8j"
"bandit","1.10.4","GHSA-frh3-6pv6-rc8j"
"bandit","1.2.0","GHSA-frh3-6pv6-rc8j"
"bandit","1.2.1","GHSA-frh3-6pv6-rc8j"
"bandit","1.2.2","GHSA-frh3-6pv6-rc8j"
"bandit","1.2.3","GHSA-frh3-6pv6-rc8j"
"bandit","1.3.0","GHSA-frh3-6pv6-rc8j"
"bandit","1.4.0","GHSA-frh3-6pv6-rc8j"
"bandit","1.4.1","GHSA-frh3-6pv6-rc8j"
"bandit","1.4.2","GHSA-frh3-6pv6-rc8j"
"bandit","1.5.0","GHSA-frh3-6pv6-rc8j"
"bandit","1.5.1","GHSA-frh3-6pv6-rc8j"
"bandit","1.5.2","GHSA-frh3-6pv6-rc8j"
"bandit","1.5.3","GHSA-frh3-6pv6-rc8j"
"bandit","1.5.4","GHSA-frh3-6pv6-rc8j"
"bandit","1.5.5","GHSA-frh3-6pv6-rc8j"
"bandit","1.5.6","GHSA-frh3-6pv6-rc8j"
"bandit","1.5.7","GHSA-frh3-6pv6-rc8j"
"bandit","1.6.0","GHSA-frh3-6pv6-rc8j"
"bandit","1.6.1","GHSA-frh3-6pv6-rc8j"
"bandit","1.6.10","GHSA-frh3-6pv6-rc8j"
"bandit","1.6.11","GHSA-frh3-6pv6-rc8j"
"bandit","1.6.2","GHSA-frh3-6pv6-rc8j"
"bandit","1.6.3","GHSA-frh3-6pv6-rc8j"
"bandit","1.6.4","GHSA-frh3-6pv6-rc8j"
"bandit","1.6.5","GHSA-frh3-6pv6-rc8j"
"bandit","1.6.6","GHSA-frh3-6pv6-rc8j"
"bandit","1.6.7","GHSA-frh3-6pv6-rc8j"
"bandit","1.6.8","GHSA-frh3-6pv6-rc8j"
"bandit","1.6.9","GHSA-frh3-6pv6-rc8j"
"bandit","1.7.0","GHSA-frh3-6pv6-rc8j"
"bandit","1.8.0","GHSA-frh3-6pv6-rc8j"
"bandit","1.9.0","GHSA-frh3-6pv6-rc8j"
"cowlib","2.10.0","GHSA-g2wm-735q-3f56"
"cowlib","2.10.1","GHSA-g2wm-735q-3f56"
"cowlib","2.11.0","GHSA-g2wm-735q-3f56"
"cowlib","2.12.0","GHSA-g2wm-735q-3f56"
"cowlib","2.12.1","GHSA-g2wm-735q-3f56"
"cowlib","2.13.0","GHSA-g2wm-735q-3f56"
"cowlib","2.14.0","GHSA-g2wm-735q-3f56"
"cowlib","2.15.0","GHSA-g2wm-735q-3f56"
"cowlib","2.16.0","GHSA-g2wm-735q-3f56"
"cowlib","2.16.1","GHSA-g2wm-735q-3f56"
"cowlib","2.9.0","GHSA-g2wm-735q-3f56"
"cowlib","2.9.1","GHSA-g2wm-735q-3f56"
"mint","0.2.0","GHSA-g586-ccqf-7x4r"
"mint","0.2.1","GHSA-g586-ccqf-7x4r"
"mint","0.3.0","GHSA-g586-ccqf-7x4r"
"mint","0.4.0","GHSA-g586-ccqf-7x4r"
"mint","0.5.0","GHSA-g586-ccqf-7x4r"
"mint","1.0.0","GHSA-g586-ccqf-7x4r"
"mint","1.1.0","GHSA-g586-ccqf-7x4r"
"mint","1.2.0","GHSA-g586-ccqf-7x4r"
"mint","1.2.1","GHSA-g586-ccqf-7x4r"
"mint","1.3.0","GHSA-g586-ccqf-7x4r"
"mint","1.4.0","GHSA-g586-ccqf-7x4r"
"mint","1.4.1","GHSA-g586-ccqf-7x4r"
"mint","1.4.2","GHSA-g586-ccqf-7x4r"
"mint","1.5.0","GHSA-g586-ccqf-7x4r"
"mint","1.5.1","GHSA-g586-ccqf-7x4r"
"mint","1.5.2","GHSA-g586-ccqf-7x4r"
"mint","1.6.0","GHSA-g586-ccqf-7x4r"
"mint","1.6.1","GHSA-g586-ccqf-7x4r"
"mint","1.6.2","GHSA-g586-ccqf-7x4r"
"mint","1.7.0","GHSA-g586-ccqf-7x4r"
"mint","1.7.1","GHSA-g586-ccqf-7x4r"
"mint","1.8.0","GHSA-g586-ccqf-7x4r"
"hackney","0.13.1","GHSA-gp9c-pm5m-5cxr"
"hackney","0.14.0","GHSA-gp9c-pm5m-5cxr"
"hackney","0.14.1","GHSA-gp9c-pm5m-5cxr"
"hackney","0.14.2","GHSA-gp9c-pm5m-5cxr"
"hackney","0.14.3","GHSA-gp9c-pm5m-5cxr"
"hackney","0.15.0","GHSA-gp9c-pm5m-5cxr"
"hackney","0.15.2","GHSA-gp9c-pm5m-5cxr"
"hackney","1.0.1","GHSA-gp9c-pm5m-5cxr"
"hackney","1.0.2","GHSA-gp9c-pm5m-5cxr"
"hackney","1.0.5","GHSA-gp9c-pm5m-5cxr"
"hackney","1.0.6","GHSA-gp9c-pm5m-5cxr"
"hackney","1.1.0","GHSA-gp9c-pm5m-5cxr"
"hackney","1.10.0","GHSA-gp9c-pm5m-5cxr"
"hackney","1.10.1","GHSA-gp9c-pm5m-5cxr"
"hackney","1.11.0","GHSA-gp9c-pm5m-5cxr"
"hackney","1.12.0","GHSA-gp9c-pm5m-5cxr"
"hackney","1.12.1","GHSA-gp9c-pm5m-5cxr"
"hackney","1.13.0","GHSA-gp9c-pm5m-5cxr"
"hackney","1.14.0","GHSA-gp9c-pm5m-5cxr"
"hackney","1.14.2","GHSA-gp9c-pm5m-5cxr"
"hackney","1.14.3","GHSA-gp9c-pm5m-5cxr"
"hackney","1.15.0","GHSA-gp9c-pm5m-5cxr"
"hackney","1.15.1","GHSA-gp9c-pm5m-5cxr"
"hackney","1.15.2","GHSA-gp9c-pm5m-5cxr"
"hackney","1.16.0","GHSA-gp9c-pm5m-5cxr"
"hackney","1.17.0","GHSA-gp9c-pm5m-5cxr"
"hackney","1.17.1","GHSA-gp9c-pm5m-5cxr"
"hackney","1.17.2","GHSA-gp9c-pm5m-5cxr"
"hackney","1.17.3","GHSA-gp9c-pm5m-5cxr"
"hackney","1.17.4","GHSA-gp9c-pm5m-5cxr"
"hackney","1.18.0","GHSA-gp9c-pm5m-5cxr"
"hackney","1.18.1","GHSA-gp9c-pm5m-5cxr"
"hackney","1.18.2","GHSA-gp9c-pm5m-5cxr"
"hackney","1.19.0","GHSA-gp9c-pm5m-5cxr"
"hackney","1.19.1","GHSA-gp9c-pm5m-5cxr"
"hackney","1.2.0","GHSA-gp9c-pm5m-5cxr"
"hackney","1.20.0","GHSA-gp9c-pm5m-5cxr"
"hackney","1.20.1","GHSA-gp9c-pm5m-5cxr"
"hackney","1.21.0","GHSA-gp9c-pm5m-5cxr"
"hackney","1.22.0","GHSA-gp9c-pm5m-5cxr"
"hackney","1.23.0","GHSA-gp9c-pm5m-5cxr"
"hackney","1.24.0","GHSA-gp9c-pm5m-5cxr"
"hackney","1.24.1","GHSA-gp9c-pm5m-5cxr"
"hackney","1.25.0","GHSA-gp9c-pm5m-5cxr"
"hackney","1.3.0","GHSA-gp9c-pm5m-5cxr"
"hackney","1.3.1","GHSA-gp9c-pm5m-5cxr"
"hackney","1.3.2","GHSA-gp9c-pm5m-5cxr"
"hackney","1.4.0","GHSA-gp9c-pm5m-5cxr"
"hackney","1.4.1","GHSA-gp9c-pm5m-5cxr"
"hackney","1.4.10","GHSA-gp9c-pm5m-5cxr"
"hackney","1.4.2","GHSA-gp9c-pm5m-5cxr"
"hackney","1.4.3","GHSA-gp9c-pm5m-5cxr"
"hackney","1.4.4","GHSA-gp9c-pm5m-5cxr"
"hackney","1.4.5","GHSA-gp9c-pm5m-5cxr"
"hackney","1.4.6","GHSA-gp9c-pm5m-5cxr"
"hackney","1.4.7","GHSA-gp9c-pm5m-5cxr"
"hackney","1.4.8","GHSA-gp9c-pm5m-5cxr"
"hackney","1.5.0","GHSA-gp9c-pm5m-5cxr"
"hackney","1.5.1","GHSA-gp9c-pm5m-5cxr"
"hackney","1.5.2","GHSA-gp9c-pm5m-5cxr"
"hackney","1.5.3","GHSA-gp9c-pm5m-5cxr"
"hackney","1.5.4","GHSA-gp9c-pm5m-5cxr"
"hackney","1.5.5","GHSA-gp9c-pm5m-5cxr"
"hackney","1.5.6","GHSA-gp9c-pm5m-5cxr"
"hackney","1.5.7","GHSA-gp9c-pm5m-5cxr"
"hackney","1.6.0","GHSA-gp9c-pm5m-5cxr"
"hackney","1.6.1","GHSA-gp9c-pm5m-5cxr"
"hackney","1.6.2","GHSA-gp9c-pm5m-5cxr"
"hackney","1.6.3","GHSA-gp9c-pm5m-5cxr"
"hackney","1.6.4","GHSA-gp9c-pm5m-5cxr"
"hackney","1.6.5","GHSA-gp9c-pm5m-5cxr"
"hackney","1.6.6","GHSA-gp9c-pm5m-5cxr"
"hackney","1.7.0","GHSA-gp9c-pm5m-5cxr"
"hackney","1.7.1","GHSA-gp9c-pm5m-5cxr"
"hackney","1.8.0","GHSA-gp9c-pm5m-5cxr"
"hackney","1.8.2","GHSA-gp9c-pm5m-5cxr"
"hackney","1.8.3","GHSA-gp9c-pm5m-5cxr"
"hackney","1.8.4","GHSA-gp9c-pm5m-5cxr"
"hackney","1.8.5","GHSA-gp9c-pm5m-5cxr"
"hackney","1.8.6","GHSA-gp9c-pm5m-5cxr"
"hackney","1.9.0","GHSA-gp9c-pm5m-5cxr"
"hackney","2.0.0","GHSA-gp9c-pm5m-5cxr"
"hackney","2.0.0-beta.1","GHSA-gp9c-pm5m-5cxr"
"hackney","2.0.1","GHSA-gp9c-pm5m-5cxr"
"hackney","3.0.0","GHSA-gp9c-pm5m-5cxr"
"hackney","3.0.1","GHSA-gp9c-pm5m-5cxr"
"hackney","3.0.2","GHSA-gp9c-pm5m-5cxr"
"hackney","3.0.3","GHSA-gp9c-pm5m-5cxr"
"hackney","3.1.0","GHSA-gp9c-pm5m-5cxr"
"hackney","3.1.1","GHSA-gp9c-pm5m-5cxr"
"hackney","3.1.2","GHSA-gp9c-pm5m-5cxr"
"hackney","3.2.0","GHSA-gp9c-pm5m-5cxr"
"hackney","3.2.1","GHSA-gp9c-pm5m-5cxr"
"hackney","4.0.0","GHSA-gp9c-pm5m-5cxr"
"samly","0.1.2","GHSA-h3rw-77w7-92gf"
"samly","0.10.0","GHSA-h3rw-77w7-92gf"
"samly","0.10.1","GHSA-h3rw-77w7-92gf"
"samly","0.4.0","GHSA-h3rw-77w7-92gf"
"samly","0.5.0","GHSA-h3rw-77w7-92gf"
"samly","0.6.0","GHSA-h3rw-77w7-92gf"
"samly","0.6.1","GHSA-h3rw-77w7-92gf"
"samly","0.6.2","GHSA-h3rw-77w7-92gf"
"samly","0.6.3","GHSA-h3rw-77w7-92gf"
"samly","0.7.0","GHSA-h3rw-77w7-92gf"
"samly","0.7.1","GHSA-h3rw-77w7-92gf"
"samly","0.7.2","GHSA-h3rw-77w7-92gf"
"samly","0.8.0","GHSA-h3rw-77w7-92gf"
"samly","0.8.1","GHSA-h3rw-77w7-92gf"
"samly","0.8.2","GHSA-h3rw-77w7-92gf"
"samly","0.8.3","GHSA-h3rw-77w7-92gf"
"samly","0.8.4","GHSA-h3rw-77w7-92gf"
"samly","0.9.0","GHSA-h3rw-77w7-92gf"
"samly","0.9.1","GHSA-h3rw-77w7-92gf"
"samly","0.9.2","GHSA-h3rw-77w7-92gf"
"samly","0.9.3","GHSA-h3rw-77w7-92gf"
"samly","1.0.0","GHSA-h3rw-77w7-92gf"
"samly","1.0.0-rc.0","GHSA-h3rw-77w7-92gf"
"samly","1.0.0-rc.1","GHSA-h3rw-77w7-92gf"
"samly","1.1.0","GHSA-h3rw-77w7-92gf"
"samly","1.2.0","GHSA-h3rw-77w7-92gf"
"samly","1.3.0","GHSA-h3rw-77w7-92gf"
"hackney","3.1.1","GHSA-h73q-4w9q-82h4"
"hackney","3.1.2","GHSA-h73q-4w9q-82h4"
"hackney","3.2.0","GHSA-h73q-4w9q-82h4"
"hackney","3.2.1","GHSA-h73q-4w9q-82h4"
"hackney","4.0.0","GHSA-h73q-4w9q-82h4"
"tesla","1.10.0","GHSA-h74c-q9j7-mpcm"
"tesla","1.10.1","GHSA-h74c-q9j7-mpcm"
"tesla","1.10.2","GHSA-h74c-q9j7-mpcm"
"tesla","1.10.3","GHSA-h74c-q9j7-mpcm"
"tesla","1.11.0","GHSA-h74c-q9j7-mpcm"
"tesla","1.11.1","GHSA-h74c-q9j7-mpcm"
"tesla","1.11.2","GHSA-h74c-q9j7-mpcm"
"tesla","1.12.0","GHSA-h74c-q9j7-mpcm"
"tesla","1.12.1","GHSA-h74c-q9j7-mpcm"
"tesla","1.12.2","GHSA-h74c-q9j7-mpcm"
"tesla","1.12.3","GHSA-h74c-q9j7-mpcm"
"tesla","1.13.0","GHSA-h74c-q9j7-mpcm"
"tesla","1.13.1","GHSA-h74c-q9j7-mpcm"
"tesla","1.13.2","GHSA-h74c-q9j7-mpcm"
"tesla","1.14.0","GHSA-h74c-q9j7-mpcm"
"tesla","1.14.1","GHSA-h74c-q9j7-mpcm"
"tesla","1.14.2","GHSA-h74c-q9j7-mpcm"
"tesla","1.14.3","GHSA-h74c-q9j7-mpcm"
"tesla","1.15.0","GHSA-h74c-q9j7-mpcm"
"tesla","1.15.1","GHSA-h74c-q9j7-mpcm"
"tesla","1.15.2","GHSA-h74c-q9j7-mpcm"
"tesla","1.15.3","GHSA-h74c-q9j7-mpcm"
"tesla","1.16.0","GHSA-h74c-q9j7-mpcm"
"tesla","1.17.0","GHSA-h74c-q9j7-mpcm"
"tesla","1.18.0","GHSA-h74c-q9j7-mpcm"
"tesla","1.18.1","GHSA-h74c-q9j7-mpcm"
"tesla","1.18.2","GHSA-h74c-q9j7-mpcm"
"tesla","1.3.0","GHSA-h74c-q9j7-mpcm"
"tesla","1.3.1","GHSA-h74c-q9j7-mpcm"
"tesla","1.3.2","GHSA-h74c-q9j7-mpcm"
"tesla","1.3.3","GHSA-h74c-q9j7-mpcm"
"tesla","1.4.0","GHSA-h74c-q9j7-mpcm"
"tesla","1.4.1","GHSA-h74c-q9j7-mpcm"
"tesla","1.4.2","GHSA-h74c-q9j7-mpcm"
"tesla","1.4.3","GHSA-h74c-q9j7-mpcm"
"tesla","1.4.4","GHSA-h74c-q9j7-mpcm"
"tesla","1.5.0","GHSA-h74c-q9j7-mpcm"
"tesla","1.5.1","GHSA-h74c-q9j7-mpcm"
"tesla","1.6.0","GHSA-h74c-q9j7-mpcm"
"tesla","1.6.1","GHSA-h74c-q9j7-mpcm"
"tesla","1.7.0","GHSA-h74c-q9j7-mpcm"
"tesla","1.8.0","GHSA-h74c-q9j7-mpcm"
"tesla","1.8.1","GHSA-h74c-q9j7-mpcm"
"tesla","1.9.0","GHSA-h74c-q9j7-mpcm"
"wisp","2.1.1","GHSA-h7cj-j2vv-qw8r"
"wisp","2.2.0","GHSA-h7cj-j2vv-qw8r"
"ash_postgres","2.0.0","GHSA-hf59-7rwq-785m"
"ash_postgres","2.0.1","GHSA-hf59-7rwq-785m"
"ash_postgres","2.0.10","GHSA-hf59-7rwq-785m"
"ash_postgres","2.0.11","GHSA-hf59-7rwq-785m"
"ash_postgres","2.0.12","GHSA-hf59-7rwq-785m"
"ash_postgres","2.0.2","GHSA-hf59-7rwq-785m"
"ash_postgres","2.0.3","GHSA-hf59-7rwq-785m"
"ash_postgres","2.0.4","GHSA-hf59-7rwq-785m"
"ash_postgres","2.0.5","GHSA-hf59-7rwq-785m"
"ash_postgres","2.0.6","GHSA-hf59-7rwq-785m"
"ash_postgres","2.0.7","GHSA-hf59-7rwq-785m"
"ash_postgres","2.0.8","GHSA-hf59-7rwq-785m"
"ash_postgres","2.0.9","GHSA-hf59-7rwq-785m"
"ash_postgres","2.1.0","GHSA-hf59-7rwq-785m"
"ash_postgres","2.1.1","GHSA-hf59-7rwq-785m"
"ash_postgres","2.1.10","GHSA-hf59-7rwq-785m"
"ash_postgres","2.1.11","GHSA-hf59-7rwq-785m"
"ash_postgres","2.1.12","GHSA-hf59-7rwq-785m"
"ash_postgres","2.1.13","GHSA-hf59-7rwq-785m"
"ash_postgres","2.1.14","GHSA-hf59-7rwq-785m"
"ash_postgres","2.1.15","GHSA-hf59-7rwq-785m"
"ash_postgres","2.1.17","GHSA-hf59-7rwq-785m"
"ash_postgres","2.1.18","GHSA-hf59-7rwq-785m"
"ash_postgres","2.1.19","GHSA-hf59-7rwq-785m"
"ash_postgres","2.1.2","GHSA-hf59-7rwq-785m"
"ash_postgres","2.1.3","GHSA-hf59-7rwq-785m"
"ash_postgres","2.1.4","GHSA-hf59-7rwq-785m"
"ash_postgres","2.1.5","GHSA-hf59-7rwq-785m"
"ash_postgres","2.1.6","GHSA-hf59-7rwq-785m"
"ash_postgres","2.1.8","GHSA-hf59-7rwq-785m"
"ash_postgres","2.1.9","GHSA-hf59-7rwq-785m"
"ash_postgres","2.2.0","GHSA-hf59-7rwq-785m"
"ash_postgres","2.2.1","GHSA-hf59-7rwq-785m"
"ash_postgres","2.2.2","GHSA-hf59-7rwq-785m"
"ash_postgres","2.2.3","GHSA-hf59-7rwq-785m"
"ash_postgres","2.2.4","GHSA-hf59-7rwq-785m"
"ash_postgres","2.2.5","GHSA-hf59-7rwq-785m"
"ash_postgres","2.3.0","GHSA-hf59-7rwq-785m"
"ash_postgres","2.3.1","GHSA-hf59-7rwq-785m"
"ash_postgres","2.4.0","GHSA-hf59-7rwq-785m"
"ash_postgres","2.4.1","GHSA-hf59-7rwq-785m"
"ash_postgres","2.4.2","GHSA-hf59-7rwq-785m"
"ash_postgres","2.4.3","GHSA-hf59-7rwq-785m"
"ash_postgres","2.4.4","GHSA-hf59-7rwq-785m"
"ash_postgres","2.4.5","GHSA-hf59-7rwq-785m"
"ash_postgres","2.4.6","GHSA-hf59-7rwq-785m"
"ash_postgres","2.4.7","GHSA-hf59-7rwq-785m"
"ash_postgres","2.4.8","GHSA-hf59-7rwq-785m"
"ash_postgres","2.4.9","GHSA-hf59-7rwq-785m"
"cowlib","2.10.0","GHSA-hv23-4qp7-8c8r"
"cowlib","2.10.1","GHSA-hv23-4qp7-8c8r"
"cowlib","2.11.0","GHSA-hv23-4qp7-8c8r"
"cowlib","2.12.0","GHSA-hv23-4qp7-8c8r"
"cowlib","2.12.1","GHSA-hv23-4qp7-8c8r"
"cowlib","2.13.0","GHSA-hv23-4qp7-8c8r"
"cowlib","2.14.0","GHSA-hv23-4qp7-8c8r"
"cowlib","2.15.0","GHSA-hv23-4qp7-8c8r"
"cowlib","2.16.0","GHSA-hv23-4qp7-8c8r"
"cowlib","2.6.0","GHSA-hv23-4qp7-8c8r"
"cowlib","2.7.0","GHSA-hv23-4qp7-8c8r"
"cowlib","2.7.1","GHSA-hv23-4qp7-8c8r"
"cowlib","2.7.2","GHSA-hv23-4qp7-8c8r"
"cowlib","2.7.3","GHSA-hv23-4qp7-8c8r"
"cowlib","2.8.0","GHSA-hv23-4qp7-8c8r"
"cowlib","2.9.0","GHSA-hv23-4qp7-8c8r"
"cowlib","2.9.1","GHSA-hv23-4qp7-8c8r"
"hex_core","0.1.0","GHSA-hx9w-f2w9-9g96"
"hex_core","0.1.1","GHSA-hx9w-f2w9-9g96"
"hex_core","0.10.0","GHSA-hx9w-f2w9-9g96"
"hex_core","0.10.1","GHSA-hx9w-f2w9-9g96"
"hex_core","0.10.2","GHSA-hx9w-f2w9-9g96"
"hex_core","0.10.3","GHSA-hx9w-f2w9-9g96"
"hex_core","0.11.0","GHSA-hx9w-f2w9-9g96"
"hex_core","0.12.0","GHSA-hx9w-f2w9-9g96"
"hex_core","0.2.0","GHSA-hx9w-f2w9-9g96"
"hex_core","0.2.1","GHSA-hx9w-f2w9-9g96"
"hex_core","0.3.0","GHSA-hx9w-f2w9-9g96"
"hex_core","0.4.0","GHSA-hx9w-f2w9-9g96"
"hex_core","0.5.0","GHSA-hx9w-f2w9-9g96"
"hex_core","0.5.1","GHSA-hx9w-f2w9-9g96"
"hex_core","0.6.0","GHSA-hx9w-f2w9-9g96"
"hex_core","0.6.1","GHSA-hx9w-f2w9-9g96"
"hex_core","0.6.10","GHSA-hx9w-f2w9-9g96"
"hex_core","0.6.2","GHSA-hx9w-f2w9-9g96"
"hex_core","0.6.3","GHSA-hx9w-f2w9-9g96"
"hex_core","0.6.4","GHSA-hx9w-f2w9-9g96"
"hex_core","0.6.5","GHSA-hx9w-f2w9-9g96"
"hex_core","0.6.6","GHSA-hx9w-f2w9-9g96"
"hex_core","0.6.7","GHSA-hx9w-f2w9-9g96"
"hex_core","0.6.8","GHSA-hx9w-f2w9-9g96"
"hex_core","0.6.9","GHSA-hx9w-f2w9-9g96"
"hex_core","0.7.0","GHSA-hx9w-f2w9-9g96"
"hex_core","0.7.1","GHSA-hx9w-f2w9-9g96"
"hex_core","0.8.0","GHSA-hx9w-f2w9-9g96"
"hex_core","0.8.1","GHSA-hx9w-f2w9-9g96"
"hex_core","0.8.2","GHSA-hx9w-f2w9-9g96"
"hex_core","0.8.3","GHSA-hx9w-f2w9-9g96"
"hex_core","0.8.4","GHSA-hx9w-f2w9-9g96"
"hex_core","0.9.0","GHSA-hx9w-f2w9-9g96"
"phoenix_html","1.0.0","GHSA-j3gg-r6gp-95q2"
"phoenix_html","1.0.1","GHSA-j3gg-r6gp-95q2"
"phoenix_html","1.1.0","GHSA-j3gg-r6gp-95q2"
"phoenix_html","1.2.0","GHSA-j3gg-r6gp-95q2"
"phoenix_html","1.2.1","GHSA-j3gg-r6gp-95q2"
"phoenix_html","1.3.0","GHSA-j3gg-r6gp-95q2"
"phoenix_html","1.4.0","GHSA-j3gg-r6gp-95q2"
"phoenix_html","2.0.0","GHSA-j3gg-r6gp-95q2"
"phoenix_html","2.0.0-dev","GHSA-j3gg-r6gp-95q2"
"phoenix_html","2.0.1","GHSA-j3gg-r6gp-95q2"
"phoenix_html","2.1.0","GHSA-j3gg-r6gp-95q2"
"phoenix_html","2.1.1","GHSA-j3gg-r6gp-95q2"
"phoenix_html","2.1.2","GHSA-j3gg-r6gp-95q2"
"phoenix_html","2.10.0","GHSA-j3gg-r6gp-95q2"
"phoenix_html","2.10.1","GHSA-j3gg-r6gp-95q2"
"phoenix_html","2.10.2","GHSA-j3gg-r6gp-95q2"
"phoenix_html","2.10.3","GHSA-j3gg-r6gp-95q2"
"phoenix_html","2.10.4","GHSA-j3gg-r6gp-95q2"
"phoenix_html","2.10.5","GHSA-j3gg-r6gp-95q2"
"phoenix_html","2.11.0","GHSA-j3gg-r6gp-95q2"
"phoenix_html","2.11.1","GHSA-j3gg-r6gp-95q2"
"phoenix_html","2.11.2","GHSA-j3gg-r6gp-95q2"
"phoenix_html","2.12.0","GHSA-j3gg-r6gp-95q2"
"phoenix_html","2.13.0","GHSA-j3gg-r6gp-95q2"
"phoenix_html","2.13.1","GHSA-j3gg-r6gp-95q2"
"phoenix_html","2.13.2","GHSA-j3gg-r6gp-95q2"
"phoenix_html","2.13.3","GHSA-j3gg-r6gp-95q2"
"phoenix_html","2.13.4","GHSA-j3gg-r6gp-95q2"
"phoenix_html","2.14.0","GHSA-j3gg-r6gp-95q2"
"phoenix_html","2.14.1","GHSA-j3gg-r6gp-95q2"
"phoenix_html","2.14.2","GHSA-j3gg-r6gp-95q2"
"phoenix_html","2.14.3","GHSA-j3gg-r6gp-95q2"
"phoenix_html","2.2.0","GHSA-j3gg-r6gp-95q2"
"phoenix_html","2.3.0","GHSA-j3gg-r6gp-95q2"
"phoenix_html","2.3.1","GHSA-j3gg-r6gp-95q2"
"phoenix_html","2.4.0","GHSA-j3gg-r6gp-95q2"
"phoenix_html","2.4.0-dev","GHSA-j3gg-r6gp-95q2"
"phoenix_html","2.5.0","GHSA-j3gg-r6gp-95q2"
"phoenix_html","2.5.1","GHSA-j3gg-r6gp-95q2"
"phoenix_html","2.6.0","GHSA-j3gg-r6gp-95q2"
"phoenix_html","2.6.1","GHSA-j3gg-r6gp-95q2"
"phoenix_html","2.6.2","GHSA-j3gg-r6gp-95q2"
"phoenix_html","2.7.0","GHSA-j3gg-r6gp-95q2"
"phoenix_html","2.7.0-dev","GHSA-j3gg-r6gp-95q2"
"phoenix_html","2.8.0","GHSA-j3gg-r6gp-95q2"
"phoenix_html","2.9.0","GHSA-j3gg-r6gp-95q2"
"phoenix_html","2.9.1","GHSA-j3gg-r6gp-95q2"
"phoenix_html","2.9.2","GHSA-j3gg-r6gp-95q2"
"phoenix_html","2.9.3","GHSA-j3gg-r6gp-95q2"
"phoenix_html","3.0.0","GHSA-j3gg-r6gp-95q2"
"phoenix_html","3.0.1","GHSA-j3gg-r6gp-95q2"
"phoenix_html","3.0.2","GHSA-j3gg-r6gp-95q2"
"phoenix_html","3.0.3","GHSA-j3gg-r6gp-95q2"
"hackney","0.13.1","GHSA-j9wq-vxxc-94wf"
"hackney","0.14.0","GHSA-j9wq-vxxc-94wf"
"hackney","0.14.1","GHSA-j9wq-vxxc-94wf"
"hackney","0.14.2","GHSA-j9wq-vxxc-94wf"
"hackney","0.14.3","GHSA-j9wq-vxxc-94wf"
"hackney","0.15.0","GHSA-j9wq-vxxc-94wf"
"hackney","0.15.2","GHSA-j9wq-vxxc-94wf"
"hackney","1.0.1","GHSA-j9wq-vxxc-94wf"
"hackney","1.0.2","GHSA-j9wq-vxxc-94wf"
"hackney","1.0.5","GHSA-j9wq-vxxc-94wf"
"hackney","1.0.6","GHSA-j9wq-vxxc-94wf"
"hackney","1.1.0","GHSA-j9wq-vxxc-94wf"
"hackney","1.10.0","GHSA-j9wq-vxxc-94wf"
"hackney","1.10.1","GHSA-j9wq-vxxc-94wf"
"hackney","1.11.0","GHSA-j9wq-vxxc-94wf"
"hackney","1.12.0","GHSA-j9wq-vxxc-94wf"
"hackney","1.12.1","GHSA-j9wq-vxxc-94wf"
"hackney","1.13.0","GHSA-j9wq-vxxc-94wf"
"hackney","1.14.0","GHSA-j9wq-vxxc-94wf"
"hackney","1.14.2","GHSA-j9wq-vxxc-94wf"
"hackney","1.14.3","GHSA-j9wq-vxxc-94wf"
"hackney","1.15.0","GHSA-j9wq-vxxc-94wf"
"hackney","1.15.1","GHSA-j9wq-vxxc-94wf"
"hackney","1.15.2","GHSA-j9wq-vxxc-94wf"
"hackney","1.16.0","GHSA-j9wq-vxxc-94wf"
"hackney","1.17.0","GHSA-j9wq-vxxc-94wf"
"hackney","1.17.1","GHSA-j9wq-vxxc-94wf"
"hackney","1.17.2","GHSA-j9wq-vxxc-94wf"
"hackney","1.17.3","GHSA-j9wq-vxxc-94wf"
"hackney","1.17.4","GHSA-j9wq-vxxc-94wf"
"hackney","1.18.0","GHSA-j9wq-vxxc-94wf"
"hackney","1.18.1","GHSA-j9wq-vxxc-94wf"
"hackney","1.18.2","GHSA-j9wq-vxxc-94wf"
"hackney","1.19.0","GHSA-j9wq-vxxc-94wf"
"hackney","1.19.1","GHSA-j9wq-vxxc-94wf"
"hackney","1.2.0","GHSA-j9wq-vxxc-94wf"
"hackney","1.20.0","GHSA-j9wq-vxxc-94wf"
"hackney","1.20.1","GHSA-j9wq-vxxc-94wf"
"hackney","1.21.0","GHSA-j9wq-vxxc-94wf"
"hackney","1.22.0","GHSA-j9wq-vxxc-94wf"
"hackney","1.23.0","GHSA-j9wq-vxxc-94wf"
"hackney","1.24.0","GHSA-j9wq-vxxc-94wf"
"hackney","1.24.1","GHSA-j9wq-vxxc-94wf"
"hackney","1.25.0","GHSA-j9wq-vxxc-94wf"
"hackney","1.3.0","GHSA-j9wq-vxxc-94wf"
"hackney","1.3.1","GHSA-j9wq-vxxc-94wf"
"hackney","1.3.2","GHSA-j9wq-vxxc-94wf"
"hackney","1.4.0","GHSA-j9wq-vxxc-94wf"
"hackney","1.4.1","GHSA-j9wq-vxxc-94wf"
"hackney","1.4.10","GHSA-j9wq-vxxc-94wf"
"hackney","1.4.2","GHSA-j9wq-vxxc-94wf"
"hackney","1.4.3","GHSA-j9wq-vxxc-94wf"
"hackney","1.4.4","GHSA-j9wq-vxxc-94wf"
"hackney","1.4.5","GHSA-j9wq-vxxc-94wf"
"hackney","1.4.6","GHSA-j9wq-vxxc-94wf"
"hackney","1.4.7","GHSA-j9wq-vxxc-94wf"
"hackney","1.4.8","GHSA-j9wq-vxxc-94wf"
"hackney","1.5.0","GHSA-j9wq-vxxc-94wf"
"hackney","1.5.1","GHSA-j9wq-vxxc-94wf"
"hackney","1.5.2","GHSA-j9wq-vxxc-94wf"
"hackney","1.5.3","GHSA-j9wq-vxxc-94wf"
"hackney","1.5.4","GHSA-j9wq-vxxc-94wf"
"hackney","1.5.5","GHSA-j9wq-vxxc-94wf"
"hackney","1.5.6","GHSA-j9wq-vxxc-94wf"
"hackney","1.5.7","GHSA-j9wq-vxxc-94wf"
"hackney","1.6.0","GHSA-j9wq-vxxc-94wf"
"hackney","1.6.1","GHSA-j9wq-vxxc-94wf"
"hackney","1.6.2","GHSA-j9wq-vxxc-94wf"
"hackney","1.6.3","GHSA-j9wq-vxxc-94wf"
"hackney","1.6.4","GHSA-j9wq-vxxc-94wf"
"hackney","1.6.5","GHSA-j9wq-vxxc-94wf"
"hackney","1.6.6","GHSA-j9wq-vxxc-94wf"
"hackney","1.7.0","GHSA-j9wq-vxxc-94wf"
"hackney","1.7.1","GHSA-j9wq-vxxc-94wf"
"hackney","1.8.0","GHSA-j9wq-vxxc-94wf"
"hackney","1.8.2","GHSA-j9wq-vxxc-94wf"
"hackney","1.8.3","GHSA-j9wq-vxxc-94wf"
"hackney","1.8.4","GHSA-j9wq-vxxc-94wf"
"hackney","1.8.5","GHSA-j9wq-vxxc-94wf"
"hackney","1.8.6","GHSA-j9wq-vxxc-94wf"
"hackney","1.9.0","GHSA-j9wq-vxxc-94wf"
"hackney","2.0.0","GHSA-j9wq-vxxc-94wf"
"hackney","2.0.0-beta.1","GHSA-j9wq-vxxc-94wf"
"hackney","2.0.1","GHSA-j9wq-vxxc-94wf"
"hackney","3.0.0","GHSA-j9wq-vxxc-94wf"
"hackney","3.0.1","GHSA-j9wq-vxxc-94wf"
"hackney","3.0.2","GHSA-j9wq-vxxc-94wf"
"hackney","3.0.3","GHSA-j9wq-vxxc-94wf"
"hackney","3.1.0","GHSA-j9wq-vxxc-94wf"
"hackney","3.1.1","GHSA-j9wq-vxxc-94wf"
"hackney","3.1.2","GHSA-j9wq-vxxc-94wf"
"hackney","3.2.0","GHSA-j9wq-vxxc-94wf"
"hackney","3.2.1","GHSA-j9wq-vxxc-94wf"
"hackney","4.0.0","GHSA-j9wq-vxxc-94wf"
"cowboy","2.0.0","GHSA-jfc2-q6qh-g5x8"
"cowboy","2.1.0","GHSA-jfc2-q6qh-g5x8"
"cowboy","2.10.0","GHSA-jfc2-q6qh-g5x8"
"cowboy","2.11.0","GHSA-jfc2-q6qh-g5x8"
"cowboy","2.12.0","GHSA-jfc2-q6qh-g5x8"
"cowboy","2.13.0","GHSA-jfc2-q6qh-g5x8"
"cowboy","2.14.0","GHSA-jfc2-q6qh-g5x8"
"cowboy","2.14.1","GHSA-jfc2-q6qh-g5x8"
"cowboy","2.14.2","GHSA-jfc2-q6qh-g5x8"
"cowboy","2.2.0","GHSA-jfc2-q6qh-g5x8"
"cowboy","2.2.1","GHSA-jfc2-q6qh-g5x8"
"cowboy","2.2.2","GHSA-jfc2-q6qh-g5x8"
"cowboy","2.3.0","GHSA-jfc2-q6qh-g5x8"
"cowboy","2.4.0","GHSA-jfc2-q6qh-g5x8"
"cowboy","2.5.0","GHSA-jfc2-q6qh-g5x8"
"cowboy","2.6.0","GHSA-jfc2-q6qh-g5x8"
"cowboy","2.6.1","GHSA-jfc2-q6qh-g5x8"
"cowboy","2.6.2","GHSA-jfc2-q6qh-g5x8"
"cowboy","2.6.3","GHSA-jfc2-q6qh-g5x8"
"cowboy","2.7.0","GHSA-jfc2-q6qh-g5x8"
"cowboy","2.8.0","GHSA-jfc2-q6qh-g5x8"
"cowboy","2.9.0","GHSA-jfc2-q6qh-g5x8"
"ash","0.1.0","GHSA-jj4j-x5ww-cwh9"
"ash","0.1.1","GHSA-jj4j-x5ww-cwh9"
"ash","0.1.3","GHSA-jj4j-x5ww-cwh9"
"ash","0.1.8","GHSA-jj4j-x5ww-cwh9"
"ash","0.1.9","GHSA-jj4j-x5ww-cwh9"
"ash","0.10.0","GHSA-jj4j-x5ww-cwh9"
"ash","0.12.0","GHSA-jj4j-x5ww-cwh9"
"ash","0.13.0","GHSA-jj4j-x5ww-cwh9"
"ash","0.13.1","GHSA-jj4j-x5ww-cwh9"
"ash","0.2.0","GHSA-jj4j-x5ww-cwh9"
"ash","0.3.0","GHSA-jj4j-x5ww-cwh9"
"ash","0.4.0","GHSA-jj4j-x5ww-cwh9"
"ash","0.5.0","GHSA-jj4j-x5ww-cwh9"
"ash","0.5.1","GHSA-jj4j-x5ww-cwh9"
"ash","0.5.2","GHSA-jj4j-x5ww-cwh9"
"ash","0.6.0","GHSA-jj4j-x5ww-cwh9"
"ash","0.6.1","GHSA-jj4j-x5ww-cwh9"
"ash","0.6.2","GHSA-jj4j-x5ww-cwh9"
"ash","0.6.3","GHSA-jj4j-x5ww-cwh9"
"ash","0.6.4","GHSA-jj4j-x5ww-cwh9"
"ash","0.6.5","GHSA-jj4j-x5ww-cwh9"
"ash","0.7.0","GHSA-jj4j-x5ww-cwh9"
"ash","0.8.0","GHSA-jj4j-x5ww-cwh9"
"ash","0.9.0","GHSA-jj4j-x5ww-cwh9"
"ash","0.9.1","GHSA-jj4j-x5ww-cwh9"
"ash","1.0.0","GHSA-jj4j-x5ww-cwh9"
"ash","1.0.1","GHSA-jj4j-x5ww-cwh9"
"ash","1.0.2","GHSA-jj4j-x5ww-cwh9"
"ash","1.0.3","GHSA-jj4j-x5ww-cwh9"
"ash","1.1.0","GHSA-jj4j-x5ww-cwh9"
"ash","1.1.2","GHSA-jj4j-x5ww-cwh9"
"ash","1.1.3","GHSA-jj4j-x5ww-cwh9"
"ash","1.10.0","GHSA-jj4j-x5ww-cwh9"
"ash","1.11.0","GHSA-jj4j-x5ww-cwh9"
"ash","1.11.1","GHSA-jj4j-x5ww-cwh9"
"ash","1.12.0","GHSA-jj4j-x5ww-cwh9"
"ash","1.13.0","GHSA-jj4j-x5ww-cwh9"
"ash","1.13.1","GHSA-jj4j-x5ww-cwh9"
"ash","1.13.2","GHSA-jj4j-x5ww-cwh9"
"ash","1.13.3","GHSA-jj4j-x5ww-cwh9"
"ash","1.13.4","GHSA-jj4j-x5ww-cwh9"
"ash","1.14.0","GHSA-jj4j-x5ww-cwh9"
"ash","1.15.0","GHSA-jj4j-x5ww-cwh9"
"ash","1.15.1","GHSA-jj4j-x5ww-cwh9"
"ash","1.16.2","GHSA-jj4j-x5ww-cwh9"
"ash","1.17.0","GHSA-jj4j-x5ww-cwh9"
"ash","1.17.1","GHSA-jj4j-x5ww-cwh9"
"ash","1.18.0","GHSA-jj4j-x5ww-cwh9"
"ash","1.18.1","GHSA-jj4j-x5ww-cwh9"
"ash","1.19.0","GHSA-jj4j-x5ww-cwh9"
"ash","1.19.1","GHSA-jj4j-x5ww-cwh9"
"ash","1.2.0","GHSA-jj4j-x5ww-cwh9"
"ash","1.2.1","GHSA-jj4j-x5ww-cwh9"
"ash","1.20.0","GHSA-jj4j-x5ww-cwh9"
"ash","1.20.1","GHSA-jj4j-x5ww-cwh9"
"ash","1.22.0","GHSA-jj4j-x5ww-cwh9"
"ash","1.22.1","GHSA-jj4j-x5ww-cwh9"
"ash","1.23.0","GHSA-jj4j-x5ww-cwh9"
"ash","1.23.1","GHSA-jj4j-x5ww-cwh9"
"ash","1.23.2","GHSA-jj4j-x5ww-cwh9"
"ash","1.23.3","GHSA-jj4j-x5ww-cwh9"
"ash","1.24.0","GHSA-jj4j-x5ww-cwh9"
"ash","1.24.1","GHSA-jj4j-x5ww-cwh9"
"ash","1.24.2","GHSA-jj4j-x5ww-cwh9"
"ash","1.25.0","GHSA-jj4j-x5ww-cwh9"
"ash","1.25.1","GHSA-jj4j-x5ww-cwh9"
"ash","1.25.2","GHSA-jj4j-x5ww-cwh9"
"ash","1.25.3","GHSA-jj4j-x5ww-cwh9"
"ash","1.25.4","GHSA-jj4j-x5ww-cwh9"
"ash","1.25.5","GHSA-jj4j-x5ww-cwh9"
"ash","1.25.6","GHSA-jj4j-x5ww-cwh9"
"ash","1.25.7","GHSA-jj4j-x5ww-cwh9"
"ash","1.25.8","GHSA-jj4j-x5ww-cwh9"
"ash","1.26.0","GHSA-jj4j-x5ww-cwh9"
"ash","1.26.1","GHSA-jj4j-x5ww-cwh9"
"ash","1.26.10","GHSA-jj4j-x5ww-cwh9"
"ash","1.26.11","GHSA-jj4j-x5ww-cwh9"
"ash","1.26.12","GHSA-jj4j-x5ww-cwh9"
"ash","1.26.13","GHSA-jj4j-x5ww-cwh9"
"ash","1.26.2","GHSA-jj4j-x5ww-cwh9"
"ash","1.26.4","GHSA-jj4j-x5ww-cwh9"
"ash","1.26.5","GHSA-jj4j-x5ww-cwh9"
"ash","1.26.6","GHSA-jj4j-x5ww-cwh9"
"ash","1.26.7","GHSA-jj4j-x5ww-cwh9"
"ash","1.26.8","GHSA-jj4j-x5ww-cwh9"
"ash","1.26.9","GHSA-jj4j-x5ww-cwh9"
"ash","1.27.0","GHSA-jj4j-x5ww-cwh9"
"ash","1.27.1","GHSA-jj4j-x5ww-cwh9"
"ash","1.28.0","GHSA-jj4j-x5ww-cwh9"
"ash","1.28.1","GHSA-jj4j-x5ww-cwh9"
"ash","1.29.0-rc0","GHSA-jj4j-x5ww-cwh9"
"ash","1.29.0-rc1","GHSA-jj4j-x5ww-cwh9"
"ash","1.3.0","GHSA-jj4j-x5ww-cwh9"
"ash","1.3.1","GHSA-jj4j-x5ww-cwh9"
"ash","1.30.1","GHSA-jj4j-x5ww-cwh9"
"ash","1.30.2","GHSA-jj4j-x5ww-cwh9"
"ash","1.31.0","GHSA-jj4j-x5ww-cwh9"
"ash","1.31.1","GHSA-jj4j-x5ww-cwh9"
"ash","1.32.0","GHSA-jj4j-x5ww-cwh9"
"ash","1.32.1","GHSA-jj4j-x5ww-cwh9"
"ash","1.32.2","GHSA-jj4j-x5ww-cwh9"
"ash","1.33.0","GHSA-jj4j-x5ww-cwh9"
"ash","1.34.0","GHSA-jj4j-x5ww-cwh9"
"ash","1.34.1","GHSA-jj4j-x5ww-cwh9"
"ash","1.34.2","GHSA-jj4j-x5ww-cwh9"
"ash","1.34.3","GHSA-jj4j-x5ww-cwh9"
"ash","1.34.4","GHSA-jj4j-x5ww-cwh9"
"ash","1.34.5","GHSA-jj4j-x5ww-cwh9"
"ash","1.34.6","GHSA-jj4j-x5ww-cwh9"
"ash","1.34.7","GHSA-jj4j-x5ww-cwh9"
"ash","1.34.8","GHSA-jj4j-x5ww-cwh9"
"ash","1.34.9","GHSA-jj4j-x5ww-cwh9"
"ash","1.35.0","GHSA-jj4j-x5ww-cwh9"
"ash","1.35.1","GHSA-jj4j-x5ww-cwh9"
"ash","1.36.0","GHSA-jj4j-x5ww-cwh9"
"ash","1.36.10","GHSA-jj4j-x5ww-cwh9"
"ash","1.36.11","GHSA-jj4j-x5ww-cwh9"
"ash","1.36.12","GHSA-jj4j-x5ww-cwh9"
"ash","1.36.13","GHSA-jj4j-x5ww-cwh9"
"ash","1.36.14","GHSA-jj4j-x5ww-cwh9"
"ash","1.36.15","GHSA-jj4j-x5ww-cwh9"
"ash","1.36.16","GHSA-jj4j-x5ww-cwh9"
"ash","1.36.17","GHSA-jj4j-x5ww-cwh9"
"ash","1.36.18","GHSA-jj4j-x5ww-cwh9"
"ash","1.36.19","GHSA-jj4j-x5ww-cwh9"
"ash","1.36.2","GHSA-jj4j-x5ww-cwh9"
"ash","1.36.21","GHSA-jj4j-x5ww-cwh9"
"ash","1.36.22","GHSA-jj4j-x5ww-cwh9"
"ash","1.36.3","GHSA-jj4j-x5ww-cwh9"
"ash","1.36.4","GHSA-jj4j-x5ww-cwh9"
"ash","1.36.5","GHSA-jj4j-x5ww-cwh9"
"ash","1.36.6","GHSA-jj4j-x5ww-cwh9"
"ash","1.36.7","GHSA-jj4j-x5ww-cwh9"
"ash","1.36.8","GHSA-jj4j-x5ww-cwh9"
"ash","1.36.9","GHSA-jj4j-x5ww-cwh9"
"ash","1.37.0","GHSA-jj4j-x5ww-cwh9"
"ash","1.37.1","GHSA-jj4j-x5ww-cwh9"
"ash","1.37.2","GHSA-jj4j-x5ww-cwh9"
"ash","1.38.0","GHSA-jj4j-x5ww-cwh9"
"ash","1.39.0","GHSA-jj4j-x5ww-cwh9"
"ash","1.39.1","GHSA-jj4j-x5ww-cwh9"
"ash","1.39.2","GHSA-jj4j-x5ww-cwh9"
"ash","1.39.3","GHSA-jj4j-x5ww-cwh9"
"ash","1.39.4","GHSA-jj4j-x5ww-cwh9"
"ash","1.39.5","GHSA-jj4j-x5ww-cwh9"
"ash","1.39.6","GHSA-jj4j-x5ww-cwh9"
"ash","1.39.7","GHSA-jj4j-x5ww-cwh9"
"ash","1.4.0","GHSA-jj4j-x5ww-cwh9"
"ash","1.4.1","GHSA-jj4j-x5ww-cwh9"
"ash","1.40.0","GHSA-jj4j-x5ww-cwh9"
"ash","1.41.0","GHSA-jj4j-x5ww-cwh9"
"ash","1.41.1","GHSA-jj4j-x5ww-cwh9"
"ash","1.41.10","GHSA-jj4j-x5ww-cwh9"
"ash","1.41.11","GHSA-jj4j-x5ww-cwh9"
"ash","1.41.12","GHSA-jj4j-x5ww-cwh9"
"ash","1.41.2","GHSA-jj4j-x5ww-cwh9"
"ash","1.41.3","GHSA-jj4j-x5ww-cwh9"
"ash","1.41.4","GHSA-jj4j-x5ww-cwh9"
"ash","1.41.5","GHSA-jj4j-x5ww-cwh9"
"ash","1.41.6","GHSA-jj4j-x5ww-cwh9"
"ash","1.41.7","GHSA-jj4j-x5ww-cwh9"
"ash","1.41.8","GHSA-jj4j-x5ww-cwh9"
"ash","1.41.9","GHSA-jj4j-x5ww-cwh9"
"ash","1.42.0","GHSA-jj4j-x5ww-cwh9"
"ash","1.43.0","GHSA-jj4j-x5ww-cwh9"
"ash","1.43.1","GHSA-jj4j-x5ww-cwh9"
"ash","1.43.10","GHSA-jj4j-x5ww-cwh9"
"ash","1.43.11","GHSA-jj4j-x5ww-cwh9"
"ash","1.43.12","GHSA-jj4j-x5ww-cwh9"
"ash","1.43.2","GHSA-jj4j-x5ww-cwh9"
"ash","1.43.3","GHSA-jj4j-x5ww-cwh9"
"ash","1.43.4","GHSA-jj4j-x5ww-cwh9"
"ash","1.43.5","GHSA-jj4j-x5ww-cwh9"
"ash","1.43.6","GHSA-jj4j-x5ww-cwh9"
"ash","1.43.7","GHSA-jj4j-x5ww-cwh9"
"ash","1.43.8","GHSA-jj4j-x5ww-cwh9"
"ash","1.43.9","GHSA-jj4j-x5ww-cwh9"
"ash","1.44.0","GHSA-jj4j-x5ww-cwh9"
"ash","1.44.1","GHSA-jj4j-x5ww-cwh9"
"ash","1.44.10","GHSA-jj4j-x5ww-cwh9"
"ash","1.44.11","GHSA-jj4j-x5ww-cwh9"
"ash","1.44.12","GHSA-jj4j-x5ww-cwh9"
"ash","1.44.13","GHSA-jj4j-x5ww-cwh9"
"ash","1.44.2","GHSA-jj4j-x5ww-cwh9"
"ash","1.44.3","GHSA-jj4j-x5ww-cwh9"
"ash","1.44.4","GHSA-jj4j-x5ww-cwh9"
"ash","1.44.5","GHSA-jj4j-x5ww-cwh9"
"ash","1.44.6","GHSA-jj4j-x5ww-cwh9"
"ash","1.44.7","GHSA-jj4j-x5ww-cwh9"
"ash","1.44.8","GHSA-jj4j-x5ww-cwh9"
"ash","1.44.9","GHSA-jj4j-x5ww-cwh9"
"ash","1.45.0-rc0","GHSA-jj4j-x5ww-cwh9"
"ash","1.45.0-rc1","GHSA-jj4j-x5ww-cwh9"
"ash","1.45.0-rc10","GHSA-jj4j-x5ww-cwh9"
"ash","1.45.0-rc11","GHSA-jj4j-x5ww-cwh9"
"ash","1.45.0-rc12","GHSA-jj4j-x5ww-cwh9"
"ash","1.45.0-rc13","GHSA-jj4j-x5ww-cwh9"
"ash","1.45.0-rc14","GHSA-jj4j-x5ww-cwh9"
"ash","1.45.0-rc15","GHSA-jj4j-x5ww-cwh9"
"ash","1.45.0-rc16","GHSA-jj4j-x5ww-cwh9"
"ash","1.45.0-rc17","GHSA-jj4j-x5ww-cwh9"
"ash","1.45.0-rc18","GHSA-jj4j-x5ww-cwh9"
"ash","1.45.0-rc19","GHSA-jj4j-x5ww-cwh9"
"ash","1.45.0-rc2","GHSA-jj4j-x5ww-cwh9"
"ash","1.45.0-rc20","GHSA-jj4j-x5ww-cwh9"
"ash","1.45.0-rc3","GHSA-jj4j-x5ww-cwh9"
"ash","1.45.0-rc4","GHSA-jj4j-x5ww-cwh9"
"ash","1.45.0-rc5","GHSA-jj4j-x5ww-cwh9"
"ash","1.45.0-rc6","GHSA-jj4j-x5ww-cwh9"
"ash","1.45.0-rc7","GHSA-jj4j-x5ww-cwh9"
"ash","1.45.0-rc8","GHSA-jj4j-x5ww-cwh9"
"ash","1.45.0-rc9","GHSA-jj4j-x5ww-cwh9"
"ash","1.46.0","GHSA-jj4j-x5ww-cwh9"
"ash","1.46.1","GHSA-jj4j-x5ww-cwh9"
"ash","1.46.10","GHSA-jj4j-x5ww-cwh9"
"ash","1.46.11","GHSA-jj4j-x5ww-cwh9"
"ash","1.46.12","GHSA-jj4j-x5ww-cwh9"
"ash","1.46.13","GHSA-jj4j-x5ww-cwh9"
"ash","1.46.2","GHSA-jj4j-x5ww-cwh9"
"ash","1.46.3","GHSA-jj4j-x5ww-cwh9"
"ash","1.46.4","GHSA-jj4j-x5ww-cwh9"
"ash","1.46.5","GHSA-jj4j-x5ww-cwh9"
"ash","1.46.6","GHSA-jj4j-x5ww-cwh9"
"ash","1.46.7","GHSA-jj4j-x5ww-cwh9"
"ash","1.46.8","GHSA-jj4j-x5ww-cwh9"
"ash","1.46.9","GHSA-jj4j-x5ww-cwh9"
"ash","1.47.0","GHSA-jj4j-x5ww-cwh9"
"ash","1.47.1","GHSA-jj4j-x5ww-cwh9"
"ash","1.47.10","GHSA-jj4j-x5ww-cwh9"
"ash","1.47.11","GHSA-jj4j-x5ww-cwh9"
"ash","1.47.12","GHSA-jj4j-x5ww-cwh9"
"ash","1.47.2","GHSA-jj4j-x5ww-cwh9"
"ash","1.47.3","GHSA-jj4j-x5ww-cwh9"
"ash","1.47.4","GHSA-jj4j-x5ww-cwh9"
"ash","1.47.5","GHSA-jj4j-x5ww-cwh9"
"ash","1.47.6","GHSA-jj4j-x5ww-cwh9"
"ash","1.47.7","GHSA-jj4j-x5ww-cwh9"
"ash","1.47.8","GHSA-jj4j-x5ww-cwh9"
"ash","1.47.9","GHSA-jj4j-x5ww-cwh9"
"ash","1.48.0-rc.0","GHSA-jj4j-x5ww-cwh9"
"ash","1.48.0-rc.1","GHSA-jj4j-x5ww-cwh9"
"ash","1.48.0-rc.10","GHSA-jj4j-x5ww-cwh9"
"ash","1.48.0-rc.11","GHSA-jj4j-x5ww-cwh9"
"ash","1.48.0-rc.12","GHSA-jj4j-x5ww-cwh9"
"ash","1.48.0-rc.13","GHSA-jj4j-x5ww-cwh9"
"ash","1.48.0-rc.14","GHSA-jj4j-x5ww-cwh9"
"ash","1.48.0-rc.15","GHSA-jj4j-x5ww-cwh9"
"ash","1.48.0-rc.16","GHSA-jj4j-x5ww-cwh9"
"ash","1.48.0-rc.17","GHSA-jj4j-x5ww-cwh9"
"ash","1.48.0-rc.18","GHSA-jj4j-x5ww-cwh9"
"ash","1.48.0-rc.19","GHSA-jj4j-x5ww-cwh9"
"ash","1.48.0-rc.2","GHSA-jj4j-x5ww-cwh9"
"ash","1.48.0-rc.20","GHSA-jj4j-x5ww-cwh9"
"ash","1.48.0-rc.21","GHSA-jj4j-x5ww-cwh9"
"ash","1.48.0-rc.22","GHSA-jj4j-x5ww-cwh9"
"ash","1.48.0-rc.23","GHSA-jj4j-x5ww-cwh9"
"ash","1.48.0-rc.24","GHSA-jj4j-x5ww-cwh9"
"ash","1.48.0-rc.25","GHSA-jj4j-x5ww-cwh9"
"ash","1.48.0-rc.26","GHSA-jj4j-x5ww-cwh9"
"ash","1.48.0-rc.27","GHSA-jj4j-x5ww-cwh9"
"ash","1.48.0-rc.28","GHSA-jj4j-x5ww-cwh9"
"ash","1.48.0-rc.29","GHSA-jj4j-x5ww-cwh9"
"ash","1.48.0-rc.3","GHSA-jj4j-x5ww-cwh9"
"ash","1.48.0-rc.30","GHSA-jj4j-x5ww-cwh9"
"ash","1.48.0-rc.4","GHSA-jj4j-x5ww-cwh9"
"ash","1.48.0-rc.5","GHSA-jj4j-x5ww-cwh9"
"ash","1.48.0-rc.6","GHSA-jj4j-x5ww-cwh9"
"ash","1.48.0-rc.7","GHSA-jj4j-x5ww-cwh9"
"ash","1.48.0-rc.8","GHSA-jj4j-x5ww-cwh9"
"ash","1.48.0-rc.9","GHSA-jj4j-x5ww-cwh9"
"ash","1.49.0","GHSA-jj4j-x5ww-cwh9"
"ash","1.5.0","GHSA-jj4j-x5ww-cwh9"
"ash","1.5.1","GHSA-jj4j-x5ww-cwh9"
"ash","1.50.0","GHSA-jj4j-x5ww-cwh9"
"ash","1.50.1","GHSA-jj4j-x5ww-cwh9"
"ash","1.50.10","GHSA-jj4j-x5ww-cwh9"
"ash","1.50.11","GHSA-jj4j-x5ww-cwh9"
"ash","1.50.12","GHSA-jj4j-x5ww-cwh9"
"ash","1.50.13","GHSA-jj4j-x5ww-cwh9"
"ash","1.50.14","GHSA-jj4j-x5ww-cwh9"
"ash","1.50.15","GHSA-jj4j-x5ww-cwh9"
"ash","1.50.16","GHSA-jj4j-x5ww-cwh9"
"ash","1.50.17","GHSA-jj4j-x5ww-cwh9"
"ash","1.50.18","GHSA-jj4j-x5ww-cwh9"
"ash","1.50.19","GHSA-jj4j-x5ww-cwh9"
"ash","1.50.2","GHSA-jj4j-x5ww-cwh9"
"ash","1.50.20","GHSA-jj4j-x5ww-cwh9"
"ash","1.50.21","GHSA-jj4j-x5ww-cwh9"
"ash","1.50.3","GHSA-jj4j-x5ww-cwh9"
"ash","1.50.4","GHSA-jj4j-x5ww-cwh9"
"ash","1.50.5","GHSA-jj4j-x5ww-cwh9"
"ash","1.50.6","GHSA-jj4j-x5ww-cwh9"
"ash","1.50.7","GHSA-jj4j-x5ww-cwh9"
"ash","1.50.8","GHSA-jj4j-x5ww-cwh9"
"ash","1.50.9","GHSA-jj4j-x5ww-cwh9"
"ash","1.51.0","GHSA-jj4j-x5ww-cwh9"
"ash","1.51.1","GHSA-jj4j-x5ww-cwh9"
"ash","1.51.2","GHSA-jj4j-x5ww-cwh9"
"ash","1.52.0-rc.0","GHSA-jj4j-x5ww-cwh9"
"ash","1.52.0-rc.1","GHSA-jj4j-x5ww-cwh9"
"ash","1.52.0-rc.10","GHSA-jj4j-x5ww-cwh9"
"ash","1.52.0-rc.11","GHSA-jj4j-x5ww-cwh9"
"ash","1.52.0-rc.12","GHSA-jj4j-x5ww-cwh9"
"ash","1.52.0-rc.13","GHSA-jj4j-x5ww-cwh9"
"ash","1.52.0-rc.14","GHSA-jj4j-x5ww-cwh9"
"ash","1.52.0-rc.15","GHSA-jj4j-x5ww-cwh9"
"ash","1.52.0-rc.16","GHSA-jj4j-x5ww-cwh9"
"ash","1.52.0-rc.17","GHSA-jj4j-x5ww-cwh9"
"ash","1.52.0-rc.18","GHSA-jj4j-x5ww-cwh9"
"ash","1.52.0-rc.19","GHSA-jj4j-x5ww-cwh9"
"ash","1.52.0-rc.2","GHSA-jj4j-x5ww-cwh9"
"ash","1.52.0-rc.20","GHSA-jj4j-x5ww-cwh9"
"ash","1.52.0-rc.21","GHSA-jj4j-x5ww-cwh9"
"ash","1.52.0-rc.22","GHSA-jj4j-x5ww-cwh9"
"ash","1.52.0-rc.3","GHSA-jj4j-x5ww-cwh9"
"ash","1.52.0-rc.4","GHSA-jj4j-x5ww-cwh9"
"ash","1.52.0-rc.5","GHSA-jj4j-x5ww-cwh9"
"ash","1.52.0-rc.6","GHSA-jj4j-x5ww-cwh9"
"ash","1.52.0-rc.7","GHSA-jj4j-x5ww-cwh9"
"ash","1.52.0-rc.8","GHSA-jj4j-x5ww-cwh9"
"ash","1.52.0-rc.9","GHSA-jj4j-x5ww-cwh9"
"ash","1.53.0","GHSA-jj4j-x5ww-cwh9"
"ash","1.53.2","GHSA-jj4j-x5ww-cwh9"
"ash","1.53.3","GHSA-jj4j-x5ww-cwh9"
"ash","1.6.0","GHSA-jj4j-x5ww-cwh9"
"ash","1.6.1","GHSA-jj4j-x5ww-cwh9"
"ash","1.6.2","GHSA-jj4j-x5ww-cwh9"
"ash","1.6.3","GHSA-jj4j-x5ww-cwh9"
"ash","1.6.4","GHSA-jj4j-x5ww-cwh9"
"ash","1.6.5","GHSA-jj4j-x5ww-cwh9"
"ash","1.6.6","GHSA-jj4j-x5ww-cwh9"
"ash","1.6.7","GHSA-jj4j-x5ww-cwh9"
"ash","1.6.8","GHSA-jj4j-x5ww-cwh9"
"ash","1.7.0","GHSA-jj4j-x5ww-cwh9"
"ash","1.8.0","GHSA-jj4j-x5ww-cwh9"
"ash","1.9.0","GHSA-jj4j-x5ww-cwh9"
"ash","2.0.0","GHSA-jj4j-x5ww-cwh9"
"ash","2.0.0-pre.0","GHSA-jj4j-x5ww-cwh9"
"ash","2.0.0-pre.1","GHSA-jj4j-x5ww-cwh9"
"ash","2.0.0-pre.2","GHSA-jj4j-x5ww-cwh9"
"ash","2.0.0-pre.3","GHSA-jj4j-x5ww-cwh9"
"ash","2.0.0-pre.4","GHSA-jj4j-x5ww-cwh9"
"ash","2.0.0-pre.5","GHSA-jj4j-x5ww-cwh9"
"ash","2.0.0-pre.6","GHSA-jj4j-x5ww-cwh9"
"ash","2.0.0-pre.7","GHSA-jj4j-x5ww-cwh9"
"ash","2.0.0-pre.8","GHSA-jj4j-x5ww-cwh9"
"ash","2.0.0-rc.0","GHSA-jj4j-x5ww-cwh9"
"ash","2.0.0-rc.1","GHSA-jj4j-x5ww-cwh9"
"ash","2.0.0-rc.10","GHSA-jj4j-x5ww-cwh9"
"ash","2.0.0-rc.11","GHSA-jj4j-x5ww-cwh9"
"ash","2.0.0-rc.12","GHSA-jj4j-x5ww-cwh9"
"ash","2.0.0-rc.13","GHSA-jj4j-x5ww-cwh9"
"ash","2.0.0-rc.14","GHSA-jj4j-x5ww-cwh9"
"ash","2.0.0-rc.15","GHSA-jj4j-x5ww-cwh9"
"ash","2.0.0-rc.2","GHSA-jj4j-x5ww-cwh9"
"ash","2.0.0-rc.3","GHSA-jj4j-x5ww-cwh9"
"ash","2.0.0-rc.4","GHSA-jj4j-x5ww-cwh9"
"ash","2.0.0-rc.5","GHSA-jj4j-x5ww-cwh9"
"ash","2.0.0-rc.6","GHSA-jj4j-x5ww-cwh9"
"ash","2.0.0-rc.7","GHSA-jj4j-x5ww-cwh9"
"ash","2.0.0-rc.8","GHSA-jj4j-x5ww-cwh9"
"ash","2.0.0-rc.9","GHSA-jj4j-x5ww-cwh9"
"ash","2.1.0","GHSA-jj4j-x5ww-cwh9"
"ash","2.10.0","GHSA-jj4j-x5ww-cwh9"
"ash","2.10.1","GHSA-jj4j-x5ww-cwh9"
"ash","2.10.2","GHSA-jj4j-x5ww-cwh9"
"ash","2.11.0","GHSA-jj4j-x5ww-cwh9"
"ash","2.11.0-rc.0","GHSA-jj4j-x5ww-cwh9"
"ash","2.11.0-rc.1","GHSA-jj4j-x5ww-cwh9"
"ash","2.11.0-rc.2","GHSA-jj4j-x5ww-cwh9"
"ash","2.11.0-rc.3","GHSA-jj4j-x5ww-cwh9"
"ash","2.11.1","GHSA-jj4j-x5ww-cwh9"
"ash","2.11.10","GHSA-jj4j-x5ww-cwh9"
"ash","2.11.11","GHSA-jj4j-x5ww-cwh9"
"ash","2.11.2","GHSA-jj4j-x5ww-cwh9"
"ash","2.11.3","GHSA-jj4j-x5ww-cwh9"
"ash","2.11.4","GHSA-jj4j-x5ww-cwh9"
"ash","2.11.5","GHSA-jj4j-x5ww-cwh9"
"ash","2.11.6","GHSA-jj4j-x5ww-cwh9"
"ash","2.11.7","GHSA-jj4j-x5ww-cwh9"
"ash","2.11.8","GHSA-jj4j-x5ww-cwh9"
"ash","2.11.9","GHSA-jj4j-x5ww-cwh9"
"ash","2.12.0","GHSA-jj4j-x5ww-cwh9"
"ash","2.12.1","GHSA-jj4j-x5ww-cwh9"
"ash","2.13.0","GHSA-jj4j-x5ww-cwh9"
"ash","2.13.1","GHSA-jj4j-x5ww-cwh9"
"ash","2.13.2","GHSA-jj4j-x5ww-cwh9"
"ash","2.13.3","GHSA-jj4j-x5ww-cwh9"
"ash","2.13.4","GHSA-jj4j-x5ww-cwh9"
"ash","2.14.0","GHSA-jj4j-x5ww-cwh9"
"ash","2.14.1","GHSA-jj4j-x5ww-cwh9"
"ash","2.14.10","GHSA-jj4j-x5ww-cwh9"
"ash","2.14.11","GHSA-jj4j-x5ww-cwh9"
"ash","2.14.12","GHSA-jj4j-x5ww-cwh9"
"ash","2.14.13","GHSA-jj4j-x5ww-cwh9"
"ash","2.14.14","GHSA-jj4j-x5ww-cwh9"
"ash","2.14.15","GHSA-jj4j-x5ww-cwh9"
"ash","2.14.16","GHSA-jj4j-x5ww-cwh9"
"ash","2.14.17","GHSA-jj4j-x5ww-cwh9"
"ash","2.14.18","GHSA-jj4j-x5ww-cwh9"
"ash","2.14.19","GHSA-jj4j-x5ww-cwh9"
"ash","2.14.2","GHSA-jj4j-x5ww-cwh9"
"ash","2.14.20","GHSA-jj4j-x5ww-cwh9"
"ash","2.14.21","GHSA-jj4j-x5ww-cwh9"
"ash","2.14.3","GHSA-jj4j-x5ww-cwh9"
"ash","2.14.4","GHSA-jj4j-x5ww-cwh9"
"ash","2.14.5","GHSA-jj4j-x5ww-cwh9"
"ash","2.14.6","GHSA-jj4j-x5ww-cwh9"
"ash","2.14.7","GHSA-jj4j-x5ww-cwh9"
"ash","2.14.8","GHSA-jj4j-x5ww-cwh9"
"ash","2.14.9","GHSA-jj4j-x5ww-cwh9"
"ash","2.15.0","GHSA-jj4j-x5ww-cwh9"
"ash","2.15.1","GHSA-jj4j-x5ww-cwh9"
"ash","2.15.10","GHSA-jj4j-x5ww-cwh9"
"ash","2.15.11","GHSA-jj4j-x5ww-cwh9"
"ash","2.15.12","GHSA-jj4j-x5ww-cwh9"
"ash","2.15.13","GHSA-jj4j-x5ww-cwh9"
"ash","2.15.14","GHSA-jj4j-x5ww-cwh9"
"ash","2.15.15","GHSA-jj4j-x5ww-cwh9"
"ash","2.15.16","GHSA-jj4j-x5ww-cwh9"
"ash","2.15.17","GHSA-jj4j-x5ww-cwh9"
"ash","2.15.18","GHSA-jj4j-x5ww-cwh9"
"ash","2.15.19","GHSA-jj4j-x5ww-cwh9"
"ash","2.15.2","GHSA-jj4j-x5ww-cwh9"
"ash","2.15.20","GHSA-jj4j-x5ww-cwh9"
"ash","2.15.4","GHSA-jj4j-x5ww-cwh9"
"ash","2.15.5","GHSA-jj4j-x5ww-cwh9"
"ash","2.15.6","GHSA-jj4j-x5ww-cwh9"
"ash","2.15.7","GHSA-jj4j-x5ww-cwh9"
"ash","2.15.8","GHSA-jj4j-x5ww-cwh9"
"ash","2.15.9","GHSA-jj4j-x5ww-cwh9"
"ash","2.16.0","GHSA-jj4j-x5ww-cwh9"
"ash","2.16.1","GHSA-jj4j-x5ww-cwh9"
"ash","2.17.0","GHSA-jj4j-x5ww-cwh9"
"ash","2.17.1","GHSA-jj4j-x5ww-cwh9"
"ash","2.17.10","GHSA-jj4j-x5ww-cwh9"
"ash","2.17.11","GHSA-jj4j-x5ww-cwh9"
"ash","2.17.12","GHSA-jj4j-x5ww-cwh9"
"ash","2.17.13","GHSA-jj4j-x5ww-cwh9"
"ash","2.17.14","GHSA-jj4j-x5ww-cwh9"
"ash","2.17.15","GHSA-jj4j-x5ww-cwh9"
"ash","2.17.16","GHSA-jj4j-x5ww-cwh9"
"ash","2.17.17","GHSA-jj4j-x5ww-cwh9"
"ash","2.17.18","GHSA-jj4j-x5ww-cwh9"
"ash","2.17.19","GHSA-jj4j-x5ww-cwh9"
"ash","2.17.2","GHSA-jj4j-x5ww-cwh9"
"ash","2.17.20","GHSA-jj4j-x5ww-cwh9"
"ash","2.17.21","GHSA-jj4j-x5ww-cwh9"
"ash","2.17.22","GHSA-jj4j-x5ww-cwh9"
"ash","2.17.23","GHSA-jj4j-x5ww-cwh9"
"ash","2.17.24","GHSA-jj4j-x5ww-cwh9"
"ash","2.17.3","GHSA-jj4j-x5ww-cwh9"
"ash","2.17.4","GHSA-jj4j-x5ww-cwh9"
"ash","2.17.5","GHSA-jj4j-x5ww-cwh9"
"ash","2.17.6","GHSA-jj4j-x5ww-cwh9"
"ash","2.17.7","GHSA-jj4j-x5ww-cwh9"
"ash","2.17.8","GHSA-jj4j-x5ww-cwh9"
"ash","2.17.9","GHSA-jj4j-x5ww-cwh9"
"ash","2.18.0","GHSA-jj4j-x5ww-cwh9"
"ash","2.18.1","GHSA-jj4j-x5ww-cwh9"
"ash","2.18.2","GHSA-jj4j-x5ww-cwh9"
"ash","2.19.0","GHSA-jj4j-x5ww-cwh9"
"ash","2.19.1","GHSA-jj4j-x5ww-cwh9"
"ash","2.19.10","GHSA-jj4j-x5ww-cwh9"
"ash","2.19.11","GHSA-jj4j-x5ww-cwh9"
"ash","2.19.12","GHSA-jj4j-x5ww-cwh9"
"ash","2.19.13","GHSA-jj4j-x5ww-cwh9"
"ash","2.19.14","GHSA-jj4j-x5ww-cwh9"
"ash","2.19.2","GHSA-jj4j-x5ww-cwh9"
"ash","2.19.3","GHSA-jj4j-x5ww-cwh9"
"ash","2.19.4","GHSA-jj4j-x5ww-cwh9"
"ash","2.19.5","GHSA-jj4j-x5ww-cwh9"
"ash","2.19.6","GHSA-jj4j-x5ww-cwh9"
"ash","2.19.7","GHSA-jj4j-x5ww-cwh9"
"ash","2.19.8","GHSA-jj4j-x5ww-cwh9"
"ash","2.19.9","GHSA-jj4j-x5ww-cwh9"
"ash","2.2.0","GHSA-jj4j-x5ww-cwh9"
"ash","2.20.0","GHSA-jj4j-x5ww-cwh9"
"ash","2.20.1","GHSA-jj4j-x5ww-cwh9"
"ash","2.20.2","GHSA-jj4j-x5ww-cwh9"
"ash","2.20.3","GHSA-jj4j-x5ww-cwh9"
"ash","2.21.0","GHSA-jj4j-x5ww-cwh9"
"ash","2.21.1","GHSA-jj4j-x5ww-cwh9"
"ash","2.21.10","GHSA-jj4j-x5ww-cwh9"
"ash","2.21.11","GHSA-jj4j-x5ww-cwh9"
"ash","2.21.12","GHSA-jj4j-x5ww-cwh9"
"ash","2.21.13","GHSA-jj4j-x5ww-cwh9"
"ash","2.21.14","GHSA-jj4j-x5ww-cwh9"
"ash","2.21.15","GHSA-jj4j-x5ww-cwh9"
"ash","2.21.2","GHSA-jj4j-x5ww-cwh9"
"ash","2.21.3","GHSA-jj4j-x5ww-cwh9"
"ash","2.21.4","GHSA-jj4j-x5ww-cwh9"
"ash","2.21.5","GHSA-jj4j-x5ww-cwh9"
"ash","2.21.6","GHSA-jj4j-x5ww-cwh9"
"ash","2.21.7","GHSA-jj4j-x5ww-cwh9"
"ash","2.21.8","GHSA-jj4j-x5ww-cwh9"
"ash","2.21.9","GHSA-jj4j-x5ww-cwh9"
"ash","2.3.0","GHSA-jj4j-x5ww-cwh9"
"ash","2.4.0","GHSA-jj4j-x5ww-cwh9"
"ash","2.4.1","GHSA-jj4j-x5ww-cwh9"
"ash","2.4.10","GHSA-jj4j-x5ww-cwh9"
"ash","2.4.11","GHSA-jj4j-x5ww-cwh9"
"ash","2.4.12","GHSA-jj4j-x5ww-cwh9"
"ash","2.4.13","GHSA-jj4j-x5ww-cwh9"
"ash","2.4.14","GHSA-jj4j-x5ww-cwh9"
"ash","2.4.15","GHSA-jj4j-x5ww-cwh9"
"ash","2.4.16","GHSA-jj4j-x5ww-cwh9"
"ash","2.4.17","GHSA-jj4j-x5ww-cwh9"
"ash","2.4.18","GHSA-jj4j-x5ww-cwh9"
"ash","2.4.19","GHSA-jj4j-x5ww-cwh9"
"ash","2.4.2","GHSA-jj4j-x5ww-cwh9"
"ash","2.4.20","GHSA-jj4j-x5ww-cwh9"
"ash","2.4.21","GHSA-jj4j-x5ww-cwh9"
"ash","2.4.22","GHSA-jj4j-x5ww-cwh9"
"ash","2.4.23","GHSA-jj4j-x5ww-cwh9"
"ash","2.4.24","GHSA-jj4j-x5ww-cwh9"
"ash","2.4.25","GHSA-jj4j-x5ww-cwh9"
"ash","2.4.26","GHSA-jj4j-x5ww-cwh9"
"ash","2.4.27","GHSA-jj4j-x5ww-cwh9"
"ash","2.4.28","GHSA-jj4j-x5ww-cwh9"
"ash","2.4.29","GHSA-jj4j-x5ww-cwh9"
"ash","2.4.3","GHSA-jj4j-x5ww-cwh9"
"ash","2.4.30","GHSA-jj4j-x5ww-cwh9"
"ash","2.4.4","GHSA-jj4j-x5ww-cwh9"
"ash","2.4.5","GHSA-jj4j-x5ww-cwh9"
"ash","2.4.6","GHSA-jj4j-x5ww-cwh9"
"ash","2.4.7","GHSA-jj4j-x5ww-cwh9"
"ash","2.4.8","GHSA-jj4j-x5ww-cwh9"
"ash","2.4.9","GHSA-jj4j-x5ww-cwh9"
"ash","2.5.0","GHSA-jj4j-x5ww-cwh9"
"ash","2.5.0-rc.0","GHSA-jj4j-x5ww-cwh9"
"ash","2.5.0-rc.1","GHSA-jj4j-x5ww-cwh9"
"ash","2.5.0-rc.2","GHSA-jj4j-x5ww-cwh9"
"ash","2.5.0-rc.3","GHSA-jj4j-x5ww-cwh9"
"ash","2.5.0-rc.4","GHSA-jj4j-x5ww-cwh9"
"ash","2.5.0-rc.5","GHSA-jj4j-x5ww-cwh9"
"ash","2.5.0-rc.6","GHSA-jj4j-x5ww-cwh9"
"ash","2.5.1","GHSA-jj4j-x5ww-cwh9"
"ash","2.5.10","GHSA-jj4j-x5ww-cwh9"
"ash","2.5.11","GHSA-jj4j-x5ww-cwh9"
"ash","2.5.12","GHSA-jj4j-x5ww-cwh9"
"ash","2.5.13","GHSA-jj4j-x5ww-cwh9"
"ash","2.5.14","GHSA-jj4j-x5ww-cwh9"
"ash","2.5.15","GHSA-jj4j-x5ww-cwh9"
"ash","2.5.16","GHSA-jj4j-x5ww-cwh9"
"ash","2.5.2","GHSA-jj4j-x5ww-cwh9"
"ash","2.5.3","GHSA-jj4j-x5ww-cwh9"
"ash","2.5.4","GHSA-jj4j-x5ww-cwh9"
"ash","2.5.5","GHSA-jj4j-x5ww-cwh9"
"ash","2.5.6","GHSA-jj4j-x5ww-cwh9"
"ash","2.5.7","GHSA-jj4j-x5ww-cwh9"
"ash","2.5.8","GHSA-jj4j-x5ww-cwh9"
"ash","2.5.9","GHSA-jj4j-x5ww-cwh9"
"ash","2.6.0","GHSA-jj4j-x5ww-cwh9"
"ash","2.6.1","GHSA-jj4j-x5ww-cwh9"
"ash","2.6.10","GHSA-jj4j-x5ww-cwh9"
"ash","2.6.11","GHSA-jj4j-x5ww-cwh9"
"ash","2.6.13","GHSA-jj4j-x5ww-cwh9"
"ash","2.6.14","GHSA-jj4j-x5ww-cwh9"
"ash","2.6.15","GHSA-jj4j-x5ww-cwh9"
"ash","2.6.16","GHSA-jj4j-x5ww-cwh9"
"ash","2.6.17","GHSA-jj4j-x5ww-cwh9"
"ash","2.6.18","GHSA-jj4j-x5ww-cwh9"
"ash","2.6.19","GHSA-jj4j-x5ww-cwh9"
"ash","2.6.2","GHSA-jj4j-x5ww-cwh9"
"ash","2.6.20","GHSA-jj4j-x5ww-cwh9"
"ash","2.6.21","GHSA-jj4j-x5ww-cwh9"
"ash","2.6.22","GHSA-jj4j-x5ww-cwh9"
"ash","2.6.23","GHSA-jj4j-x5ww-cwh9"
"ash","2.6.24","GHSA-jj4j-x5ww-cwh9"
"ash","2.6.25","GHSA-jj4j-x5ww-cwh9"
"ash","2.6.26","GHSA-jj4j-x5ww-cwh9"
"ash","2.6.27","GHSA-jj4j-x5ww-cwh9"
"ash","2.6.28","GHSA-jj4j-x5ww-cwh9"
"ash","2.6.29","GHSA-jj4j-x5ww-cwh9"
"ash","2.6.3","GHSA-jj4j-x5ww-cwh9"
"ash","2.6.30","GHSA-jj4j-x5ww-cwh9"
"ash","2.6.31","GHSA-jj4j-x5ww-cwh9"
"ash","2.6.4","GHSA-jj4j-x5ww-cwh9"
"ash","2.6.5","GHSA-jj4j-x5ww-cwh9"
"ash","2.6.6","GHSA-jj4j-x5ww-cwh9"
"ash","2.6.7","GHSA-jj4j-x5ww-cwh9"
"ash","2.6.8","GHSA-jj4j-x5ww-cwh9"
"ash","2.6.9","GHSA-jj4j-x5ww-cwh9"
"ash","2.7.0","GHSA-jj4j-x5ww-cwh9"
"ash","2.7.1","GHSA-jj4j-x5ww-cwh9"
"ash","2.8.0","GHSA-jj4j-x5ww-cwh9"
"ash","2.8.1","GHSA-jj4j-x5ww-cwh9"
"ash","2.9.0","GHSA-jj4j-x5ww-cwh9"
"ash","2.9.1","GHSA-jj4j-x5ww-cwh9"
"ash","2.9.10","GHSA-jj4j-x5ww-cwh9"
"ash","2.9.11","GHSA-jj4j-x5ww-cwh9"
"ash","2.9.12","GHSA-jj4j-x5ww-cwh9"
"ash","2.9.13","GHSA-jj4j-x5ww-cwh9"
"ash","2.9.14","GHSA-jj4j-x5ww-cwh9"
"ash","2.9.15","GHSA-jj4j-x5ww-cwh9"
"ash","2.9.16","GHSA-jj4j-x5ww-cwh9"
"ash","2.9.17","GHSA-jj4j-x5ww-cwh9"
"ash","2.9.18","GHSA-jj4j-x5ww-cwh9"
"ash","2.9.19","GHSA-jj4j-x5ww-cwh9"
"ash","2.9.2","GHSA-jj4j-x5ww-cwh9"
"ash","2.9.20","GHSA-jj4j-x5ww-cwh9"
"ash","2.9.21","GHSA-jj4j-x5ww-cwh9"
"ash","2.9.22","GHSA-jj4j-x5ww-cwh9"
"ash","2.9.23","GHSA-jj4j-x5ww-cwh9"
"ash","2.9.24","GHSA-jj4j-x5ww-cwh9"
"ash","2.9.25","GHSA-jj4j-x5ww-cwh9"
"ash","2.9.26","GHSA-jj4j-x5ww-cwh9"
"ash","2.9.27","GHSA-jj4j-x5ww-cwh9"
"ash","2.9.28","GHSA-jj4j-x5ww-cwh9"
"ash","2.9.29","GHSA-jj4j-x5ww-cwh9"
"ash","2.9.3","GHSA-jj4j-x5ww-cwh9"
"ash","2.9.4","GHSA-jj4j-x5ww-cwh9"
"ash","2.9.5","GHSA-jj4j-x5ww-cwh9"
"ash","2.9.6","GHSA-jj4j-x5ww-cwh9"
"ash","2.9.7","GHSA-jj4j-x5ww-cwh9"
"ash","2.9.8","GHSA-jj4j-x5ww-cwh9"
"ash","2.9.9","GHSA-jj4j-x5ww-cwh9"
"ash","3.0.0","GHSA-jj4j-x5ww-cwh9"
"ash","3.0.0-rc.0","GHSA-jj4j-x5ww-cwh9"
"ash","3.0.0-rc.1","GHSA-jj4j-x5ww-cwh9"
"ash","3.0.0-rc.10","GHSA-jj4j-x5ww-cwh9"
"ash","3.0.0-rc.11","GHSA-jj4j-x5ww-cwh9"
"ash","3.0.0-rc.12","GHSA-jj4j-x5ww-cwh9"
"ash","3.0.0-rc.13","GHSA-jj4j-x5ww-cwh9"
"ash","3.0.0-rc.14","GHSA-jj4j-x5ww-cwh9"
"ash","3.0.0-rc.15","GHSA-jj4j-x5ww-cwh9"
"ash","3.0.0-rc.16","GHSA-jj4j-x5ww-cwh9"
"ash","3.0.0-rc.17","GHSA-jj4j-x5ww-cwh9"
"ash","3.0.0-rc.18","GHSA-jj4j-x5ww-cwh9"
"ash","3.0.0-rc.19","GHSA-jj4j-x5ww-cwh9"
"ash","3.0.0-rc.20","GHSA-jj4j-x5ww-cwh9"
"ash","3.0.0-rc.21","GHSA-jj4j-x5ww-cwh9"
"ash","3.0.0-rc.22","GHSA-jj4j-x5ww-cwh9"
"ash","3.0.0-rc.23","GHSA-jj4j-x5ww-cwh9"
"ash","3.0.0-rc.24","GHSA-jj4j-x5ww-cwh9"
"ash","3.0.0-rc.25","GHSA-jj4j-x5ww-cwh9"
"ash","3.0.0-rc.26","GHSA-jj4j-x5ww-cwh9"
"ash","3.0.0-rc.27","GHSA-jj4j-x5ww-cwh9"
"ash","3.0.0-rc.28","GHSA-jj4j-x5ww-cwh9"
"ash","3.0.0-rc.29","GHSA-jj4j-x5ww-cwh9"
"ash","3.0.0-rc.3","GHSA-jj4j-x5ww-cwh9"
"ash","3.0.0-rc.31","GHSA-jj4j-x5ww-cwh9"
"ash","3.0.0-rc.32","GHSA-jj4j-x5ww-cwh9"
"ash","3.0.0-rc.33","GHSA-jj4j-x5ww-cwh9"
"ash","3.0.0-rc.34","GHSA-jj4j-x5ww-cwh9"
"ash","3.0.0-rc.35","GHSA-jj4j-x5ww-cwh9"
"ash","3.0.0-rc.36","GHSA-jj4j-x5ww-cwh9"
"ash","3.0.0-rc.37","GHSA-jj4j-x5ww-cwh9"
"ash","3.0.0-rc.38","GHSA-jj4j-x5ww-cwh9"
"ash","3.0.0-rc.39","GHSA-jj4j-x5ww-cwh9"
"ash","3.0.0-rc.4","GHSA-jj4j-x5ww-cwh9"
"ash","3.0.0-rc.40","GHSA-jj4j-x5ww-cwh9"
"ash","3.0.0-rc.41","GHSA-jj4j-x5ww-cwh9"
"ash","3.0.0-rc.42","GHSA-jj4j-x5ww-cwh9"
"ash","3.0.0-rc.43","GHSA-jj4j-x5ww-cwh9"
"ash","3.0.0-rc.44","GHSA-jj4j-x5ww-cwh9"
"ash","3.0.0-rc.45","GHSA-jj4j-x5ww-cwh9"
"ash","3.0.0-rc.46","GHSA-jj4j-x5ww-cwh9"
"ash","3.0.0-rc.5","GHSA-jj4j-x5ww-cwh9"
"ash","3.0.0-rc.6","GHSA-jj4j-x5ww-cwh9"
"ash","3.0.0-rc.7","GHSA-jj4j-x5ww-cwh9"
"ash","3.0.0-rc.8","GHSA-jj4j-x5ww-cwh9"
"ash","3.0.0-rc.9","GHSA-jj4j-x5ww-cwh9"
"ash","3.0.1","GHSA-jj4j-x5ww-cwh9"
"ash","3.0.10","GHSA-jj4j-x5ww-cwh9"
"ash","3.0.11","GHSA-jj4j-x5ww-cwh9"
"ash","3.0.12","GHSA-jj4j-x5ww-cwh9"
"ash","3.0.13","GHSA-jj4j-x5ww-cwh9"
"ash","3.0.14","GHSA-jj4j-x5ww-cwh9"
"ash","3.0.15","GHSA-jj4j-x5ww-cwh9"
"ash","3.0.16","GHSA-jj4j-x5ww-cwh9"
"ash","3.0.2","GHSA-jj4j-x5ww-cwh9"
"ash","3.0.3","GHSA-jj4j-x5ww-cwh9"
"ash","3.0.4","GHSA-jj4j-x5ww-cwh9"
"ash","3.0.5","GHSA-jj4j-x5ww-cwh9"
"ash","3.0.6","GHSA-jj4j-x5ww-cwh9"
"ash","3.0.7","GHSA-jj4j-x5ww-cwh9"
"ash","3.0.8","GHSA-jj4j-x5ww-cwh9"
"ash","3.0.9","GHSA-jj4j-x5ww-cwh9"
"ash","3.1.0","GHSA-jj4j-x5ww-cwh9"
"ash","3.1.1","GHSA-jj4j-x5ww-cwh9"
"ash","3.1.2","GHSA-jj4j-x5ww-cwh9"
"ash","3.1.3","GHSA-jj4j-x5ww-cwh9"
"ash","3.1.4","GHSA-jj4j-x5ww-cwh9"
"ash","3.1.5","GHSA-jj4j-x5ww-cwh9"
"ash","3.1.6","GHSA-jj4j-x5ww-cwh9"
"ash","3.1.7","GHSA-jj4j-x5ww-cwh9"
"ash","3.1.8","GHSA-jj4j-x5ww-cwh9"
"ash","3.2.0","GHSA-jj4j-x5ww-cwh9"
"ash","3.2.1","GHSA-jj4j-x5ww-cwh9"
"ash","3.2.2","GHSA-jj4j-x5ww-cwh9"
"ash","3.2.3","GHSA-jj4j-x5ww-cwh9"
"ash","3.2.4","GHSA-jj4j-x5ww-cwh9"
"ash","3.2.5","GHSA-jj4j-x5ww-cwh9"
"ash","3.2.6","GHSA-jj4j-x5ww-cwh9"
"ash","3.3.0","GHSA-jj4j-x5ww-cwh9"
"ash","3.3.1","GHSA-jj4j-x5ww-cwh9"
"ash","3.3.2","GHSA-jj4j-x5ww-cwh9"
"ash","3.3.3","GHSA-jj4j-x5ww-cwh9"
"ash","3.4.0","GHSA-jj4j-x5ww-cwh9"
"ash","3.4.1","GHSA-jj4j-x5ww-cwh9"
"ash","3.4.10","GHSA-jj4j-x5ww-cwh9"
"ash","3.4.11","GHSA-jj4j-x5ww-cwh9"
"ash","3.4.12","GHSA-jj4j-x5ww-cwh9"
"ash","3.4.13","GHSA-jj4j-x5ww-cwh9"
"ash","3.4.14","GHSA-jj4j-x5ww-cwh9"
"ash","3.4.15","GHSA-jj4j-x5ww-cwh9"
"ash","3.4.16","GHSA-jj4j-x5ww-cwh9"
"ash","3.4.17","GHSA-jj4j-x5ww-cwh9"
"ash","3.4.18","GHSA-jj4j-x5ww-cwh9"
"ash","3.4.19","GHSA-jj4j-x5ww-cwh9"
"ash","3.4.2","GHSA-jj4j-x5ww-cwh9"
"ash","3.4.20","GHSA-jj4j-x5ww-cwh9"
"ash","3.4.21","GHSA-jj4j-x5ww-cwh9"
"ash","3.4.22","GHSA-jj4j-x5ww-cwh9"
"ash","3.4.23","GHSA-jj4j-x5ww-cwh9"
"ash","3.4.24","GHSA-jj4j-x5ww-cwh9"
"ash","3.4.25","GHSA-jj4j-x5ww-cwh9"
"ash","3.4.26","GHSA-jj4j-x5ww-cwh9"
"ash","3.4.27","GHSA-jj4j-x5ww-cwh9"
"ash","3.4.28","GHSA-jj4j-x5ww-cwh9"
"ash","3.4.29","GHSA-jj4j-x5ww-cwh9"
"ash","3.4.3","GHSA-jj4j-x5ww-cwh9"
"ash","3.4.30","GHSA-jj4j-x5ww-cwh9"
"ash","3.4.31","GHSA-jj4j-x5ww-cwh9"
"ash","3.4.32","GHSA-jj4j-x5ww-cwh9"
"ash","3.4.33","GHSA-jj4j-x5ww-cwh9"
"ash","3.4.34","GHSA-jj4j-x5ww-cwh9"
"ash","3.4.35","GHSA-jj4j-x5ww-cwh9"
"ash","3.4.36","GHSA-jj4j-x5ww-cwh9"
"ash","3.4.37","GHSA-jj4j-x5ww-cwh9"
"ash","3.4.38","GHSA-jj4j-x5ww-cwh9"
"ash","3.4.39","GHSA-jj4j-x5ww-cwh9"
"ash","3.4.4","GHSA-jj4j-x5ww-cwh9"
"ash","3.4.40","GHSA-jj4j-x5ww-cwh9"
"ash","3.4.41","GHSA-jj4j-x5ww-cwh9"
"ash","3.4.42","GHSA-jj4j-x5ww-cwh9"
"ash","3.4.43","GHSA-jj4j-x5ww-cwh9"
"ash","3.4.44","GHSA-jj4j-x5ww-cwh9"
"ash","3.4.45","GHSA-jj4j-x5ww-cwh9"
"ash","3.4.46","GHSA-jj4j-x5ww-cwh9"
"ash","3.4.47","GHSA-jj4j-x5ww-cwh9"
"ash","3.4.48","GHSA-jj4j-x5ww-cwh9"
"ash","3.4.49","GHSA-jj4j-x5ww-cwh9"
"ash","3.4.5","GHSA-jj4j-x5ww-cwh9"
"ash","3.4.50","GHSA-jj4j-x5ww-cwh9"
"ash","3.4.51","GHSA-jj4j-x5ww-cwh9"
"ash","3.4.52","GHSA-jj4j-x5ww-cwh9"
"ash","3.4.53","GHSA-jj4j-x5ww-cwh9"
"ash","3.4.54","GHSA-jj4j-x5ww-cwh9"
"ash","3.4.55","GHSA-jj4j-x5ww-cwh9"
"ash","3.4.56","GHSA-jj4j-x5ww-cwh9"
"ash","3.4.57","GHSA-jj4j-x5ww-cwh9"
"ash","3.4.58","GHSA-jj4j-x5ww-cwh9"
"ash","3.4.59","GHSA-jj4j-x5ww-cwh9"
"ash","3.4.6","GHSA-jj4j-x5ww-cwh9"
"ash","3.4.60","GHSA-jj4j-x5ww-cwh9"
"ash","3.4.61","GHSA-jj4j-x5ww-cwh9"
"ash","3.4.62","GHSA-jj4j-x5ww-cwh9"
"ash","3.4.63","GHSA-jj4j-x5ww-cwh9"
"ash","3.4.64","GHSA-jj4j-x5ww-cwh9"
"ash","3.4.65","GHSA-jj4j-x5ww-cwh9"
"ash","3.4.66","GHSA-jj4j-x5ww-cwh9"
"ash","3.4.67","GHSA-jj4j-x5ww-cwh9"
"ash","3.4.68","GHSA-jj4j-x5ww-cwh9"
"ash","3.4.69","GHSA-jj4j-x5ww-cwh9"
"ash","3.4.7","GHSA-jj4j-x5ww-cwh9"
"ash","3.4.70","GHSA-jj4j-x5ww-cwh9"
"ash","3.4.71","GHSA-jj4j-x5ww-cwh9"
"ash","3.4.72","GHSA-jj4j-x5ww-cwh9"
"ash","3.4.73","GHSA-jj4j-x5ww-cwh9"
"ash","3.4.74","GHSA-jj4j-x5ww-cwh9"
"ash","3.4.8","GHSA-jj4j-x5ww-cwh9"
"ash","3.4.9","GHSA-jj4j-x5ww-cwh9"
"ash","3.5.0","GHSA-jj4j-x5ww-cwh9"
"ash","3.5.1","GHSA-jj4j-x5ww-cwh9"
"ash","3.5.10","GHSA-jj4j-x5ww-cwh9"
"ash","3.5.11","GHSA-jj4j-x5ww-cwh9"
"ash","3.5.12","GHSA-jj4j-x5ww-cwh9"
"ash","3.5.13","GHSA-jj4j-x5ww-cwh9"
"ash","3.5.14","GHSA-jj4j-x5ww-cwh9"
"ash","3.5.15","GHSA-jj4j-x5ww-cwh9"
"ash","3.5.16","GHSA-jj4j-x5ww-cwh9"
"ash","3.5.17","GHSA-jj4j-x5ww-cwh9"
"ash","3.5.18","GHSA-jj4j-x5ww-cwh9"
"ash","3.5.19","GHSA-jj4j-x5ww-cwh9"
"ash","3.5.2","GHSA-jj4j-x5ww-cwh9"
"ash","3.5.20","GHSA-jj4j-x5ww-cwh9"
"ash","3.5.21","GHSA-jj4j-x5ww-cwh9"
"ash","3.5.22","GHSA-jj4j-x5ww-cwh9"
"ash","3.5.23","GHSA-jj4j-x5ww-cwh9"
"ash","3.5.24","GHSA-jj4j-x5ww-cwh9"
"ash","3.5.25","GHSA-jj4j-x5ww-cwh9"
"ash","3.5.26","GHSA-jj4j-x5ww-cwh9"
"ash","3.5.27","GHSA-jj4j-x5ww-cwh9"
"ash","3.5.28","GHSA-jj4j-x5ww-cwh9"
"ash","3.5.29","GHSA-jj4j-x5ww-cwh9"
"ash","3.5.3","GHSA-jj4j-x5ww-cwh9"
"ash","3.5.30","GHSA-jj4j-x5ww-cwh9"
"ash","3.5.31","GHSA-jj4j-x5ww-cwh9"
"ash","3.5.32","GHSA-jj4j-x5ww-cwh9"
"ash","3.5.33","GHSA-jj4j-x5ww-cwh9"
"ash","3.5.34","GHSA-jj4j-x5ww-cwh9"
"ash","3.5.35","GHSA-jj4j-x5ww-cwh9"
"ash","3.5.36","GHSA-jj4j-x5ww-cwh9"
"ash","3.5.37","GHSA-jj4j-x5ww-cwh9"
"ash","3.5.38","GHSA-jj4j-x5ww-cwh9"
"ash","3.5.4","GHSA-jj4j-x5ww-cwh9"
"ash","3.5.5","GHSA-jj4j-x5ww-cwh9"
"ash","3.5.6","GHSA-jj4j-x5ww-cwh9"
"ash","3.5.7","GHSA-jj4j-x5ww-cwh9"
"ash","3.5.8","GHSA-jj4j-x5ww-cwh9"
"ash","3.5.9","GHSA-jj4j-x5ww-cwh9"
"ash","0.1.0","GHSA-jjf9-w5vj-r6vp"
"ash","0.1.1","GHSA-jjf9-w5vj-r6vp"
"ash","0.1.3","GHSA-jjf9-w5vj-r6vp"
"ash","0.1.8","GHSA-jjf9-w5vj-r6vp"
"ash","0.1.9","GHSA-jjf9-w5vj-r6vp"
"ash","0.10.0","GHSA-jjf9-w5vj-r6vp"
"ash","0.12.0","GHSA-jjf9-w5vj-r6vp"
"ash","0.13.0","GHSA-jjf9-w5vj-r6vp"
"ash","0.13.1","GHSA-jjf9-w5vj-r6vp"
"ash","0.2.0","GHSA-jjf9-w5vj-r6vp"
"ash","0.3.0","GHSA-jjf9-w5vj-r6vp"
"ash","0.4.0","GHSA-jjf9-w5vj-r6vp"
"ash","0.5.0","GHSA-jjf9-w5vj-r6vp"
"ash","0.5.1","GHSA-jjf9-w5vj-r6vp"
"ash","0.5.2","GHSA-jjf9-w5vj-r6vp"
"ash","0.6.0","GHSA-jjf9-w5vj-r6vp"
"ash","0.6.1","GHSA-jjf9-w5vj-r6vp"
"ash","0.6.2","GHSA-jjf9-w5vj-r6vp"
"ash","0.6.3","GHSA-jjf9-w5vj-r6vp"
"ash","0.6.4","GHSA-jjf9-w5vj-r6vp"
"ash","0.6.5","GHSA-jjf9-w5vj-r6vp"
"ash","0.7.0","GHSA-jjf9-w5vj-r6vp"
"ash","0.8.0","GHSA-jjf9-w5vj-r6vp"
"ash","0.9.0","GHSA-jjf9-w5vj-r6vp"
"ash","0.9.1","GHSA-jjf9-w5vj-r6vp"
"ash","1.0.0","GHSA-jjf9-w5vj-r6vp"
"ash","1.0.1","GHSA-jjf9-w5vj-r6vp"
"ash","1.0.2","GHSA-jjf9-w5vj-r6vp"
"ash","1.0.3","GHSA-jjf9-w5vj-r6vp"
"ash","1.1.0","GHSA-jjf9-w5vj-r6vp"
"ash","1.1.2","GHSA-jjf9-w5vj-r6vp"
"ash","1.1.3","GHSA-jjf9-w5vj-r6vp"
"ash","1.10.0","GHSA-jjf9-w5vj-r6vp"
"ash","1.11.0","GHSA-jjf9-w5vj-r6vp"
"ash","1.11.1","GHSA-jjf9-w5vj-r6vp"
"ash","1.12.0","GHSA-jjf9-w5vj-r6vp"
"ash","1.13.0","GHSA-jjf9-w5vj-r6vp"
"ash","1.13.1","GHSA-jjf9-w5vj-r6vp"
"ash","1.13.2","GHSA-jjf9-w5vj-r6vp"
"ash","1.13.3","GHSA-jjf9-w5vj-r6vp"
"ash","1.13.4","GHSA-jjf9-w5vj-r6vp"
"ash","1.14.0","GHSA-jjf9-w5vj-r6vp"
"ash","1.15.0","GHSA-jjf9-w5vj-r6vp"
"ash","1.15.1","GHSA-jjf9-w5vj-r6vp"
"ash","1.16.2","GHSA-jjf9-w5vj-r6vp"
"ash","1.17.0","GHSA-jjf9-w5vj-r6vp"
"ash","1.17.1","GHSA-jjf9-w5vj-r6vp"
"ash","1.18.0","GHSA-jjf9-w5vj-r6vp"
"ash","1.18.1","GHSA-jjf9-w5vj-r6vp"
"ash","1.19.0","GHSA-jjf9-w5vj-r6vp"
"ash","1.19.1","GHSA-jjf9-w5vj-r6vp"
"ash","1.2.0","GHSA-jjf9-w5vj-r6vp"
"ash","1.2.1","GHSA-jjf9-w5vj-r6vp"
"ash","1.20.0","GHSA-jjf9-w5vj-r6vp"
"ash","1.20.1","GHSA-jjf9-w5vj-r6vp"
"ash","1.22.0","GHSA-jjf9-w5vj-r6vp"
"ash","1.22.1","GHSA-jjf9-w5vj-r6vp"
"ash","1.23.0","GHSA-jjf9-w5vj-r6vp"
"ash","1.23.1","GHSA-jjf9-w5vj-r6vp"
"ash","1.23.2","GHSA-jjf9-w5vj-r6vp"
"ash","1.23.3","GHSA-jjf9-w5vj-r6vp"
"ash","1.24.0","GHSA-jjf9-w5vj-r6vp"
"ash","1.24.1","GHSA-jjf9-w5vj-r6vp"
"ash","1.24.2","GHSA-jjf9-w5vj-r6vp"
"ash","1.25.0","GHSA-jjf9-w5vj-r6vp"
"ash","1.25.1","GHSA-jjf9-w5vj-r6vp"
"ash","1.25.2","GHSA-jjf9-w5vj-r6vp"
"ash","1.25.3","GHSA-jjf9-w5vj-r6vp"
"ash","1.25.4","GHSA-jjf9-w5vj-r6vp"
"ash","1.25.5","GHSA-jjf9-w5vj-r6vp"
"ash","1.25.6","GHSA-jjf9-w5vj-r6vp"
"ash","1.25.7","GHSA-jjf9-w5vj-r6vp"
"ash","1.25.8","GHSA-jjf9-w5vj-r6vp"
"ash","1.26.0","GHSA-jjf9-w5vj-r6vp"
"ash","1.26.1","GHSA-jjf9-w5vj-r6vp"
"ash","1.26.10","GHSA-jjf9-w5vj-r6vp"
"ash","1.26.11","GHSA-jjf9-w5vj-r6vp"
"ash","1.26.12","GHSA-jjf9-w5vj-r6vp"
"ash","1.26.13","GHSA-jjf9-w5vj-r6vp"
"ash","1.26.2","GHSA-jjf9-w5vj-r6vp"
"ash","1.26.4","GHSA-jjf9-w5vj-r6vp"
"ash","1.26.5","GHSA-jjf9-w5vj-r6vp"
"ash","1.26.6","GHSA-jjf9-w5vj-r6vp"
"ash","1.26.7","GHSA-jjf9-w5vj-r6vp"
"ash","1.26.8","GHSA-jjf9-w5vj-r6vp"
"ash","1.26.9","GHSA-jjf9-w5vj-r6vp"
"ash","1.27.0","GHSA-jjf9-w5vj-r6vp"
"ash","1.27.1","GHSA-jjf9-w5vj-r6vp"
"ash","1.28.0","GHSA-jjf9-w5vj-r6vp"
"ash","1.28.1","GHSA-jjf9-w5vj-r6vp"
"ash","1.29.0-rc0","GHSA-jjf9-w5vj-r6vp"
"ash","1.29.0-rc1","GHSA-jjf9-w5vj-r6vp"
"ash","1.3.0","GHSA-jjf9-w5vj-r6vp"
"ash","1.3.1","GHSA-jjf9-w5vj-r6vp"
"ash","1.30.1","GHSA-jjf9-w5vj-r6vp"
"ash","1.30.2","GHSA-jjf9-w5vj-r6vp"
"ash","1.31.0","GHSA-jjf9-w5vj-r6vp"
"ash","1.31.1","GHSA-jjf9-w5vj-r6vp"
"ash","1.32.0","GHSA-jjf9-w5vj-r6vp"
"ash","1.32.1","GHSA-jjf9-w5vj-r6vp"
"ash","1.32.2","GHSA-jjf9-w5vj-r6vp"
"ash","1.33.0","GHSA-jjf9-w5vj-r6vp"
"ash","1.34.0","GHSA-jjf9-w5vj-r6vp"
"ash","1.34.1","GHSA-jjf9-w5vj-r6vp"
"ash","1.34.2","GHSA-jjf9-w5vj-r6vp"
"ash","1.34.3","GHSA-jjf9-w5vj-r6vp"
"ash","1.34.4","GHSA-jjf9-w5vj-r6vp"
"ash","1.34.5","GHSA-jjf9-w5vj-r6vp"
"ash","1.34.6","GHSA-jjf9-w5vj-r6vp"
"ash","1.34.7","GHSA-jjf9-w5vj-r6vp"
"ash","1.34.8","GHSA-jjf9-w5vj-r6vp"
"ash","1.34.9","GHSA-jjf9-w5vj-r6vp"
"ash","1.35.0","GHSA-jjf9-w5vj-r6vp"
"ash","1.35.1","GHSA-jjf9-w5vj-r6vp"
"ash","1.36.0","GHSA-jjf9-w5vj-r6vp"
"ash","1.36.10","GHSA-jjf9-w5vj-r6vp"
"ash","1.36.11","GHSA-jjf9-w5vj-r6vp"
"ash","1.36.12","GHSA-jjf9-w5vj-r6vp"
"ash","1.36.13","GHSA-jjf9-w5vj-r6vp"
"ash","1.36.14","GHSA-jjf9-w5vj-r6vp"
"ash","1.36.15","GHSA-jjf9-w5vj-r6vp"
"ash","1.36.16","GHSA-jjf9-w5vj-r6vp"
"ash","1.36.17","GHSA-jjf9-w5vj-r6vp"
"ash","1.36.18","GHSA-jjf9-w5vj-r6vp"
"ash","1.36.19","GHSA-jjf9-w5vj-r6vp"
"ash","1.36.2","GHSA-jjf9-w5vj-r6vp"
"ash","1.36.21","GHSA-jjf9-w5vj-r6vp"
"ash","1.36.22","GHSA-jjf9-w5vj-r6vp"
"ash","1.36.3","GHSA-jjf9-w5vj-r6vp"
"ash","1.36.4","GHSA-jjf9-w5vj-r6vp"
"ash","1.36.5","GHSA-jjf9-w5vj-r6vp"
"ash","1.36.6","GHSA-jjf9-w5vj-r6vp"
"ash","1.36.7","GHSA-jjf9-w5vj-r6vp"
"ash","1.36.8","GHSA-jjf9-w5vj-r6vp"
"ash","1.36.9","GHSA-jjf9-w5vj-r6vp"
"ash","1.37.0","GHSA-jjf9-w5vj-r6vp"
"ash","1.37.1","GHSA-jjf9-w5vj-r6vp"
"ash","1.37.2","GHSA-jjf9-w5vj-r6vp"
"ash","1.38.0","GHSA-jjf9-w5vj-r6vp"
"ash","1.39.0","GHSA-jjf9-w5vj-r6vp"
"ash","1.39.1","GHSA-jjf9-w5vj-r6vp"
"ash","1.39.2","GHSA-jjf9-w5vj-r6vp"
"ash","1.39.3","GHSA-jjf9-w5vj-r6vp"
"ash","1.39.4","GHSA-jjf9-w5vj-r6vp"
"ash","1.39.5","GHSA-jjf9-w5vj-r6vp"
"ash","1.39.6","GHSA-jjf9-w5vj-r6vp"
"ash","1.39.7","GHSA-jjf9-w5vj-r6vp"
"ash","1.4.0","GHSA-jjf9-w5vj-r6vp"
"ash","1.4.1","GHSA-jjf9-w5vj-r6vp"
"ash","1.40.0","GHSA-jjf9-w5vj-r6vp"
"ash","1.41.0","GHSA-jjf9-w5vj-r6vp"
"ash","1.41.1","GHSA-jjf9-w5vj-r6vp"
"ash","1.41.10","GHSA-jjf9-w5vj-r6vp"
"ash","1.41.11","GHSA-jjf9-w5vj-r6vp"
"ash","1.41.12","GHSA-jjf9-w5vj-r6vp"
"ash","1.41.2","GHSA-jjf9-w5vj-r6vp"
"ash","1.41.3","GHSA-jjf9-w5vj-r6vp"
"ash","1.41.4","GHSA-jjf9-w5vj-r6vp"
"ash","1.41.5","GHSA-jjf9-w5vj-r6vp"
"ash","1.41.6","GHSA-jjf9-w5vj-r6vp"
"ash","1.41.7","GHSA-jjf9-w5vj-r6vp"
"ash","1.41.8","GHSA-jjf9-w5vj-r6vp"
"ash","1.41.9","GHSA-jjf9-w5vj-r6vp"
"ash","1.42.0","GHSA-jjf9-w5vj-r6vp"
"ash","1.43.0","GHSA-jjf9-w5vj-r6vp"
"ash","1.43.1","GHSA-jjf9-w5vj-r6vp"
"ash","1.43.10","GHSA-jjf9-w5vj-r6vp"
"ash","1.43.11","GHSA-jjf9-w5vj-r6vp"
"ash","1.43.12","GHSA-jjf9-w5vj-r6vp"
"ash","1.43.2","GHSA-jjf9-w5vj-r6vp"
"ash","1.43.3","GHSA-jjf9-w5vj-r6vp"
"ash","1.43.4","GHSA-jjf9-w5vj-r6vp"
"ash","1.43.5","GHSA-jjf9-w5vj-r6vp"
"ash","1.43.6","GHSA-jjf9-w5vj-r6vp"
"ash","1.43.7","GHSA-jjf9-w5vj-r6vp"
"ash","1.43.8","GHSA-jjf9-w5vj-r6vp"
"ash","1.43.9","GHSA-jjf9-w5vj-r6vp"
"ash","1.44.0","GHSA-jjf9-w5vj-r6vp"
"ash","1.44.1","GHSA-jjf9-w5vj-r6vp"
"ash","1.44.10","GHSA-jjf9-w5vj-r6vp"
"ash","1.44.11","GHSA-jjf9-w5vj-r6vp"
"ash","1.44.12","GHSA-jjf9-w5vj-r6vp"
"ash","1.44.13","GHSA-jjf9-w5vj-r6vp"
"ash","1.44.2","GHSA-jjf9-w5vj-r6vp"
"ash","1.44.3","GHSA-jjf9-w5vj-r6vp"
"ash","1.44.4","GHSA-jjf9-w5vj-r6vp"
"ash","1.44.5","GHSA-jjf9-w5vj-r6vp"
"ash","1.44.6","GHSA-jjf9-w5vj-r6vp"
"ash","1.44.7","GHSA-jjf9-w5vj-r6vp"
"ash","1.44.8","GHSA-jjf9-w5vj-r6vp"
"ash","1.44.9","GHSA-jjf9-w5vj-r6vp"
"ash","1.45.0-rc0","GHSA-jjf9-w5vj-r6vp"
"ash","1.45.0-rc1","GHSA-jjf9-w5vj-r6vp"
"ash","1.45.0-rc10","GHSA-jjf9-w5vj-r6vp"
"ash","1.45.0-rc11","GHSA-jjf9-w5vj-r6vp"
"ash","1.45.0-rc12","GHSA-jjf9-w5vj-r6vp"
"ash","1.45.0-rc13","GHSA-jjf9-w5vj-r6vp"
"ash","1.45.0-rc14","GHSA-jjf9-w5vj-r6vp"
"ash","1.45.0-rc15","GHSA-jjf9-w5vj-r6vp"
"ash","1.45.0-rc16","GHSA-jjf9-w5vj-r6vp"
"ash","1.45.0-rc17","GHSA-jjf9-w5vj-r6vp"
"ash","1.45.0-rc18","GHSA-jjf9-w5vj-r6vp"
"ash","1.45.0-rc19","GHSA-jjf9-w5vj-r6vp"
"ash","1.45.0-rc2","GHSA-jjf9-w5vj-r6vp"
"ash","1.45.0-rc20","GHSA-jjf9-w5vj-r6vp"
"ash","1.45.0-rc3","GHSA-jjf9-w5vj-r6vp"
"ash","1.45.0-rc4","GHSA-jjf9-w5vj-r6vp"
"ash","1.45.0-rc5","GHSA-jjf9-w5vj-r6vp"
"ash","1.45.0-rc6","GHSA-jjf9-w5vj-r6vp"
"ash","1.45.0-rc7","GHSA-jjf9-w5vj-r6vp"
"ash","1.45.0-rc8","GHSA-jjf9-w5vj-r6vp"
"ash","1.45.0-rc9","GHSA-jjf9-w5vj-r6vp"
"ash","1.46.0","GHSA-jjf9-w5vj-r6vp"
"ash","1.46.1","GHSA-jjf9-w5vj-r6vp"
"ash","1.46.10","GHSA-jjf9-w5vj-r6vp"
"ash","1.46.11","GHSA-jjf9-w5vj-r6vp"
"ash","1.46.12","GHSA-jjf9-w5vj-r6vp"
"ash","1.46.13","GHSA-jjf9-w5vj-r6vp"
"ash","1.46.2","GHSA-jjf9-w5vj-r6vp"
"ash","1.46.3","GHSA-jjf9-w5vj-r6vp"
"ash","1.46.4","GHSA-jjf9-w5vj-r6vp"
"ash","1.46.5","GHSA-jjf9-w5vj-r6vp"
"ash","1.46.6","GHSA-jjf9-w5vj-r6vp"
"ash","1.46.7","GHSA-jjf9-w5vj-r6vp"
"ash","1.46.8","GHSA-jjf9-w5vj-r6vp"
"ash","1.46.9","GHSA-jjf9-w5vj-r6vp"
"ash","1.47.0","GHSA-jjf9-w5vj-r6vp"
"ash","1.47.1","GHSA-jjf9-w5vj-r6vp"
"ash","1.47.10","GHSA-jjf9-w5vj-r6vp"
"ash","1.47.11","GHSA-jjf9-w5vj-r6vp"
"ash","1.47.12","GHSA-jjf9-w5vj-r6vp"
"ash","1.47.2","GHSA-jjf9-w5vj-r6vp"
"ash","1.47.3","GHSA-jjf9-w5vj-r6vp"
"ash","1.47.4","GHSA-jjf9-w5vj-r6vp"
"ash","1.47.5","GHSA-jjf9-w5vj-r6vp"
"ash","1.47.6","GHSA-jjf9-w5vj-r6vp"
"ash","1.47.7","GHSA-jjf9-w5vj-r6vp"
"ash","1.47.8","GHSA-jjf9-w5vj-r6vp"
"ash","1.47.9","GHSA-jjf9-w5vj-r6vp"
"ash","1.48.0-rc.0","GHSA-jjf9-w5vj-r6vp"
"ash","1.48.0-rc.1","GHSA-jjf9-w5vj-r6vp"
"ash","1.48.0-rc.10","GHSA-jjf9-w5vj-r6vp"
"ash","1.48.0-rc.11","GHSA-jjf9-w5vj-r6vp"
"ash","1.48.0-rc.12","GHSA-jjf9-w5vj-r6vp"
"ash","1.48.0-rc.13","GHSA-jjf9-w5vj-r6vp"
"ash","1.48.0-rc.14","GHSA-jjf9-w5vj-r6vp"
"ash","1.48.0-rc.15","GHSA-jjf9-w5vj-r6vp"
"ash","1.48.0-rc.16","GHSA-jjf9-w5vj-r6vp"
"ash","1.48.0-rc.17","GHSA-jjf9-w5vj-r6vp"
"ash","1.48.0-rc.18","GHSA-jjf9-w5vj-r6vp"
"ash","1.48.0-rc.19","GHSA-jjf9-w5vj-r6vp"
"ash","1.48.0-rc.2","GHSA-jjf9-w5vj-r6vp"
"ash","1.48.0-rc.20","GHSA-jjf9-w5vj-r6vp"
"ash","1.48.0-rc.21","GHSA-jjf9-w5vj-r6vp"
"ash","1.48.0-rc.22","GHSA-jjf9-w5vj-r6vp"
"ash","1.48.0-rc.23","GHSA-jjf9-w5vj-r6vp"
"ash","1.48.0-rc.24","GHSA-jjf9-w5vj-r6vp"
"ash","1.48.0-rc.25","GHSA-jjf9-w5vj-r6vp"
"ash","1.48.0-rc.26","GHSA-jjf9-w5vj-r6vp"
"ash","1.48.0-rc.27","GHSA-jjf9-w5vj-r6vp"
"ash","1.48.0-rc.28","GHSA-jjf9-w5vj-r6vp"
"ash","1.48.0-rc.29","GHSA-jjf9-w5vj-r6vp"
"ash","1.48.0-rc.3","GHSA-jjf9-w5vj-r6vp"
"ash","1.48.0-rc.30","GHSA-jjf9-w5vj-r6vp"
"ash","1.48.0-rc.4","GHSA-jjf9-w5vj-r6vp"
"ash","1.48.0-rc.5","GHSA-jjf9-w5vj-r6vp"
"ash","1.48.0-rc.6","GHSA-jjf9-w5vj-r6vp"
"ash","1.48.0-rc.7","GHSA-jjf9-w5vj-r6vp"
"ash","1.48.0-rc.8","GHSA-jjf9-w5vj-r6vp"
"ash","1.48.0-rc.9","GHSA-jjf9-w5vj-r6vp"
"ash","1.49.0","GHSA-jjf9-w5vj-r6vp"
"ash","1.5.0","GHSA-jjf9-w5vj-r6vp"
"ash","1.5.1","GHSA-jjf9-w5vj-r6vp"
"ash","1.50.0","GHSA-jjf9-w5vj-r6vp"
"ash","1.50.1","GHSA-jjf9-w5vj-r6vp"
"ash","1.50.10","GHSA-jjf9-w5vj-r6vp"
"ash","1.50.11","GHSA-jjf9-w5vj-r6vp"
"ash","1.50.12","GHSA-jjf9-w5vj-r6vp"
"ash","1.50.13","GHSA-jjf9-w5vj-r6vp"
"ash","1.50.14","GHSA-jjf9-w5vj-r6vp"
"ash","1.50.15","GHSA-jjf9-w5vj-r6vp"
"ash","1.50.16","GHSA-jjf9-w5vj-r6vp"
"ash","1.50.17","GHSA-jjf9-w5vj-r6vp"
"ash","1.50.18","GHSA-jjf9-w5vj-r6vp"
"ash","1.50.19","GHSA-jjf9-w5vj-r6vp"
"ash","1.50.2","GHSA-jjf9-w5vj-r6vp"
"ash","1.50.20","GHSA-jjf9-w5vj-r6vp"
"ash","1.50.21","GHSA-jjf9-w5vj-r6vp"
"ash","1.50.3","GHSA-jjf9-w5vj-r6vp"
"ash","1.50.4","GHSA-jjf9-w5vj-r6vp"
"ash","1.50.5","GHSA-jjf9-w5vj-r6vp"
"ash","1.50.6","GHSA-jjf9-w5vj-r6vp"
"ash","1.50.7","GHSA-jjf9-w5vj-r6vp"
"ash","1.50.8","GHSA-jjf9-w5vj-r6vp"
"ash","1.50.9","GHSA-jjf9-w5vj-r6vp"
"ash","1.51.0","GHSA-jjf9-w5vj-r6vp"
"ash","1.51.1","GHSA-jjf9-w5vj-r6vp"
"ash","1.51.2","GHSA-jjf9-w5vj-r6vp"
"ash","1.52.0-rc.0","GHSA-jjf9-w5vj-r6vp"
"ash","1.52.0-rc.1","GHSA-jjf9-w5vj-r6vp"
"ash","1.52.0-rc.10","GHSA-jjf9-w5vj-r6vp"
"ash","1.52.0-rc.11","GHSA-jjf9-w5vj-r6vp"
"ash","1.52.0-rc.12","GHSA-jjf9-w5vj-r6vp"
"ash","1.52.0-rc.13","GHSA-jjf9-w5vj-r6vp"
"ash","1.52.0-rc.14","GHSA-jjf9-w5vj-r6vp"
"ash","1.52.0-rc.15","GHSA-jjf9-w5vj-r6vp"
"ash","1.52.0-rc.16","GHSA-jjf9-w5vj-r6vp"
"ash","1.52.0-rc.17","GHSA-jjf9-w5vj-r6vp"
"ash","1.52.0-rc.18","GHSA-jjf9-w5vj-r6vp"
"ash","1.52.0-rc.19","GHSA-jjf9-w5vj-r6vp"
"ash","1.52.0-rc.2","GHSA-jjf9-w5vj-r6vp"
"ash","1.52.0-rc.20","GHSA-jjf9-w5vj-r6vp"
"ash","1.52.0-rc.21","GHSA-jjf9-w5vj-r6vp"
"ash","1.52.0-rc.22","GHSA-jjf9-w5vj-r6vp"
"ash","1.52.0-rc.3","GHSA-jjf9-w5vj-r6vp"
"ash","1.52.0-rc.4","GHSA-jjf9-w5vj-r6vp"
"ash","1.52.0-rc.5","GHSA-jjf9-w5vj-r6vp"
"ash","1.52.0-rc.6","GHSA-jjf9-w5vj-r6vp"
"ash","1.52.0-rc.7","GHSA-jjf9-w5vj-r6vp"
"ash","1.52.0-rc.8","GHSA-jjf9-w5vj-r6vp"
"ash","1.52.0-rc.9","GHSA-jjf9-w5vj-r6vp"
"ash","1.53.0","GHSA-jjf9-w5vj-r6vp"
"ash","1.53.2","GHSA-jjf9-w5vj-r6vp"
"ash","1.53.3","GHSA-jjf9-w5vj-r6vp"
"ash","1.6.0","GHSA-jjf9-w5vj-r6vp"
"ash","1.6.1","GHSA-jjf9-w5vj-r6vp"
"ash","1.6.2","GHSA-jjf9-w5vj-r6vp"
"ash","1.6.3","GHSA-jjf9-w5vj-r6vp"
"ash","1.6.4","GHSA-jjf9-w5vj-r6vp"
"ash","1.6.5","GHSA-jjf9-w5vj-r6vp"
"ash","1.6.6","GHSA-jjf9-w5vj-r6vp"
"ash","1.6.7","GHSA-jjf9-w5vj-r6vp"
"ash","1.6.8","GHSA-jjf9-w5vj-r6vp"
"ash","1.7.0","GHSA-jjf9-w5vj-r6vp"
"ash","1.8.0","GHSA-jjf9-w5vj-r6vp"
"ash","1.9.0","GHSA-jjf9-w5vj-r6vp"
"ash","2.0.0","GHSA-jjf9-w5vj-r6vp"
"ash","2.0.0-pre.0","GHSA-jjf9-w5vj-r6vp"
"ash","2.0.0-pre.1","GHSA-jjf9-w5vj-r6vp"
"ash","2.0.0-pre.2","GHSA-jjf9-w5vj-r6vp"
"ash","2.0.0-pre.3","GHSA-jjf9-w5vj-r6vp"
"ash","2.0.0-pre.4","GHSA-jjf9-w5vj-r6vp"
"ash","2.0.0-pre.5","GHSA-jjf9-w5vj-r6vp"
"ash","2.0.0-pre.6","GHSA-jjf9-w5vj-r6vp"
"ash","2.0.0-pre.7","GHSA-jjf9-w5vj-r6vp"
"ash","2.0.0-pre.8","GHSA-jjf9-w5vj-r6vp"
"ash","2.0.0-rc.0","GHSA-jjf9-w5vj-r6vp"
"ash","2.0.0-rc.1","GHSA-jjf9-w5vj-r6vp"
"ash","2.0.0-rc.10","GHSA-jjf9-w5vj-r6vp"
"ash","2.0.0-rc.11","GHSA-jjf9-w5vj-r6vp"
"ash","2.0.0-rc.12","GHSA-jjf9-w5vj-r6vp"
"ash","2.0.0-rc.13","GHSA-jjf9-w5vj-r6vp"
"ash","2.0.0-rc.14","GHSA-jjf9-w5vj-r6vp"
"ash","2.0.0-rc.15","GHSA-jjf9-w5vj-r6vp"
"ash","2.0.0-rc.2","GHSA-jjf9-w5vj-r6vp"
"ash","2.0.0-rc.3","GHSA-jjf9-w5vj-r6vp"
"ash","2.0.0-rc.4","GHSA-jjf9-w5vj-r6vp"
"ash","2.0.0-rc.5","GHSA-jjf9-w5vj-r6vp"
"ash","2.0.0-rc.6","GHSA-jjf9-w5vj-r6vp"
"ash","2.0.0-rc.7","GHSA-jjf9-w5vj-r6vp"
"ash","2.0.0-rc.8","GHSA-jjf9-w5vj-r6vp"
"ash","2.0.0-rc.9","GHSA-jjf9-w5vj-r6vp"
"ash","2.1.0","GHSA-jjf9-w5vj-r6vp"
"ash","2.10.0","GHSA-jjf9-w5vj-r6vp"
"ash","2.10.1","GHSA-jjf9-w5vj-r6vp"
"ash","2.10.2","GHSA-jjf9-w5vj-r6vp"
"ash","2.11.0","GHSA-jjf9-w5vj-r6vp"
"ash","2.11.0-rc.0","GHSA-jjf9-w5vj-r6vp"
"ash","2.11.0-rc.1","GHSA-jjf9-w5vj-r6vp"
"ash","2.11.0-rc.2","GHSA-jjf9-w5vj-r6vp"
"ash","2.11.0-rc.3","GHSA-jjf9-w5vj-r6vp"
"ash","2.11.1","GHSA-jjf9-w5vj-r6vp"
"ash","2.11.10","GHSA-jjf9-w5vj-r6vp"
"ash","2.11.11","GHSA-jjf9-w5vj-r6vp"
"ash","2.11.2","GHSA-jjf9-w5vj-r6vp"
"ash","2.11.3","GHSA-jjf9-w5vj-r6vp"
"ash","2.11.4","GHSA-jjf9-w5vj-r6vp"
"ash","2.11.5","GHSA-jjf9-w5vj-r6vp"
"ash","2.11.6","GHSA-jjf9-w5vj-r6vp"
"ash","2.11.7","GHSA-jjf9-w5vj-r6vp"
"ash","2.11.8","GHSA-jjf9-w5vj-r6vp"
"ash","2.11.9","GHSA-jjf9-w5vj-r6vp"
"ash","2.12.0","GHSA-jjf9-w5vj-r6vp"
"ash","2.12.1","GHSA-jjf9-w5vj-r6vp"
"ash","2.13.0","GHSA-jjf9-w5vj-r6vp"
"ash","2.13.1","GHSA-jjf9-w5vj-r6vp"
"ash","2.13.2","GHSA-jjf9-w5vj-r6vp"
"ash","2.13.3","GHSA-jjf9-w5vj-r6vp"
"ash","2.13.4","GHSA-jjf9-w5vj-r6vp"
"ash","2.14.0","GHSA-jjf9-w5vj-r6vp"
"ash","2.14.1","GHSA-jjf9-w5vj-r6vp"
"ash","2.14.10","GHSA-jjf9-w5vj-r6vp"
"ash","2.14.11","GHSA-jjf9-w5vj-r6vp"
"ash","2.14.12","GHSA-jjf9-w5vj-r6vp"
"ash","2.14.13","GHSA-jjf9-w5vj-r6vp"
"ash","2.14.14","GHSA-jjf9-w5vj-r6vp"
"ash","2.14.15","GHSA-jjf9-w5vj-r6vp"
"ash","2.14.16","GHSA-jjf9-w5vj-r6vp"
"ash","2.14.17","GHSA-jjf9-w5vj-r6vp"
"ash","2.14.18","GHSA-jjf9-w5vj-r6vp"
"ash","2.14.19","GHSA-jjf9-w5vj-r6vp"
"ash","2.14.2","GHSA-jjf9-w5vj-r6vp"
"ash","2.14.20","GHSA-jjf9-w5vj-r6vp"
"ash","2.14.21","GHSA-jjf9-w5vj-r6vp"
"ash","2.14.3","GHSA-jjf9-w5vj-r6vp"
"ash","2.14.4","GHSA-jjf9-w5vj-r6vp"
"ash","2.14.5","GHSA-jjf9-w5vj-r6vp"
"ash","2.14.6","GHSA-jjf9-w5vj-r6vp"
"ash","2.14.7","GHSA-jjf9-w5vj-r6vp"
"ash","2.14.8","GHSA-jjf9-w5vj-r6vp"
"ash","2.14.9","GHSA-jjf9-w5vj-r6vp"
"ash","2.15.0","GHSA-jjf9-w5vj-r6vp"
"ash","2.15.1","GHSA-jjf9-w5vj-r6vp"
"ash","2.15.10","GHSA-jjf9-w5vj-r6vp"
"ash","2.15.11","GHSA-jjf9-w5vj-r6vp"
"ash","2.15.12","GHSA-jjf9-w5vj-r6vp"
"ash","2.15.13","GHSA-jjf9-w5vj-r6vp"
"ash","2.15.14","GHSA-jjf9-w5vj-r6vp"
"ash","2.15.15","GHSA-jjf9-w5vj-r6vp"
"ash","2.15.16","GHSA-jjf9-w5vj-r6vp"
"ash","2.15.17","GHSA-jjf9-w5vj-r6vp"
"ash","2.15.18","GHSA-jjf9-w5vj-r6vp"
"ash","2.15.19","GHSA-jjf9-w5vj-r6vp"
"ash","2.15.2","GHSA-jjf9-w5vj-r6vp"
"ash","2.15.20","GHSA-jjf9-w5vj-r6vp"
"ash","2.15.4","GHSA-jjf9-w5vj-r6vp"
"ash","2.15.5","GHSA-jjf9-w5vj-r6vp"
"ash","2.15.6","GHSA-jjf9-w5vj-r6vp"
"ash","2.15.7","GHSA-jjf9-w5vj-r6vp"
"ash","2.15.8","GHSA-jjf9-w5vj-r6vp"
"ash","2.15.9","GHSA-jjf9-w5vj-r6vp"
"ash","2.16.0","GHSA-jjf9-w5vj-r6vp"
"ash","2.16.1","GHSA-jjf9-w5vj-r6vp"
"ash","2.17.0","GHSA-jjf9-w5vj-r6vp"
"ash","2.17.1","GHSA-jjf9-w5vj-r6vp"
"ash","2.17.10","GHSA-jjf9-w5vj-r6vp"
"ash","2.17.11","GHSA-jjf9-w5vj-r6vp"
"ash","2.17.12","GHSA-jjf9-w5vj-r6vp"
"ash","2.17.13","GHSA-jjf9-w5vj-r6vp"
"ash","2.17.14","GHSA-jjf9-w5vj-r6vp"
"ash","2.17.15","GHSA-jjf9-w5vj-r6vp"
"ash","2.17.16","GHSA-jjf9-w5vj-r6vp"
"ash","2.17.17","GHSA-jjf9-w5vj-r6vp"
"ash","2.17.18","GHSA-jjf9-w5vj-r6vp"
"ash","2.17.19","GHSA-jjf9-w5vj-r6vp"
"ash","2.17.2","GHSA-jjf9-w5vj-r6vp"
"ash","2.17.20","GHSA-jjf9-w5vj-r6vp"
"ash","2.17.21","GHSA-jjf9-w5vj-r6vp"
"ash","2.17.22","GHSA-jjf9-w5vj-r6vp"
"ash","2.17.23","GHSA-jjf9-w5vj-r6vp"
"ash","2.17.24","GHSA-jjf9-w5vj-r6vp"
"ash","2.17.3","GHSA-jjf9-w5vj-r6vp"
"ash","2.17.4","GHSA-jjf9-w5vj-r6vp"
"ash","2.17.5","GHSA-jjf9-w5vj-r6vp"
"ash","2.17.6","GHSA-jjf9-w5vj-r6vp"
"ash","2.17.7","GHSA-jjf9-w5vj-r6vp"
"ash","2.17.8","GHSA-jjf9-w5vj-r6vp"
"ash","2.17.9","GHSA-jjf9-w5vj-r6vp"
"ash","2.18.0","GHSA-jjf9-w5vj-r6vp"
"ash","2.18.1","GHSA-jjf9-w5vj-r6vp"
"ash","2.18.2","GHSA-jjf9-w5vj-r6vp"
"ash","2.19.0","GHSA-jjf9-w5vj-r6vp"
"ash","2.19.1","GHSA-jjf9-w5vj-r6vp"
"ash","2.19.10","GHSA-jjf9-w5vj-r6vp"
"ash","2.19.11","GHSA-jjf9-w5vj-r6vp"
"ash","2.19.12","GHSA-jjf9-w5vj-r6vp"
"ash","2.19.13","GHSA-jjf9-w5vj-r6vp"
"ash","2.19.14","GHSA-jjf9-w5vj-r6vp"
"ash","2.19.2","GHSA-jjf9-w5vj-r6vp"
"ash","2.19.3","GHSA-jjf9-w5vj-r6vp"
"ash","2.19.4","GHSA-jjf9-w5vj-r6vp"
"ash","2.19.5","GHSA-jjf9-w5vj-r6vp"
"ash","2.19.6","GHSA-jjf9-w5vj-r6vp"
"ash","2.19.7","GHSA-jjf9-w5vj-r6vp"
"ash","2.19.8","GHSA-jjf9-w5vj-r6vp"
"ash","2.19.9","GHSA-jjf9-w5vj-r6vp"
"ash","2.2.0","GHSA-jjf9-w5vj-r6vp"
"ash","2.20.0","GHSA-jjf9-w5vj-r6vp"
"ash","2.20.1","GHSA-jjf9-w5vj-r6vp"
"ash","2.20.2","GHSA-jjf9-w5vj-r6vp"
"ash","2.20.3","GHSA-jjf9-w5vj-r6vp"
"ash","2.21.0","GHSA-jjf9-w5vj-r6vp"
"ash","2.21.1","GHSA-jjf9-w5vj-r6vp"
"ash","2.21.10","GHSA-jjf9-w5vj-r6vp"
"ash","2.21.11","GHSA-jjf9-w5vj-r6vp"
"ash","2.21.12","GHSA-jjf9-w5vj-r6vp"
"ash","2.21.13","GHSA-jjf9-w5vj-r6vp"
"ash","2.21.14","GHSA-jjf9-w5vj-r6vp"
"ash","2.21.15","GHSA-jjf9-w5vj-r6vp"
"ash","2.21.2","GHSA-jjf9-w5vj-r6vp"
"ash","2.21.3","GHSA-jjf9-w5vj-r6vp"
"ash","2.21.4","GHSA-jjf9-w5vj-r6vp"
"ash","2.21.5","GHSA-jjf9-w5vj-r6vp"
"ash","2.21.6","GHSA-jjf9-w5vj-r6vp"
"ash","2.21.7","GHSA-jjf9-w5vj-r6vp"
"ash","2.21.8","GHSA-jjf9-w5vj-r6vp"
"ash","2.21.9","GHSA-jjf9-w5vj-r6vp"
"ash","2.3.0","GHSA-jjf9-w5vj-r6vp"
"ash","2.4.0","GHSA-jjf9-w5vj-r6vp"
"ash","2.4.1","GHSA-jjf9-w5vj-r6vp"
"ash","2.4.10","GHSA-jjf9-w5vj-r6vp"
"ash","2.4.11","GHSA-jjf9-w5vj-r6vp"
"ash","2.4.12","GHSA-jjf9-w5vj-r6vp"
"ash","2.4.13","GHSA-jjf9-w5vj-r6vp"
"ash","2.4.14","GHSA-jjf9-w5vj-r6vp"
"ash","2.4.15","GHSA-jjf9-w5vj-r6vp"
"ash","2.4.16","GHSA-jjf9-w5vj-r6vp"
"ash","2.4.17","GHSA-jjf9-w5vj-r6vp"
"ash","2.4.18","GHSA-jjf9-w5vj-r6vp"
"ash","2.4.19","GHSA-jjf9-w5vj-r6vp"
"ash","2.4.2","GHSA-jjf9-w5vj-r6vp"
"ash","2.4.20","GHSA-jjf9-w5vj-r6vp"
"ash","2.4.21","GHSA-jjf9-w5vj-r6vp"
"ash","2.4.22","GHSA-jjf9-w5vj-r6vp"
"ash","2.4.23","GHSA-jjf9-w5vj-r6vp"
"ash","2.4.24","GHSA-jjf9-w5vj-r6vp"
"ash","2.4.25","GHSA-jjf9-w5vj-r6vp"
"ash","2.4.26","GHSA-jjf9-w5vj-r6vp"
"ash","2.4.27","GHSA-jjf9-w5vj-r6vp"
"ash","2.4.28","GHSA-jjf9-w5vj-r6vp"
"ash","2.4.29","GHSA-jjf9-w5vj-r6vp"
"ash","2.4.3","GHSA-jjf9-w5vj-r6vp"
"ash","2.4.30","GHSA-jjf9-w5vj-r6vp"
"ash","2.4.4","GHSA-jjf9-w5vj-r6vp"
"ash","2.4.5","GHSA-jjf9-w5vj-r6vp"
"ash","2.4.6","GHSA-jjf9-w5vj-r6vp"
"ash","2.4.7","GHSA-jjf9-w5vj-r6vp"
"ash","2.4.8","GHSA-jjf9-w5vj-r6vp"
"ash","2.4.9","GHSA-jjf9-w5vj-r6vp"
"ash","2.5.0","GHSA-jjf9-w5vj-r6vp"
"ash","2.5.0-rc.0","GHSA-jjf9-w5vj-r6vp"
"ash","2.5.0-rc.1","GHSA-jjf9-w5vj-r6vp"
"ash","2.5.0-rc.2","GHSA-jjf9-w5vj-r6vp"
"ash","2.5.0-rc.3","GHSA-jjf9-w5vj-r6vp"
"ash","2.5.0-rc.4","GHSA-jjf9-w5vj-r6vp"
"ash","2.5.0-rc.5","GHSA-jjf9-w5vj-r6vp"
"ash","2.5.0-rc.6","GHSA-jjf9-w5vj-r6vp"
"ash","2.5.1","GHSA-jjf9-w5vj-r6vp"
"ash","2.5.10","GHSA-jjf9-w5vj-r6vp"
"ash","2.5.11","GHSA-jjf9-w5vj-r6vp"
"ash","2.5.12","GHSA-jjf9-w5vj-r6vp"
"ash","2.5.13","GHSA-jjf9-w5vj-r6vp"
"ash","2.5.14","GHSA-jjf9-w5vj-r6vp"
"ash","2.5.15","GHSA-jjf9-w5vj-r6vp"
"ash","2.5.16","GHSA-jjf9-w5vj-r6vp"
"ash","2.5.2","GHSA-jjf9-w5vj-r6vp"
"ash","2.5.3","GHSA-jjf9-w5vj-r6vp"
"ash","2.5.4","GHSA-jjf9-w5vj-r6vp"
"ash","2.5.5","GHSA-jjf9-w5vj-r6vp"
"ash","2.5.6","GHSA-jjf9-w5vj-r6vp"
"ash","2.5.7","GHSA-jjf9-w5vj-r6vp"
"ash","2.5.8","GHSA-jjf9-w5vj-r6vp"
"ash","2.5.9","GHSA-jjf9-w5vj-r6vp"
"ash","2.6.0","GHSA-jjf9-w5vj-r6vp"
"ash","2.6.1","GHSA-jjf9-w5vj-r6vp"
"ash","2.6.10","GHSA-jjf9-w5vj-r6vp"
"ash","2.6.11","GHSA-jjf9-w5vj-r6vp"
"ash","2.6.13","GHSA-jjf9-w5vj-r6vp"
"ash","2.6.14","GHSA-jjf9-w5vj-r6vp"
"ash","2.6.15","GHSA-jjf9-w5vj-r6vp"
"ash","2.6.16","GHSA-jjf9-w5vj-r6vp"
"ash","2.6.17","GHSA-jjf9-w5vj-r6vp"
"ash","2.6.18","GHSA-jjf9-w5vj-r6vp"
"ash","2.6.19","GHSA-jjf9-w5vj-r6vp"
"ash","2.6.2","GHSA-jjf9-w5vj-r6vp"
"ash","2.6.20","GHSA-jjf9-w5vj-r6vp"
"ash","2.6.21","GHSA-jjf9-w5vj-r6vp"
"ash","2.6.22","GHSA-jjf9-w5vj-r6vp"
"ash","2.6.23","GHSA-jjf9-w5vj-r6vp"
"ash","2.6.24","GHSA-jjf9-w5vj-r6vp"
"ash","2.6.25","GHSA-jjf9-w5vj-r6vp"
"ash","2.6.26","GHSA-jjf9-w5vj-r6vp"
"ash","2.6.27","GHSA-jjf9-w5vj-r6vp"
"ash","2.6.28","GHSA-jjf9-w5vj-r6vp"
"ash","2.6.29","GHSA-jjf9-w5vj-r6vp"
"ash","2.6.3","GHSA-jjf9-w5vj-r6vp"
"ash","2.6.30","GHSA-jjf9-w5vj-r6vp"
"ash","2.6.31","GHSA-jjf9-w5vj-r6vp"
"ash","2.6.4","GHSA-jjf9-w5vj-r6vp"
"ash","2.6.5","GHSA-jjf9-w5vj-r6vp"
"ash","2.6.6","GHSA-jjf9-w5vj-r6vp"
"ash","2.6.7","GHSA-jjf9-w5vj-r6vp"
"ash","2.6.8","GHSA-jjf9-w5vj-r6vp"
"ash","2.6.9","GHSA-jjf9-w5vj-r6vp"
"ash","2.7.0","GHSA-jjf9-w5vj-r6vp"
"ash","2.7.1","GHSA-jjf9-w5vj-r6vp"
"ash","2.8.0","GHSA-jjf9-w5vj-r6vp"
"ash","2.8.1","GHSA-jjf9-w5vj-r6vp"
"ash","2.9.0","GHSA-jjf9-w5vj-r6vp"
"ash","2.9.1","GHSA-jjf9-w5vj-r6vp"
"ash","2.9.10","GHSA-jjf9-w5vj-r6vp"
"ash","2.9.11","GHSA-jjf9-w5vj-r6vp"
"ash","2.9.12","GHSA-jjf9-w5vj-r6vp"
"ash","2.9.13","GHSA-jjf9-w5vj-r6vp"
"ash","2.9.14","GHSA-jjf9-w5vj-r6vp"
"ash","2.9.15","GHSA-jjf9-w5vj-r6vp"
"ash","2.9.16","GHSA-jjf9-w5vj-r6vp"
"ash","2.9.17","GHSA-jjf9-w5vj-r6vp"
"ash","2.9.18","GHSA-jjf9-w5vj-r6vp"
"ash","2.9.19","GHSA-jjf9-w5vj-r6vp"
"ash","2.9.2","GHSA-jjf9-w5vj-r6vp"
"ash","2.9.20","GHSA-jjf9-w5vj-r6vp"
"ash","2.9.21","GHSA-jjf9-w5vj-r6vp"
"ash","2.9.22","GHSA-jjf9-w5vj-r6vp"
"ash","2.9.23","GHSA-jjf9-w5vj-r6vp"
"ash","2.9.24","GHSA-jjf9-w5vj-r6vp"
"ash","2.9.25","GHSA-jjf9-w5vj-r6vp"
"ash","2.9.26","GHSA-jjf9-w5vj-r6vp"
"ash","2.9.27","GHSA-jjf9-w5vj-r6vp"
"ash","2.9.28","GHSA-jjf9-w5vj-r6vp"
"ash","2.9.29","GHSA-jjf9-w5vj-r6vp"
"ash","2.9.3","GHSA-jjf9-w5vj-r6vp"
"ash","2.9.4","GHSA-jjf9-w5vj-r6vp"
"ash","2.9.5","GHSA-jjf9-w5vj-r6vp"
"ash","2.9.6","GHSA-jjf9-w5vj-r6vp"
"ash","2.9.7","GHSA-jjf9-w5vj-r6vp"
"ash","2.9.8","GHSA-jjf9-w5vj-r6vp"
"ash","2.9.9","GHSA-jjf9-w5vj-r6vp"
"ash","3.0.0","GHSA-jjf9-w5vj-r6vp"
"ash","3.0.0-rc.0","GHSA-jjf9-w5vj-r6vp"
"ash","3.0.0-rc.1","GHSA-jjf9-w5vj-r6vp"
"ash","3.0.0-rc.10","GHSA-jjf9-w5vj-r6vp"
"ash","3.0.0-rc.11","GHSA-jjf9-w5vj-r6vp"
"ash","3.0.0-rc.12","GHSA-jjf9-w5vj-r6vp"
"ash","3.0.0-rc.13","GHSA-jjf9-w5vj-r6vp"
"ash","3.0.0-rc.14","GHSA-jjf9-w5vj-r6vp"
"ash","3.0.0-rc.15","GHSA-jjf9-w5vj-r6vp"
"ash","3.0.0-rc.16","GHSA-jjf9-w5vj-r6vp"
"ash","3.0.0-rc.17","GHSA-jjf9-w5vj-r6vp"
"ash","3.0.0-rc.18","GHSA-jjf9-w5vj-r6vp"
"ash","3.0.0-rc.19","GHSA-jjf9-w5vj-r6vp"
"ash","3.0.0-rc.20","GHSA-jjf9-w5vj-r6vp"
"ash","3.0.0-rc.21","GHSA-jjf9-w5vj-r6vp"
"ash","3.0.0-rc.22","GHSA-jjf9-w5vj-r6vp"
"ash","3.0.0-rc.23","GHSA-jjf9-w5vj-r6vp"
"ash","3.0.0-rc.24","GHSA-jjf9-w5vj-r6vp"
"ash","3.0.0-rc.25","GHSA-jjf9-w5vj-r6vp"
"ash","3.0.0-rc.26","GHSA-jjf9-w5vj-r6vp"
"ash","3.0.0-rc.27","GHSA-jjf9-w5vj-r6vp"
"ash","3.0.0-rc.28","GHSA-jjf9-w5vj-r6vp"
"ash","3.0.0-rc.29","GHSA-jjf9-w5vj-r6vp"
"ash","3.0.0-rc.3","GHSA-jjf9-w5vj-r6vp"
"ash","3.0.0-rc.31","GHSA-jjf9-w5vj-r6vp"
"ash","3.0.0-rc.32","GHSA-jjf9-w5vj-r6vp"
"ash","3.0.0-rc.33","GHSA-jjf9-w5vj-r6vp"
"ash","3.0.0-rc.34","GHSA-jjf9-w5vj-r6vp"
"ash","3.0.0-rc.35","GHSA-jjf9-w5vj-r6vp"
"ash","3.0.0-rc.36","GHSA-jjf9-w5vj-r6vp"
"ash","3.0.0-rc.37","GHSA-jjf9-w5vj-r6vp"
"ash","3.0.0-rc.38","GHSA-jjf9-w5vj-r6vp"
"ash","3.0.0-rc.39","GHSA-jjf9-w5vj-r6vp"
"ash","3.0.0-rc.4","GHSA-jjf9-w5vj-r6vp"
"ash","3.0.0-rc.40","GHSA-jjf9-w5vj-r6vp"
"ash","3.0.0-rc.41","GHSA-jjf9-w5vj-r6vp"
"ash","3.0.0-rc.42","GHSA-jjf9-w5vj-r6vp"
"ash","3.0.0-rc.43","GHSA-jjf9-w5vj-r6vp"
"ash","3.0.0-rc.44","GHSA-jjf9-w5vj-r6vp"
"ash","3.0.0-rc.45","GHSA-jjf9-w5vj-r6vp"
"ash","3.0.0-rc.46","GHSA-jjf9-w5vj-r6vp"
"ash","3.0.0-rc.5","GHSA-jjf9-w5vj-r6vp"
"ash","3.0.0-rc.6","GHSA-jjf9-w5vj-r6vp"
"ash","3.0.0-rc.7","GHSA-jjf9-w5vj-r6vp"
"ash","3.0.0-rc.8","GHSA-jjf9-w5vj-r6vp"
"ash","3.0.0-rc.9","GHSA-jjf9-w5vj-r6vp"
"ash","3.0.1","GHSA-jjf9-w5vj-r6vp"
"ash","3.0.10","GHSA-jjf9-w5vj-r6vp"
"ash","3.0.11","GHSA-jjf9-w5vj-r6vp"
"ash","3.0.12","GHSA-jjf9-w5vj-r6vp"
"ash","3.0.13","GHSA-jjf9-w5vj-r6vp"
"ash","3.0.14","GHSA-jjf9-w5vj-r6vp"
"ash","3.0.15","GHSA-jjf9-w5vj-r6vp"
"ash","3.0.16","GHSA-jjf9-w5vj-r6vp"
"ash","3.0.2","GHSA-jjf9-w5vj-r6vp"
"ash","3.0.3","GHSA-jjf9-w5vj-r6vp"
"ash","3.0.4","GHSA-jjf9-w5vj-r6vp"
"ash","3.0.5","GHSA-jjf9-w5vj-r6vp"
"ash","3.0.6","GHSA-jjf9-w5vj-r6vp"
"ash","3.0.7","GHSA-jjf9-w5vj-r6vp"
"ash","3.0.8","GHSA-jjf9-w5vj-r6vp"
"ash","3.0.9","GHSA-jjf9-w5vj-r6vp"
"ash","3.1.0","GHSA-jjf9-w5vj-r6vp"
"ash","3.1.1","GHSA-jjf9-w5vj-r6vp"
"ash","3.1.2","GHSA-jjf9-w5vj-r6vp"
"ash","3.1.3","GHSA-jjf9-w5vj-r6vp"
"ash","3.1.4","GHSA-jjf9-w5vj-r6vp"
"ash","3.1.5","GHSA-jjf9-w5vj-r6vp"
"ash","3.1.6","GHSA-jjf9-w5vj-r6vp"
"ash","3.1.7","GHSA-jjf9-w5vj-r6vp"
"ash","3.1.8","GHSA-jjf9-w5vj-r6vp"
"ash","3.10.0","GHSA-jjf9-w5vj-r6vp"
"ash","3.10.1","GHSA-jjf9-w5vj-r6vp"
"ash","3.11.0","GHSA-jjf9-w5vj-r6vp"
"ash","3.11.1","GHSA-jjf9-w5vj-r6vp"
"ash","3.11.2","GHSA-jjf9-w5vj-r6vp"
"ash","3.11.3","GHSA-jjf9-w5vj-r6vp"
"ash","3.12.0","GHSA-jjf9-w5vj-r6vp"
"ash","3.13.0","GHSA-jjf9-w5vj-r6vp"
"ash","3.13.1","GHSA-jjf9-w5vj-r6vp"
"ash","3.13.2","GHSA-jjf9-w5vj-r6vp"
"ash","3.14.0","GHSA-jjf9-w5vj-r6vp"
"ash","3.14.1","GHSA-jjf9-w5vj-r6vp"
"ash","3.15.0","GHSA-jjf9-w5vj-r6vp"
"ash","3.16.0","GHSA-jjf9-w5vj-r6vp"
"ash","3.17.0","GHSA-jjf9-w5vj-r6vp"
"ash","3.17.1","GHSA-jjf9-w5vj-r6vp"
"ash","3.18.0","GHSA-jjf9-w5vj-r6vp"
"ash","3.19.0","GHSA-jjf9-w5vj-r6vp"
"ash","3.19.1","GHSA-jjf9-w5vj-r6vp"
"ash","3.19.2","GHSA-jjf9-w5vj-r6vp"
"ash","3.19.3","GHSA-jjf9-w5vj-r6vp"
"ash","3.2.0","GHSA-jjf9-w5vj-r6vp"
"ash","3.2.1","GHSA-jjf9-w5vj-r6vp"
"ash","3.2.2","GHSA-jjf9-w5vj-r6vp"
"ash","3.2.3","GHSA-jjf9-w5vj-r6vp"
"ash","3.2.4","GHSA-jjf9-w5vj-r6vp"
"ash","3.2.5","GHSA-jjf9-w5vj-r6vp"
"ash","3.2.6","GHSA-jjf9-w5vj-r6vp"
"ash","3.20.0","GHSA-jjf9-w5vj-r6vp"
"ash","3.21.0","GHSA-jjf9-w5vj-r6vp"
"ash","3.21.1","GHSA-jjf9-w5vj-r6vp"
"ash","3.21.2","GHSA-jjf9-w5vj-r6vp"
"ash","3.21.3","GHSA-jjf9-w5vj-r6vp"
"ash","3.3.0","GHSA-jjf9-w5vj-r6vp"
"ash","3.3.1","GHSA-jjf9-w5vj-r6vp"
"ash","3.3.2","GHSA-jjf9-w5vj-r6vp"
"ash","3.3.3","GHSA-jjf9-w5vj-r6vp"
"ash","3.4.0","GHSA-jjf9-w5vj-r6vp"
"ash","3.4.1","GHSA-jjf9-w5vj-r6vp"
"ash","3.4.10","GHSA-jjf9-w5vj-r6vp"
"ash","3.4.11","GHSA-jjf9-w5vj-r6vp"
"ash","3.4.12","GHSA-jjf9-w5vj-r6vp"
"ash","3.4.13","GHSA-jjf9-w5vj-r6vp"
"ash","3.4.14","GHSA-jjf9-w5vj-r6vp"
"ash","3.4.15","GHSA-jjf9-w5vj-r6vp"
"ash","3.4.16","GHSA-jjf9-w5vj-r6vp"
"ash","3.4.17","GHSA-jjf9-w5vj-r6vp"
"ash","3.4.18","GHSA-jjf9-w5vj-r6vp"
"ash","3.4.19","GHSA-jjf9-w5vj-r6vp"
"ash","3.4.2","GHSA-jjf9-w5vj-r6vp"
"ash","3.4.20","GHSA-jjf9-w5vj-r6vp"
"ash","3.4.21","GHSA-jjf9-w5vj-r6vp"
"ash","3.4.22","GHSA-jjf9-w5vj-r6vp"
"ash","3.4.23","GHSA-jjf9-w5vj-r6vp"
"ash","3.4.24","GHSA-jjf9-w5vj-r6vp"
"ash","3.4.25","GHSA-jjf9-w5vj-r6vp"
"ash","3.4.26","GHSA-jjf9-w5vj-r6vp"
"ash","3.4.27","GHSA-jjf9-w5vj-r6vp"
"ash","3.4.28","GHSA-jjf9-w5vj-r6vp"
"ash","3.4.29","GHSA-jjf9-w5vj-r6vp"
"ash","3.4.3","GHSA-jjf9-w5vj-r6vp"
"ash","3.4.30","GHSA-jjf9-w5vj-r6vp"
"ash","3.4.31","GHSA-jjf9-w5vj-r6vp"
"ash","3.4.32","GHSA-jjf9-w5vj-r6vp"
"ash","3.4.33","GHSA-jjf9-w5vj-r6vp"
"ash","3.4.34","GHSA-jjf9-w5vj-r6vp"
"ash","3.4.35","GHSA-jjf9-w5vj-r6vp"
"ash","3.4.36","GHSA-jjf9-w5vj-r6vp"
"ash","3.4.37","GHSA-jjf9-w5vj-r6vp"
"ash","3.4.38","GHSA-jjf9-w5vj-r6vp"
"ash","3.4.39","GHSA-jjf9-w5vj-r6vp"
"ash","3.4.4","GHSA-jjf9-w5vj-r6vp"
"ash","3.4.40","GHSA-jjf9-w5vj-r6vp"
"ash","3.4.41","GHSA-jjf9-w5vj-r6vp"
"ash","3.4.42","GHSA-jjf9-w5vj-r6vp"
"ash","3.4.43","GHSA-jjf9-w5vj-r6vp"
"ash","3.4.44","GHSA-jjf9-w5vj-r6vp"
"ash","3.4.45","GHSA-jjf9-w5vj-r6vp"
"ash","3.4.46","GHSA-jjf9-w5vj-r6vp"
"ash","3.4.47","GHSA-jjf9-w5vj-r6vp"
"ash","3.4.48","GHSA-jjf9-w5vj-r6vp"
"ash","3.4.49","GHSA-jjf9-w5vj-r6vp"
"ash","3.4.5","GHSA-jjf9-w5vj-r6vp"
"ash","3.4.50","GHSA-jjf9-w5vj-r6vp"
"ash","3.4.51","GHSA-jjf9-w5vj-r6vp"
"ash","3.4.52","GHSA-jjf9-w5vj-r6vp"
"ash","3.4.53","GHSA-jjf9-w5vj-r6vp"
"ash","3.4.54","GHSA-jjf9-w5vj-r6vp"
"ash","3.4.55","GHSA-jjf9-w5vj-r6vp"
"ash","3.4.56","GHSA-jjf9-w5vj-r6vp"
"ash","3.4.57","GHSA-jjf9-w5vj-r6vp"
"ash","3.4.58","GHSA-jjf9-w5vj-r6vp"
"ash","3.4.59","GHSA-jjf9-w5vj-r6vp"
"ash","3.4.6","GHSA-jjf9-w5vj-r6vp"
"ash","3.4.60","GHSA-jjf9-w5vj-r6vp"
"ash","3.4.61","GHSA-jjf9-w5vj-r6vp"
"ash","3.4.62","GHSA-jjf9-w5vj-r6vp"
"ash","3.4.63","GHSA-jjf9-w5vj-r6vp"
"ash","3.4.64","GHSA-jjf9-w5vj-r6vp"
"ash","3.4.65","GHSA-jjf9-w5vj-r6vp"
"ash","3.4.66","GHSA-jjf9-w5vj-r6vp"
"ash","3.4.67","GHSA-jjf9-w5vj-r6vp"
"ash","3.4.68","GHSA-jjf9-w5vj-r6vp"
"ash","3.4.69","GHSA-jjf9-w5vj-r6vp"
"ash","3.4.7","GHSA-jjf9-w5vj-r6vp"
"ash","3.4.70","GHSA-jjf9-w5vj-r6vp"
"ash","3.4.71","GHSA-jjf9-w5vj-r6vp"
"ash","3.4.72","GHSA-jjf9-w5vj-r6vp"
"ash","3.4.73","GHSA-jjf9-w5vj-r6vp"
"ash","3.4.74","GHSA-jjf9-w5vj-r6vp"
"ash","3.4.8","GHSA-jjf9-w5vj-r6vp"
"ash","3.4.9","GHSA-jjf9-w5vj-r6vp"
"ash","3.5.0","GHSA-jjf9-w5vj-r6vp"
"ash","3.5.1","GHSA-jjf9-w5vj-r6vp"
"ash","3.5.10","GHSA-jjf9-w5vj-r6vp"
"ash","3.5.11","GHSA-jjf9-w5vj-r6vp"
"ash","3.5.12","GHSA-jjf9-w5vj-r6vp"
"ash","3.5.13","GHSA-jjf9-w5vj-r6vp"
"ash","3.5.14","GHSA-jjf9-w5vj-r6vp"
"ash","3.5.15","GHSA-jjf9-w5vj-r6vp"
"ash","3.5.16","GHSA-jjf9-w5vj-r6vp"
"ash","3.5.17","GHSA-jjf9-w5vj-r6vp"
"ash","3.5.18","GHSA-jjf9-w5vj-r6vp"
"ash","3.5.19","GHSA-jjf9-w5vj-r6vp"
"ash","3.5.2","GHSA-jjf9-w5vj-r6vp"
"ash","3.5.20","GHSA-jjf9-w5vj-r6vp"
"ash","3.5.21","GHSA-jjf9-w5vj-r6vp"
"ash","3.5.22","GHSA-jjf9-w5vj-r6vp"
"ash","3.5.23","GHSA-jjf9-w5vj-r6vp"
"ash","3.5.24","GHSA-jjf9-w5vj-r6vp"
"ash","3.5.25","GHSA-jjf9-w5vj-r6vp"
"ash","3.5.26","GHSA-jjf9-w5vj-r6vp"
"ash","3.5.27","GHSA-jjf9-w5vj-r6vp"
"ash","3.5.28","GHSA-jjf9-w5vj-r6vp"
"ash","3.5.29","GHSA-jjf9-w5vj-r6vp"
"ash","3.5.3","GHSA-jjf9-w5vj-r6vp"
"ash","3.5.30","GHSA-jjf9-w5vj-r6vp"
"ash","3.5.31","GHSA-jjf9-w5vj-r6vp"
"ash","3.5.32","GHSA-jjf9-w5vj-r6vp"
"ash","3.5.33","GHSA-jjf9-w5vj-r6vp"
"ash","3.5.34","GHSA-jjf9-w5vj-r6vp"
"ash","3.5.35","GHSA-jjf9-w5vj-r6vp"
"ash","3.5.36","GHSA-jjf9-w5vj-r6vp"
"ash","3.5.37","GHSA-jjf9-w5vj-r6vp"
"ash","3.5.38","GHSA-jjf9-w5vj-r6vp"
"ash","3.5.39","GHSA-jjf9-w5vj-r6vp"
"ash","3.5.4","GHSA-jjf9-w5vj-r6vp"
"ash","3.5.40","GHSA-jjf9-w5vj-r6vp"
"ash","3.5.41","GHSA-jjf9-w5vj-r6vp"
"ash","3.5.42","GHSA-jjf9-w5vj-r6vp"
"ash","3.5.43","GHSA-jjf9-w5vj-r6vp"
"ash","3.5.5","GHSA-jjf9-w5vj-r6vp"
"ash","3.5.6","GHSA-jjf9-w5vj-r6vp"
"ash","3.5.7","GHSA-jjf9-w5vj-r6vp"
"ash","3.5.8","GHSA-jjf9-w5vj-r6vp"
"ash","3.5.9","GHSA-jjf9-w5vj-r6vp"
"ash","3.6.0","GHSA-jjf9-w5vj-r6vp"
"ash","3.6.1","GHSA-jjf9-w5vj-r6vp"
"ash","3.6.2","GHSA-jjf9-w5vj-r6vp"
"ash","3.6.3","GHSA-jjf9-w5vj-r6vp"
"ash","3.7.0","GHSA-jjf9-w5vj-r6vp"
"ash","3.7.1","GHSA-jjf9-w5vj-r6vp"
"ash","3.7.2","GHSA-jjf9-w5vj-r6vp"
"ash","3.7.3","GHSA-jjf9-w5vj-r6vp"
"ash","3.7.4","GHSA-jjf9-w5vj-r6vp"
"ash","3.7.5","GHSA-jjf9-w5vj-r6vp"
"ash","3.7.6","GHSA-jjf9-w5vj-r6vp"
"ash","3.8.0","GHSA-jjf9-w5vj-r6vp"
"ash","3.9.0","GHSA-jjf9-w5vj-r6vp"
"hackney","2.0.0","GHSA-jq4m-q6p2-8gwc"
"hackney","2.0.1","GHSA-jq4m-q6p2-8gwc"
"hackney","3.0.0","GHSA-jq4m-q6p2-8gwc"
"hackney","3.0.1","GHSA-jq4m-q6p2-8gwc"
"hackney","3.0.2","GHSA-jq4m-q6p2-8gwc"
"hackney","3.0.3","GHSA-jq4m-q6p2-8gwc"
"hackney","3.1.0","GHSA-jq4m-q6p2-8gwc"
"hackney","3.1.1","GHSA-jq4m-q6p2-8gwc"
"hackney","3.1.2","GHSA-jq4m-q6p2-8gwc"
"hackney","3.2.0","GHSA-jq4m-q6p2-8gwc"
"hackney","3.2.1","GHSA-jq4m-q6p2-8gwc"
"hackney","4.0.0","GHSA-jq4m-q6p2-8gwc"
"relyra","1.1.0","GHSA-jv46-xfwm-36j7"
"tesla","0.10.0","GHSA-mc85-72gr-vm9f"
"tesla","0.6.0","GHSA-mc85-72gr-vm9f"
"tesla","0.7.0","GHSA-mc85-72gr-vm9f"
"tesla","0.7.1","GHSA-mc85-72gr-vm9f"
"tesla","0.7.2","GHSA-mc85-72gr-vm9f"
"tesla","0.8.0","GHSA-mc85-72gr-vm9f"
"tesla","0.9.0","GHSA-mc85-72gr-vm9f"
"tesla","1.0.0","GHSA-mc85-72gr-vm9f"
"tesla","1.0.0-beta.1","GHSA-mc85-72gr-vm9f"
"tesla","1.1.0","GHSA-mc85-72gr-vm9f"
"tesla","1.10.0","GHSA-mc85-72gr-vm9f"
"tesla","1.10.1","GHSA-mc85-72gr-vm9f"
"tesla","1.10.2","GHSA-mc85-72gr-vm9f"
"tesla","1.10.3","GHSA-mc85-72gr-vm9f"
"tesla","1.11.0","GHSA-mc85-72gr-vm9f"
"tesla","1.11.1","GHSA-mc85-72gr-vm9f"
"tesla","1.11.2","GHSA-mc85-72gr-vm9f"
"tesla","1.12.0","GHSA-mc85-72gr-vm9f"
"tesla","1.12.1","GHSA-mc85-72gr-vm9f"
"tesla","1.12.2","GHSA-mc85-72gr-vm9f"
"tesla","1.12.3","GHSA-mc85-72gr-vm9f"
"tesla","1.13.0","GHSA-mc85-72gr-vm9f"
"tesla","1.13.1","GHSA-mc85-72gr-vm9f"
"tesla","1.13.2","GHSA-mc85-72gr-vm9f"
"tesla","1.14.0","GHSA-mc85-72gr-vm9f"
"tesla","1.14.1","GHSA-mc85-72gr-vm9f"
"tesla","1.14.2","GHSA-mc85-72gr-vm9f"
"tesla","1.14.3","GHSA-mc85-72gr-vm9f"
"tesla","1.15.0","GHSA-mc85-72gr-vm9f"
"tesla","1.15.1","GHSA-mc85-72gr-vm9f"
"tesla","1.15.2","GHSA-mc85-72gr-vm9f"
"tesla","1.15.3","GHSA-mc85-72gr-vm9f"
"tesla","1.16.0","GHSA-mc85-72gr-vm9f"
"tesla","1.17.0","GHSA-mc85-72gr-vm9f"
"tesla","1.18.0","GHSA-mc85-72gr-vm9f"
"tesla","1.18.1","GHSA-mc85-72gr-vm9f"
"tesla","1.18.2","GHSA-mc85-72gr-vm9f"
"tesla","1.2.0","GHSA-mc85-72gr-vm9f"
"tesla","1.2.1","GHSA-mc85-72gr-vm9f"
"tesla","1.3.0","GHSA-mc85-72gr-vm9f"
"tesla","1.3.1","GHSA-mc85-72gr-vm9f"
"tesla","1.3.2","GHSA-mc85-72gr-vm9f"
"tesla","1.3.3","GHSA-mc85-72gr-vm9f"
"tesla","1.4.0","GHSA-mc85-72gr-vm9f"
"tesla","1.4.1","GHSA-mc85-72gr-vm9f"
"tesla","1.4.2","GHSA-mc85-72gr-vm9f"
"tesla","1.4.3","GHSA-mc85-72gr-vm9f"
"tesla","1.4.4","GHSA-mc85-72gr-vm9f"
"tesla","1.5.0","GHSA-mc85-72gr-vm9f"
"tesla","1.5.1","GHSA-mc85-72gr-vm9f"
"tesla","1.6.0","GHSA-mc85-72gr-vm9f"
"tesla","1.6.1","GHSA-mc85-72gr-vm9f"
"tesla","1.7.0","GHSA-mc85-72gr-vm9f"
"tesla","1.8.0","GHSA-mc85-72gr-vm9f"
"tesla","1.8.1","GHSA-mc85-72gr-vm9f"
"tesla","1.9.0","GHSA-mc85-72gr-vm9f"
"oidcc","3.0.0","GHSA-mj35-2rgf-cv8p"
"oidcc","3.0.1","GHSA-mj35-2rgf-cv8p"
"mint","0.1.0","GHSA-mjqx-c6f6-7rc2"
"mint","0.2.0","GHSA-mjqx-c6f6-7rc2"
"mint","0.2.1","GHSA-mjqx-c6f6-7rc2"
"mint","0.3.0","GHSA-mjqx-c6f6-7rc2"
"mint","0.4.0","GHSA-mjqx-c6f6-7rc2"
"mint","0.5.0","GHSA-mjqx-c6f6-7rc2"
"mint","1.0.0","GHSA-mjqx-c6f6-7rc2"
"mint","1.1.0","GHSA-mjqx-c6f6-7rc2"
"mint","1.2.0","GHSA-mjqx-c6f6-7rc2"
"mint","1.2.1","GHSA-mjqx-c6f6-7rc2"
"mint","1.3.0","GHSA-mjqx-c6f6-7rc2"
"mint","1.4.0","GHSA-mjqx-c6f6-7rc2"
"mint","1.4.1","GHSA-mjqx-c6f6-7rc2"
"mint","1.4.2","GHSA-mjqx-c6f6-7rc2"
"mint","1.5.0","GHSA-mjqx-c6f6-7rc2"
"mint","1.5.1","GHSA-mjqx-c6f6-7rc2"
"mint","1.5.2","GHSA-mjqx-c6f6-7rc2"
"mint","1.6.0","GHSA-mjqx-c6f6-7rc2"
"mint","1.6.1","GHSA-mjqx-c6f6-7rc2"
"mint","1.6.2","GHSA-mjqx-c6f6-7rc2"
"mint","1.7.0","GHSA-mjqx-c6f6-7rc2"
"mint","1.7.1","GHSA-mjqx-c6f6-7rc2"
"mint","1.8.0","GHSA-mjqx-c6f6-7rc2"
"hackney","0.13.1","GHSA-mp55-p8c9-rfw2"
"hackney","0.14.0","GHSA-mp55-p8c9-rfw2"
"hackney","0.14.1","GHSA-mp55-p8c9-rfw2"
"hackney","0.14.2","GHSA-mp55-p8c9-rfw2"
"hackney","0.14.3","GHSA-mp55-p8c9-rfw2"
"hackney","0.15.0","GHSA-mp55-p8c9-rfw2"
"hackney","0.15.2","GHSA-mp55-p8c9-rfw2"
"hackney","1.0.1","GHSA-mp55-p8c9-rfw2"
"hackney","1.0.2","GHSA-mp55-p8c9-rfw2"
"hackney","1.0.5","GHSA-mp55-p8c9-rfw2"
"hackney","1.0.6","GHSA-mp55-p8c9-rfw2"
"hackney","1.1.0","GHSA-mp55-p8c9-rfw2"
"hackney","1.10.0","GHSA-mp55-p8c9-rfw2"
"hackney","1.10.1","GHSA-mp55-p8c9-rfw2"
"hackney","1.11.0","GHSA-mp55-p8c9-rfw2"
"hackney","1.12.0","GHSA-mp55-p8c9-rfw2"
"hackney","1.12.1","GHSA-mp55-p8c9-rfw2"
"hackney","1.13.0","GHSA-mp55-p8c9-rfw2"
"hackney","1.14.0","GHSA-mp55-p8c9-rfw2"
"hackney","1.14.2","GHSA-mp55-p8c9-rfw2"
"hackney","1.14.3","GHSA-mp55-p8c9-rfw2"
"hackney","1.15.0","GHSA-mp55-p8c9-rfw2"
"hackney","1.15.1","GHSA-mp55-p8c9-rfw2"
"hackney","1.15.2","GHSA-mp55-p8c9-rfw2"
"hackney","1.16.0","GHSA-mp55-p8c9-rfw2"
"hackney","1.17.0","GHSA-mp55-p8c9-rfw2"
"hackney","1.17.1","GHSA-mp55-p8c9-rfw2"
"hackney","1.17.2","GHSA-mp55-p8c9-rfw2"
"hackney","1.17.3","GHSA-mp55-p8c9-rfw2"
"hackney","1.17.4","GHSA-mp55-p8c9-rfw2"
"hackney","1.18.0","GHSA-mp55-p8c9-rfw2"
"hackney","1.18.1","GHSA-mp55-p8c9-rfw2"
"hackney","1.18.2","GHSA-mp55-p8c9-rfw2"
"hackney","1.19.0","GHSA-mp55-p8c9-rfw2"
"hackney","1.19.1","GHSA-mp55-p8c9-rfw2"
"hackney","1.2.0","GHSA-mp55-p8c9-rfw2"
"hackney","1.20.0","GHSA-mp55-p8c9-rfw2"
"hackney","1.20.1","GHSA-mp55-p8c9-rfw2"
"hackney","1.21.0","GHSA-mp55-p8c9-rfw2"
"hackney","1.22.0","GHSA-mp55-p8c9-rfw2"
"hackney","1.23.0","GHSA-mp55-p8c9-rfw2"
"hackney","1.24.0","GHSA-mp55-p8c9-rfw2"
"hackney","1.24.1","GHSA-mp55-p8c9-rfw2"
"hackney","1.25.0","GHSA-mp55-p8c9-rfw2"
"hackney","1.3.0","GHSA-mp55-p8c9-rfw2"
"hackney","1.3.1","GHSA-mp55-p8c9-rfw2"
"hackney","1.3.2","GHSA-mp55-p8c9-rfw2"
"hackney","1.4.0","GHSA-mp55-p8c9-rfw2"
"hackney","1.4.1","GHSA-mp55-p8c9-rfw2"
"hackney","1.4.10","GHSA-mp55-p8c9-rfw2"
"hackney","1.4.2","GHSA-mp55-p8c9-rfw2"
"hackney","1.4.3","GHSA-mp55-p8c9-rfw2"
"hackney","1.4.4","GHSA-mp55-p8c9-rfw2"
"hackney","1.4.5","GHSA-mp55-p8c9-rfw2"
"hackney","1.4.6","GHSA-mp55-p8c9-rfw2"
"hackney","1.4.7","GHSA-mp55-p8c9-rfw2"
"hackney","1.4.8","GHSA-mp55-p8c9-rfw2"
"hackney","1.5.0","GHSA-mp55-p8c9-rfw2"
"hackney","1.5.1","GHSA-mp55-p8c9-rfw2"
"hackney","1.5.2","GHSA-mp55-p8c9-rfw2"
"hackney","1.5.3","GHSA-mp55-p8c9-rfw2"
"hackney","1.5.4","GHSA-mp55-p8c9-rfw2"
"hackney","1.5.5","GHSA-mp55-p8c9-rfw2"
"hackney","1.5.6","GHSA-mp55-p8c9-rfw2"
"hackney","1.5.7","GHSA-mp55-p8c9-rfw2"
"hackney","1.6.0","GHSA-mp55-p8c9-rfw2"
"hackney","1.6.1","GHSA-mp55-p8c9-rfw2"
"hackney","1.6.2","GHSA-mp55-p8c9-rfw2"
"hackney","1.6.3","GHSA-mp55-p8c9-rfw2"
"hackney","1.6.4","GHSA-mp55-p8c9-rfw2"
"hackney","1.6.5","GHSA-mp55-p8c9-rfw2"
"hackney","1.6.6","GHSA-mp55-p8c9-rfw2"
"hackney","1.7.0","GHSA-mp55-p8c9-rfw2"
"hackney","1.7.1","GHSA-mp55-p8c9-rfw2"
"hackney","1.8.0","GHSA-mp55-p8c9-rfw2"
"hackney","1.8.2","GHSA-mp55-p8c9-rfw2"
"hackney","1.8.3","GHSA-mp55-p8c9-rfw2"
"hackney","1.8.4","GHSA-mp55-p8c9-rfw2"
"hackney","1.8.5","GHSA-mp55-p8c9-rfw2"
"hackney","1.8.6","GHSA-mp55-p8c9-rfw2"
"hackney","1.9.0","GHSA-mp55-p8c9-rfw2"
"hackney","2.0.0","GHSA-mp55-p8c9-rfw2"
"hackney","2.0.0-beta.1","GHSA-mp55-p8c9-rfw2"
"hackney","2.0.1","GHSA-mp55-p8c9-rfw2"
"hackney","3.0.0","GHSA-mp55-p8c9-rfw2"
"hackney","3.0.1","GHSA-mp55-p8c9-rfw2"
"hackney","3.0.2","GHSA-mp55-p8c9-rfw2"
"hackney","3.0.3","GHSA-mp55-p8c9-rfw2"
"hackney","3.1.0","GHSA-mp55-p8c9-rfw2"
"hackney","3.1.1","GHSA-mp55-p8c9-rfw2"
"hackney","3.1.2","GHSA-mp55-p8c9-rfw2"
"hackney","3.2.0","GHSA-mp55-p8c9-rfw2"
"hackney","3.2.1","GHSA-mp55-p8c9-rfw2"
"hackney","4.0.0","GHSA-mp55-p8c9-rfw2"
"phoenix_storybook","0.5.0","GHSA-mrhx-6pw9-q5fh"
"phoenix_storybook","0.5.1","GHSA-mrhx-6pw9-q5fh"
"phoenix_storybook","0.5.2","GHSA-mrhx-6pw9-q5fh"
"phoenix_storybook","0.5.3","GHSA-mrhx-6pw9-q5fh"
"phoenix_storybook","0.5.4","GHSA-mrhx-6pw9-q5fh"
"phoenix_storybook","0.5.5","GHSA-mrhx-6pw9-q5fh"
"phoenix_storybook","0.5.6","GHSA-mrhx-6pw9-q5fh"
"phoenix_storybook","0.5.7","GHSA-mrhx-6pw9-q5fh"
"phoenix_storybook","0.6.0","GHSA-mrhx-6pw9-q5fh"
"phoenix_storybook","0.6.1","GHSA-mrhx-6pw9-q5fh"
"phoenix_storybook","0.6.2","GHSA-mrhx-6pw9-q5fh"
"phoenix_storybook","0.6.3","GHSA-mrhx-6pw9-q5fh"
"phoenix_storybook","0.6.4","GHSA-mrhx-6pw9-q5fh"
"phoenix_storybook","0.7.0","GHSA-mrhx-6pw9-q5fh"
"phoenix_storybook","0.7.1","GHSA-mrhx-6pw9-q5fh"
"phoenix_storybook","0.7.2","GHSA-mrhx-6pw9-q5fh"
"phoenix_storybook","0.8.0","GHSA-mrhx-6pw9-q5fh"
"phoenix_storybook","0.8.1","GHSA-mrhx-6pw9-q5fh"
"phoenix_storybook","0.8.2","GHSA-mrhx-6pw9-q5fh"
"phoenix_storybook","0.8.3","GHSA-mrhx-6pw9-q5fh"
"phoenix_storybook","0.9.0","GHSA-mrhx-6pw9-q5fh"
"phoenix_storybook","0.9.1","GHSA-mrhx-6pw9-q5fh"
"phoenix_storybook","0.9.2","GHSA-mrhx-6pw9-q5fh"
"phoenix_storybook","0.9.3","GHSA-mrhx-6pw9-q5fh"
"phoenix_storybook","1.0.0","GHSA-mrhx-6pw9-q5fh"
"coherence","0.1.0","GHSA-mrq8-53r4-3j5m"
"coherence","0.1.1","GHSA-mrq8-53r4-3j5m"
"coherence","0.1.2","GHSA-mrq8-53r4-3j5m"
"coherence","0.1.3","GHSA-mrq8-53r4-3j5m"
"coherence","0.2.0","GHSA-mrq8-53r4-3j5m"
"coherence","0.3.0","GHSA-mrq8-53r4-3j5m"
"coherence","0.3.1","GHSA-mrq8-53r4-3j5m"
"coherence","0.4.0","GHSA-mrq8-53r4-3j5m"
"coherence","0.5.0","GHSA-mrq8-53r4-3j5m"
"coherence","0.5.1","GHSA-mrq8-53r4-3j5m"
"phoenix","0.1.0","GHSA-p8f7-22gq-m7j9"
"phoenix","0.10.0","GHSA-p8f7-22gq-m7j9"
"phoenix","0.11.0","GHSA-p8f7-22gq-m7j9"
"phoenix","0.12.0","GHSA-p8f7-22gq-m7j9"
"phoenix","0.13.0","GHSA-p8f7-22gq-m7j9"
"phoenix","0.13.1","GHSA-p8f7-22gq-m7j9"
"phoenix","0.14.0","GHSA-p8f7-22gq-m7j9"
"phoenix","0.15.0","GHSA-p8f7-22gq-m7j9"
"phoenix","0.16.0","GHSA-p8f7-22gq-m7j9"
"phoenix","0.16.1","GHSA-p8f7-22gq-m7j9"
"phoenix","0.17.0","GHSA-p8f7-22gq-m7j9"
"phoenix","0.17.1","GHSA-p8f7-22gq-m7j9"
"phoenix","0.2.0","GHSA-p8f7-22gq-m7j9"
"phoenix","0.2.1","GHSA-p8f7-22gq-m7j9"
"phoenix","0.2.10","GHSA-p8f7-22gq-m7j9"
"phoenix","0.2.11","GHSA-p8f7-22gq-m7j9"
"phoenix","0.2.2","GHSA-p8f7-22gq-m7j9"
"phoenix","0.2.3","GHSA-p8f7-22gq-m7j9"
"phoenix","0.2.4","GHSA-p8f7-22gq-m7j9"
"phoenix","0.2.5","GHSA-p8f7-22gq-m7j9"
"phoenix","0.2.6","GHSA-p8f7-22gq-m7j9"
"phoenix","0.2.7","GHSA-p8f7-22gq-m7j9"
"phoenix","0.2.8","GHSA-p8f7-22gq-m7j9"
"phoenix","0.2.9","GHSA-p8f7-22gq-m7j9"
"phoenix","0.3.0","GHSA-p8f7-22gq-m7j9"
"phoenix","0.3.1","GHSA-p8f7-22gq-m7j9"
"phoenix","0.4.0","GHSA-p8f7-22gq-m7j9"
"phoenix","0.4.1","GHSA-p8f7-22gq-m7j9"
"phoenix","0.5.0","GHSA-p8f7-22gq-m7j9"
"phoenix","0.6.0","GHSA-p8f7-22gq-m7j9"
"phoenix","0.6.1","GHSA-p8f7-22gq-m7j9"
"phoenix","0.6.2","GHSA-p8f7-22gq-m7j9"
"phoenix","0.7.0","GHSA-p8f7-22gq-m7j9"
"phoenix","0.7.1","GHSA-p8f7-22gq-m7j9"
"phoenix","0.7.2","GHSA-p8f7-22gq-m7j9"
"phoenix","0.8.0","GHSA-p8f7-22gq-m7j9"
"phoenix","0.9.0","GHSA-p8f7-22gq-m7j9"
"phoenix","1.0.0","GHSA-p8f7-22gq-m7j9"
"phoenix","1.0.1","GHSA-p8f7-22gq-m7j9"
"phoenix","1.0.2","GHSA-p8f7-22gq-m7j9"
"phoenix","1.0.3","GHSA-p8f7-22gq-m7j9"
"phoenix","1.0.4","GHSA-p8f7-22gq-m7j9"
"phoenix","1.0.5","GHSA-p8f7-22gq-m7j9"
"phoenix","1.0.6","GHSA-p8f7-22gq-m7j9"
"phoenix","1.1.0","GHSA-p8f7-22gq-m7j9"
"phoenix","1.1.1","GHSA-p8f7-22gq-m7j9"
"phoenix","1.1.2","GHSA-p8f7-22gq-m7j9"
"phoenix","1.1.3","GHSA-p8f7-22gq-m7j9"
"phoenix","1.1.4","GHSA-p8f7-22gq-m7j9"
"phoenix","1.1.5","GHSA-p8f7-22gq-m7j9"
"phoenix","1.1.6","GHSA-p8f7-22gq-m7j9"
"phoenix","1.1.7","GHSA-p8f7-22gq-m7j9"
"phoenix","1.1.8","GHSA-p8f7-22gq-m7j9"
"phoenix","1.1.9","GHSA-p8f7-22gq-m7j9"
"phoenix","1.2.0","GHSA-p8f7-22gq-m7j9"
"phoenix","1.2.0-rc.0","GHSA-p8f7-22gq-m7j9"
"phoenix","1.2.0-rc.1","GHSA-p8f7-22gq-m7j9"
"phoenix","1.2.1","GHSA-p8f7-22gq-m7j9"
"phoenix","1.2.2","GHSA-p8f7-22gq-m7j9"
"phoenix","1.2.3","GHSA-p8f7-22gq-m7j9"
"phoenix","1.2.4","GHSA-p8f7-22gq-m7j9"
"phoenix","1.2.5","GHSA-p8f7-22gq-m7j9"
"phoenix","1.3.0","GHSA-p8f7-22gq-m7j9"
"phoenix","1.3.0-rc.0","GHSA-p8f7-22gq-m7j9"
"phoenix","1.3.0-rc.1","GHSA-p8f7-22gq-m7j9"
"phoenix","1.3.0-rc.2","GHSA-p8f7-22gq-m7j9"
"phoenix","1.3.0-rc.3","GHSA-p8f7-22gq-m7j9"
"phoenix","1.3.1","GHSA-p8f7-22gq-m7j9"
"phoenix","1.3.2","GHSA-p8f7-22gq-m7j9"
"phoenix","1.3.3","GHSA-p8f7-22gq-m7j9"
"phoenix","1.3.4","GHSA-p8f7-22gq-m7j9"
"phoenix","1.3.5","GHSA-p8f7-22gq-m7j9"
"phoenix","1.4.0","GHSA-p8f7-22gq-m7j9"
"phoenix","1.4.0-rc.0","GHSA-p8f7-22gq-m7j9"
"phoenix","1.4.0-rc.1","GHSA-p8f7-22gq-m7j9"
"phoenix","1.4.0-rc.2","GHSA-p8f7-22gq-m7j9"
"phoenix","1.4.0-rc.3","GHSA-p8f7-22gq-m7j9"
"phoenix","1.4.1","GHSA-p8f7-22gq-m7j9"
"phoenix","1.4.10","GHSA-p8f7-22gq-m7j9"
"phoenix","1.4.11","GHSA-p8f7-22gq-m7j9"
"phoenix","1.4.12","GHSA-p8f7-22gq-m7j9"
"phoenix","1.4.13","GHSA-p8f7-22gq-m7j9"
"phoenix","1.4.14","GHSA-p8f7-22gq-m7j9"
"phoenix","1.4.15","GHSA-p8f7-22gq-m7j9"
"phoenix","1.4.16","GHSA-p8f7-22gq-m7j9"
"phoenix","1.4.17","GHSA-p8f7-22gq-m7j9"
"phoenix","1.4.18","GHSA-p8f7-22gq-m7j9"
"phoenix","1.4.2","GHSA-p8f7-22gq-m7j9"
"phoenix","1.4.3","GHSA-p8f7-22gq-m7j9"
"phoenix","1.4.4","GHSA-p8f7-22gq-m7j9"
"phoenix","1.4.5","GHSA-p8f7-22gq-m7j9"
"phoenix","1.4.6","GHSA-p8f7-22gq-m7j9"
"phoenix","1.4.7","GHSA-p8f7-22gq-m7j9"
"phoenix","1.4.8","GHSA-p8f7-22gq-m7j9"
"phoenix","1.4.9","GHSA-p8f7-22gq-m7j9"
"phoenix","1.5.0","GHSA-p8f7-22gq-m7j9"
"phoenix","1.5.0-rc.0","GHSA-p8f7-22gq-m7j9"
"phoenix","1.5.1","GHSA-p8f7-22gq-m7j9"
"phoenix","1.5.10","GHSA-p8f7-22gq-m7j9"
"phoenix","1.5.11","GHSA-p8f7-22gq-m7j9"
"phoenix","1.5.12","GHSA-p8f7-22gq-m7j9"
"phoenix","1.5.13","GHSA-p8f7-22gq-m7j9"
"phoenix","1.5.14","GHSA-p8f7-22gq-m7j9"
"phoenix","1.5.2","GHSA-p8f7-22gq-m7j9"
"phoenix","1.5.3","GHSA-p8f7-22gq-m7j9"
"phoenix","1.5.4","GHSA-p8f7-22gq-m7j9"
"phoenix","1.5.5","GHSA-p8f7-22gq-m7j9"
"phoenix","1.5.6","GHSA-p8f7-22gq-m7j9"
"phoenix","1.5.7","GHSA-p8f7-22gq-m7j9"
"phoenix","1.5.8","GHSA-p8f7-22gq-m7j9"
"phoenix","1.5.9","GHSA-p8f7-22gq-m7j9"
"phoenix","1.6.0","GHSA-p8f7-22gq-m7j9"
"phoenix","1.6.0-rc.0","GHSA-p8f7-22gq-m7j9"
"phoenix","1.6.0-rc.1","GHSA-p8f7-22gq-m7j9"
"phoenix","1.6.1","GHSA-p8f7-22gq-m7j9"
"phoenix","1.6.10","GHSA-p8f7-22gq-m7j9"
"phoenix","1.6.11","GHSA-p8f7-22gq-m7j9"
"phoenix","1.6.12","GHSA-p8f7-22gq-m7j9"
"phoenix","1.6.13","GHSA-p8f7-22gq-m7j9"
"phoenix","1.6.2","GHSA-p8f7-22gq-m7j9"
"phoenix","1.6.3","GHSA-p8f7-22gq-m7j9"
"phoenix","1.6.4","GHSA-p8f7-22gq-m7j9"
"phoenix","1.6.5","GHSA-p8f7-22gq-m7j9"
"phoenix","1.6.6","GHSA-p8f7-22gq-m7j9"
"phoenix","1.6.7","GHSA-p8f7-22gq-m7j9"
"phoenix","1.6.8","GHSA-p8f7-22gq-m7j9"
"phoenix","1.6.9","GHSA-p8f7-22gq-m7j9"
"ash","3.6.3","GHSA-pcxq-fjp3-r752"
"ash","3.7.0","GHSA-pcxq-fjp3-r752"
"bandit","0.5.0","GHSA-pf94-94m9-536p"
"bandit","0.5.1","GHSA-pf94-94m9-536p"
"bandit","0.5.10","GHSA-pf94-94m9-536p"
"bandit","0.5.11","GHSA-pf94-94m9-536p"
"bandit","0.5.2","GHSA-pf94-94m9-536p"
"bandit","0.5.3","GHSA-pf94-94m9-536p"
"bandit","0.5.4","GHSA-pf94-94m9-536p"
"bandit","0.5.5","GHSA-pf94-94m9-536p"
"bandit","0.5.6","GHSA-pf94-94m9-536p"
"bandit","0.5.7","GHSA-pf94-94m9-536p"
"bandit","0.5.8","GHSA-pf94-94m9-536p"
"bandit","0.5.9","GHSA-pf94-94m9-536p"
"bandit","0.6.0","GHSA-pf94-94m9-536p"
"bandit","0.6.1","GHSA-pf94-94m9-536p"
"bandit","0.6.10","GHSA-pf94-94m9-536p"
"bandit","0.6.11","GHSA-pf94-94m9-536p"
"bandit","0.6.2","GHSA-pf94-94m9-536p"
"bandit","0.6.3","GHSA-pf94-94m9-536p"
"bandit","0.6.4","GHSA-pf94-94m9-536p"
"bandit","0.6.5","GHSA-pf94-94m9-536p"
"bandit","0.6.6","GHSA-pf94-94m9-536p"
"bandit","0.6.7","GHSA-pf94-94m9-536p"
"bandit","0.6.8","GHSA-pf94-94m9-536p"
"bandit","0.6.9","GHSA-pf94-94m9-536p"
"bandit","0.7.0","GHSA-pf94-94m9-536p"
"bandit","0.7.1","GHSA-pf94-94m9-536p"
"bandit","0.7.2","GHSA-pf94-94m9-536p"
"bandit","0.7.3","GHSA-pf94-94m9-536p"
"bandit","0.7.4","GHSA-pf94-94m9-536p"
"bandit","0.7.5","GHSA-pf94-94m9-536p"
"bandit","0.7.6","GHSA-pf94-94m9-536p"
"bandit","0.7.7","GHSA-pf94-94m9-536p"
"bandit","1.0.0","GHSA-pf94-94m9-536p"
"bandit","1.0.0-pre.1","GHSA-pf94-94m9-536p"
"bandit","1.0.0-pre.10","GHSA-pf94-94m9-536p"
"bandit","1.0.0-pre.11","GHSA-pf94-94m9-536p"
"bandit","1.0.0-pre.12","GHSA-pf94-94m9-536p"
"bandit","1.0.0-pre.13","GHSA-pf94-94m9-536p"
"bandit","1.0.0-pre.14","GHSA-pf94-94m9-536p"
"bandit","1.0.0-pre.15","GHSA-pf94-94m9-536p"
"bandit","1.0.0-pre.16","GHSA-pf94-94m9-536p"
"bandit","1.0.0-pre.17","GHSA-pf94-94m9-536p"
"bandit","1.0.0-pre.18","GHSA-pf94-94m9-536p"
"bandit","1.0.0-pre.2","GHSA-pf94-94m9-536p"
"bandit","1.0.0-pre.3","GHSA-pf94-94m9-536p"
"bandit","1.0.0-pre.4","GHSA-pf94-94m9-536p"
"bandit","1.0.0-pre.5","GHSA-pf94-94m9-536p"
"bandit","1.0.0-pre.6","GHSA-pf94-94m9-536p"
"bandit","1.0.0-pre.7","GHSA-pf94-94m9-536p"
"bandit","1.0.0-pre.8","GHSA-pf94-94m9-536p"
"bandit","1.0.0-pre.9","GHSA-pf94-94m9-536p"
"bandit","1.1.0","GHSA-pf94-94m9-536p"
"bandit","1.1.1","GHSA-pf94-94m9-536p"
"bandit","1.1.2","GHSA-pf94-94m9-536p"
"bandit","1.1.3","GHSA-pf94-94m9-536p"
"bandit","1.10.0","GHSA-pf94-94m9-536p"
"bandit","1.10.1","GHSA-pf94-94m9-536p"
"bandit","1.10.2","GHSA-pf94-94m9-536p"
"bandit","1.10.3","GHSA-pf94-94m9-536p"
"bandit","1.10.4","GHSA-pf94-94m9-536p"
"bandit","1.2.0","GHSA-pf94-94m9-536p"
"bandit","1.2.1","GHSA-pf94-94m9-536p"
"bandit","1.2.2","GHSA-pf94-94m9-536p"
"bandit","1.2.3","GHSA-pf94-94m9-536p"
"bandit","1.3.0","GHSA-pf94-94m9-536p"
"bandit","1.4.0","GHSA-pf94-94m9-536p"
"bandit","1.4.1","GHSA-pf94-94m9-536p"
"bandit","1.4.2","GHSA-pf94-94m9-536p"
"bandit","1.5.0","GHSA-pf94-94m9-536p"
"bandit","1.5.1","GHSA-pf94-94m9-536p"
"bandit","1.5.2","GHSA-pf94-94m9-536p"
"bandit","1.5.3","GHSA-pf94-94m9-536p"
"bandit","1.5.4","GHSA-pf94-94m9-536p"
"bandit","1.5.5","GHSA-pf94-94m9-536p"
"bandit","1.5.6","GHSA-pf94-94m9-536p"
"bandit","1.5.7","GHSA-pf94-94m9-536p"
"bandit","1.6.0","GHSA-pf94-94m9-536p"
"bandit","1.6.1","GHSA-pf94-94m9-536p"
"bandit","1.6.10","GHSA-pf94-94m9-536p"
"bandit","1.6.11","GHSA-pf94-94m9-536p"
"bandit","1.6.2","GHSA-pf94-94m9-536p"
"bandit","1.6.3","GHSA-pf94-94m9-536p"
"bandit","1.6.4","GHSA-pf94-94m9-536p"
"bandit","1.6.5","GHSA-pf94-94m9-536p"
"bandit","1.6.6","GHSA-pf94-94m9-536p"
"bandit","1.6.7","GHSA-pf94-94m9-536p"
"bandit","1.6.8","GHSA-pf94-94m9-536p"
"bandit","1.6.9","GHSA-pf94-94m9-536p"
"bandit","1.7.0","GHSA-pf94-94m9-536p"
"bandit","1.8.0","GHSA-pf94-94m9-536p"
"bandit","1.9.0","GHSA-pf94-94m9-536p"
"rabbit_common","3.12.10","GHSA-pj33-75x5-32j4"
"rabbit_common","3.12.7","GHSA-pj33-75x5-32j4"
"rabbit_common","3.12.8","GHSA-pj33-75x5-32j4"
"rabbit_common","3.12.9","GHSA-pj33-75x5-32j4"
"hackney","0.13.1","GHSA-pj7v-xfvx-wmjq"
"hackney","0.14.0","GHSA-pj7v-xfvx-wmjq"
"hackney","0.14.1","GHSA-pj7v-xfvx-wmjq"
"hackney","0.14.2","GHSA-pj7v-xfvx-wmjq"
"hackney","0.14.3","GHSA-pj7v-xfvx-wmjq"
"hackney","0.15.0","GHSA-pj7v-xfvx-wmjq"
"hackney","0.15.2","GHSA-pj7v-xfvx-wmjq"
"hackney","1.0.1","GHSA-pj7v-xfvx-wmjq"
"hackney","1.0.2","GHSA-pj7v-xfvx-wmjq"
"hackney","1.0.5","GHSA-pj7v-xfvx-wmjq"
"hackney","1.0.6","GHSA-pj7v-xfvx-wmjq"
"hackney","1.1.0","GHSA-pj7v-xfvx-wmjq"
"hackney","1.10.0","GHSA-pj7v-xfvx-wmjq"
"hackney","1.10.1","GHSA-pj7v-xfvx-wmjq"
"hackney","1.11.0","GHSA-pj7v-xfvx-wmjq"
"hackney","1.12.0","GHSA-pj7v-xfvx-wmjq"
"hackney","1.12.1","GHSA-pj7v-xfvx-wmjq"
"hackney","1.13.0","GHSA-pj7v-xfvx-wmjq"
"hackney","1.14.0","GHSA-pj7v-xfvx-wmjq"
"hackney","1.14.2","GHSA-pj7v-xfvx-wmjq"
"hackney","1.14.3","GHSA-pj7v-xfvx-wmjq"
"hackney","1.15.0","GHSA-pj7v-xfvx-wmjq"
"hackney","1.15.1","GHSA-pj7v-xfvx-wmjq"
"hackney","1.15.2","GHSA-pj7v-xfvx-wmjq"
"hackney","1.16.0","GHSA-pj7v-xfvx-wmjq"
"hackney","1.17.0","GHSA-pj7v-xfvx-wmjq"
"hackney","1.17.1","GHSA-pj7v-xfvx-wmjq"
"hackney","1.17.2","GHSA-pj7v-xfvx-wmjq"
"hackney","1.17.3","GHSA-pj7v-xfvx-wmjq"
"hackney","1.17.4","GHSA-pj7v-xfvx-wmjq"
"hackney","1.18.0","GHSA-pj7v-xfvx-wmjq"
"hackney","1.18.1","GHSA-pj7v-xfvx-wmjq"
"hackney","1.18.2","GHSA-pj7v-xfvx-wmjq"
"hackney","1.19.0","GHSA-pj7v-xfvx-wmjq"
"hackney","1.19.1","GHSA-pj7v-xfvx-wmjq"
"hackney","1.2.0","GHSA-pj7v-xfvx-wmjq"
"hackney","1.20.0","GHSA-pj7v-xfvx-wmjq"
"hackney","1.20.1","GHSA-pj7v-xfvx-wmjq"
"hackney","1.21.0","GHSA-pj7v-xfvx-wmjq"
"hackney","1.22.0","GHSA-pj7v-xfvx-wmjq"
"hackney","1.23.0","GHSA-pj7v-xfvx-wmjq"
"hackney","1.24.0","GHSA-pj7v-xfvx-wmjq"
"hackney","1.24.1","GHSA-pj7v-xfvx-wmjq"
"hackney","1.25.0","GHSA-pj7v-xfvx-wmjq"
"hackney","1.3.0","GHSA-pj7v-xfvx-wmjq"
"hackney","1.3.1","GHSA-pj7v-xfvx-wmjq"
"hackney","1.3.2","GHSA-pj7v-xfvx-wmjq"
"hackney","1.4.0","GHSA-pj7v-xfvx-wmjq"
"hackney","1.4.1","GHSA-pj7v-xfvx-wmjq"
"hackney","1.4.10","GHSA-pj7v-xfvx-wmjq"
"hackney","1.4.2","GHSA-pj7v-xfvx-wmjq"
"hackney","1.4.3","GHSA-pj7v-xfvx-wmjq"
"hackney","1.4.4","GHSA-pj7v-xfvx-wmjq"
"hackney","1.4.5","GHSA-pj7v-xfvx-wmjq"
"hackney","1.4.6","GHSA-pj7v-xfvx-wmjq"
"hackney","1.4.7","GHSA-pj7v-xfvx-wmjq"
"hackney","1.4.8","GHSA-pj7v-xfvx-wmjq"
"hackney","1.5.0","GHSA-pj7v-xfvx-wmjq"
"hackney","1.5.1","GHSA-pj7v-xfvx-wmjq"
"hackney","1.5.2","GHSA-pj7v-xfvx-wmjq"
"hackney","1.5.3","GHSA-pj7v-xfvx-wmjq"
"hackney","1.5.4","GHSA-pj7v-xfvx-wmjq"
"hackney","1.5.5","GHSA-pj7v-xfvx-wmjq"
"hackney","1.5.6","GHSA-pj7v-xfvx-wmjq"
"hackney","1.5.7","GHSA-pj7v-xfvx-wmjq"
"hackney","1.6.0","GHSA-pj7v-xfvx-wmjq"
"hackney","1.6.1","GHSA-pj7v-xfvx-wmjq"
"hackney","1.6.2","GHSA-pj7v-xfvx-wmjq"
"hackney","1.6.3","GHSA-pj7v-xfvx-wmjq"
"hackney","1.6.4","GHSA-pj7v-xfvx-wmjq"
"hackney","1.6.5","GHSA-pj7v-xfvx-wmjq"
"hackney","1.6.6","GHSA-pj7v-xfvx-wmjq"
"hackney","1.7.0","GHSA-pj7v-xfvx-wmjq"
"hackney","1.7.1","GHSA-pj7v-xfvx-wmjq"
"hackney","1.8.0","GHSA-pj7v-xfvx-wmjq"
"hackney","1.8.2","GHSA-pj7v-xfvx-wmjq"
"hackney","1.8.3","GHSA-pj7v-xfvx-wmjq"
"hackney","1.8.4","GHSA-pj7v-xfvx-wmjq"
"hackney","1.8.5","GHSA-pj7v-xfvx-wmjq"
"hackney","1.8.6","GHSA-pj7v-xfvx-wmjq"
"hackney","1.9.0","GHSA-pj7v-xfvx-wmjq"
"hackney","2.0.0","GHSA-pj7v-xfvx-wmjq"
"hackney","2.0.0-beta.1","GHSA-pj7v-xfvx-wmjq"
"hackney","2.0.1","GHSA-pj7v-xfvx-wmjq"
"hackney","3.0.0","GHSA-pj7v-xfvx-wmjq"
"hackney","3.0.1","GHSA-pj7v-xfvx-wmjq"
"hackney","3.0.2","GHSA-pj7v-xfvx-wmjq"
"hackney","3.0.3","GHSA-pj7v-xfvx-wmjq"
"hackney","3.1.0","GHSA-pj7v-xfvx-wmjq"
"hackney","3.1.1","GHSA-pj7v-xfvx-wmjq"
"hackney","3.1.2","GHSA-pj7v-xfvx-wmjq"
"hackney","3.2.0","GHSA-pj7v-xfvx-wmjq"
"hackney","3.2.1","GHSA-pj7v-xfvx-wmjq"
"hackney","4.0.0","GHSA-pj7v-xfvx-wmjq"
"req","0.5.10","GHSA-px9f-whj3-246m"
"req","0.5.11","GHSA-px9f-whj3-246m"
"req","0.5.12","GHSA-px9f-whj3-246m"
"req","0.5.13","GHSA-px9f-whj3-246m"
"req","0.5.14","GHSA-px9f-whj3-246m"
"req","0.5.15","GHSA-px9f-whj3-246m"
"req","0.5.16","GHSA-px9f-whj3-246m"
"req","0.5.17","GHSA-px9f-whj3-246m"
"req","0.5.18","GHSA-px9f-whj3-246m"
"req","0.5.3","GHSA-px9f-whj3-246m"
"req","0.5.4","GHSA-px9f-whj3-246m"
"req","0.5.5","GHSA-px9f-whj3-246m"
"req","0.5.6","GHSA-px9f-whj3-246m"
"req","0.5.7","GHSA-px9f-whj3-246m"
"req","0.5.8","GHSA-px9f-whj3-246m"
"req","0.5.9","GHSA-px9f-whj3-246m"
"hex_core","0.1.0","GHSA-q3cc-rr2c-87r6"
"hex_core","0.1.1","GHSA-q3cc-rr2c-87r6"
"hex_core","0.2.0","GHSA-q3cc-rr2c-87r6"
"hex_core","0.2.1","GHSA-q3cc-rr2c-87r6"
"hex_core","0.3.0","GHSA-q3cc-rr2c-87r6"
"bandit","0.3.5","GHSA-q6v9-r226-v65f"
"bandit","0.3.6","GHSA-q6v9-r226-v65f"
"bandit","0.3.7","GHSA-q6v9-r226-v65f"
"bandit","0.3.8","GHSA-q6v9-r226-v65f"
"bandit","0.3.9","GHSA-q6v9-r226-v65f"
"bandit","0.4.0","GHSA-q6v9-r226-v65f"
"bandit","0.4.1","GHSA-q6v9-r226-v65f"
"bandit","0.4.10","GHSA-q6v9-r226-v65f"
"bandit","0.4.2","GHSA-q6v9-r226-v65f"
"bandit","0.4.3","GHSA-q6v9-r226-v65f"
"bandit","0.4.4","GHSA-q6v9-r226-v65f"
"bandit","0.4.5","GHSA-q6v9-r226-v65f"
"bandit","0.4.6","GHSA-q6v9-r226-v65f"
"bandit","0.4.7","GHSA-q6v9-r226-v65f"
"bandit","0.4.8","GHSA-q6v9-r226-v65f"
"bandit","0.4.9","GHSA-q6v9-r226-v65f"
"bandit","0.5.0","GHSA-q6v9-r226-v65f"
"bandit","0.5.1","GHSA-q6v9-r226-v65f"
"bandit","0.5.10","GHSA-q6v9-r226-v65f"
"bandit","0.5.11","GHSA-q6v9-r226-v65f"
"bandit","0.5.2","GHSA-q6v9-r226-v65f"
"bandit","0.5.3","GHSA-q6v9-r226-v65f"
"bandit","0.5.4","GHSA-q6v9-r226-v65f"
"bandit","0.5.5","GHSA-q6v9-r226-v65f"
"bandit","0.5.6","GHSA-q6v9-r226-v65f"
"bandit","0.5.7","GHSA-q6v9-r226-v65f"
"bandit","0.5.8","GHSA-q6v9-r226-v65f"
"bandit","0.5.9","GHSA-q6v9-r226-v65f"
"bandit","0.6.0","GHSA-q6v9-r226-v65f"
"bandit","0.6.1","GHSA-q6v9-r226-v65f"
"bandit","0.6.10","GHSA-q6v9-r226-v65f"
"bandit","0.6.11","GHSA-q6v9-r226-v65f"
"bandit","0.6.2","GHSA-q6v9-r226-v65f"
"bandit","0.6.3","GHSA-q6v9-r226-v65f"
"bandit","0.6.4","GHSA-q6v9-r226-v65f"
"bandit","0.6.5","GHSA-q6v9-r226-v65f"
"bandit","0.6.6","GHSA-q6v9-r226-v65f"
"bandit","0.6.7","GHSA-q6v9-r226-v65f"
"bandit","0.6.8","GHSA-q6v9-r226-v65f"
"bandit","0.6.9","GHSA-q6v9-r226-v65f"
"bandit","0.7.0","GHSA-q6v9-r226-v65f"
"bandit","0.7.1","GHSA-q6v9-r226-v65f"
"bandit","0.7.2","GHSA-q6v9-r226-v65f"
"bandit","0.7.3","GHSA-q6v9-r226-v65f"
"bandit","0.7.4","GHSA-q6v9-r226-v65f"
"bandit","0.7.5","GHSA-q6v9-r226-v65f"
"bandit","0.7.6","GHSA-q6v9-r226-v65f"
"bandit","0.7.7","GHSA-q6v9-r226-v65f"
"bandit","1.0.0","GHSA-q6v9-r226-v65f"
"bandit","1.0.0-pre.1","GHSA-q6v9-r226-v65f"
"bandit","1.0.0-pre.10","GHSA-q6v9-r226-v65f"
"bandit","1.0.0-pre.11","GHSA-q6v9-r226-v65f"
"bandit","1.0.0-pre.12","GHSA-q6v9-r226-v65f"
"bandit","1.0.0-pre.13","GHSA-q6v9-r226-v65f"
"bandit","1.0.0-pre.14","GHSA-q6v9-r226-v65f"
"bandit","1.0.0-pre.15","GHSA-q6v9-r226-v65f"
"bandit","1.0.0-pre.16","GHSA-q6v9-r226-v65f"
"bandit","1.0.0-pre.17","GHSA-q6v9-r226-v65f"
"bandit","1.0.0-pre.18","GHSA-q6v9-r226-v65f"
"bandit","1.0.0-pre.2","GHSA-q6v9-r226-v65f"
"bandit","1.0.0-pre.3","GHSA-q6v9-r226-v65f"
"bandit","1.0.0-pre.4","GHSA-q6v9-r226-v65f"
"bandit","1.0.0-pre.5","GHSA-q6v9-r226-v65f"
"bandit","1.0.0-pre.6","GHSA-q6v9-r226-v65f"
"bandit","1.0.0-pre.7","GHSA-q6v9-r226-v65f"
"bandit","1.0.0-pre.8","GHSA-q6v9-r226-v65f"
"bandit","1.0.0-pre.9","GHSA-q6v9-r226-v65f"
"bandit","1.1.0","GHSA-q6v9-r226-v65f"
"bandit","1.1.1","GHSA-q6v9-r226-v65f"
"bandit","1.1.2","GHSA-q6v9-r226-v65f"
"bandit","1.1.3","GHSA-q6v9-r226-v65f"
"bandit","1.10.0","GHSA-q6v9-r226-v65f"
"bandit","1.10.1","GHSA-q6v9-r226-v65f"
"bandit","1.10.2","GHSA-q6v9-r226-v65f"
"bandit","1.10.3","GHSA-q6v9-r226-v65f"
"bandit","1.10.4","GHSA-q6v9-r226-v65f"
"bandit","1.2.0","GHSA-q6v9-r226-v65f"
"bandit","1.2.1","GHSA-q6v9-r226-v65f"
"bandit","1.2.2","GHSA-q6v9-r226-v65f"
"bandit","1.2.3","GHSA-q6v9-r226-v65f"
"bandit","1.3.0","GHSA-q6v9-r226-v65f"
"bandit","1.4.0","GHSA-q6v9-r226-v65f"
"bandit","1.4.1","GHSA-q6v9-r226-v65f"
"bandit","1.4.2","GHSA-q6v9-r226-v65f"
"bandit","1.5.0","GHSA-q6v9-r226-v65f"
"bandit","1.5.1","GHSA-q6v9-r226-v65f"
"bandit","1.5.2","GHSA-q6v9-r226-v65f"
"bandit","1.5.3","GHSA-q6v9-r226-v65f"
"bandit","1.5.4","GHSA-q6v9-r226-v65f"
"bandit","1.5.5","GHSA-q6v9-r226-v65f"
"bandit","1.5.6","GHSA-q6v9-r226-v65f"
"bandit","1.5.7","GHSA-q6v9-r226-v65f"
"bandit","1.6.0","GHSA-q6v9-r226-v65f"
"bandit","1.6.1","GHSA-q6v9-r226-v65f"
"bandit","1.6.10","GHSA-q6v9-r226-v65f"
"bandit","1.6.11","GHSA-q6v9-r226-v65f"
"bandit","1.6.2","GHSA-q6v9-r226-v65f"
"bandit","1.6.3","GHSA-q6v9-r226-v65f"
"bandit","1.6.4","GHSA-q6v9-r226-v65f"
"bandit","1.6.5","GHSA-q6v9-r226-v65f"
"bandit","1.6.6","GHSA-q6v9-r226-v65f"
"bandit","1.6.7","GHSA-q6v9-r226-v65f"
"bandit","1.6.8","GHSA-q6v9-r226-v65f"
"bandit","1.6.9","GHSA-q6v9-r226-v65f"
"bandit","1.7.0","GHSA-q6v9-r226-v65f"
"bandit","1.8.0","GHSA-q6v9-r226-v65f"
"bandit","1.9.0","GHSA-q6v9-r226-v65f"
"tesla","0.10.0","GHSA-q7jx-v53g-848w"
"tesla","0.8.0","GHSA-q7jx-v53g-848w"
"tesla","0.9.0","GHSA-q7jx-v53g-848w"
"tesla","1.0.0","GHSA-q7jx-v53g-848w"
"tesla","1.0.0-beta.1","GHSA-q7jx-v53g-848w"
"tesla","1.1.0","GHSA-q7jx-v53g-848w"
"tesla","1.10.0","GHSA-q7jx-v53g-848w"
"tesla","1.10.1","GHSA-q7jx-v53g-848w"
"tesla","1.10.2","GHSA-q7jx-v53g-848w"
"tesla","1.10.3","GHSA-q7jx-v53g-848w"
"tesla","1.11.0","GHSA-q7jx-v53g-848w"
"tesla","1.11.1","GHSA-q7jx-v53g-848w"
"tesla","1.11.2","GHSA-q7jx-v53g-848w"
"tesla","1.12.0","GHSA-q7jx-v53g-848w"
"tesla","1.12.1","GHSA-q7jx-v53g-848w"
"tesla","1.12.2","GHSA-q7jx-v53g-848w"
"tesla","1.12.3","GHSA-q7jx-v53g-848w"
"tesla","1.13.0","GHSA-q7jx-v53g-848w"
"tesla","1.13.1","GHSA-q7jx-v53g-848w"
"tesla","1.13.2","GHSA-q7jx-v53g-848w"
"tesla","1.14.0","GHSA-q7jx-v53g-848w"
"tesla","1.14.1","GHSA-q7jx-v53g-848w"
"tesla","1.14.2","GHSA-q7jx-v53g-848w"
"tesla","1.14.3","GHSA-q7jx-v53g-848w"
"tesla","1.15.0","GHSA-q7jx-v53g-848w"
"tesla","1.15.1","GHSA-q7jx-v53g-848w"
"tesla","1.15.2","GHSA-q7jx-v53g-848w"
"tesla","1.15.3","GHSA-q7jx-v53g-848w"
"tesla","1.16.0","GHSA-q7jx-v53g-848w"
"tesla","1.17.0","GHSA-q7jx-v53g-848w"
"tesla","1.18.0","GHSA-q7jx-v53g-848w"
"tesla","1.18.1","GHSA-q7jx-v53g-848w"
"tesla","1.18.2","GHSA-q7jx-v53g-848w"
"tesla","1.2.0","GHSA-q7jx-v53g-848w"
"tesla","1.2.1","GHSA-q7jx-v53g-848w"
"tesla","1.3.0","GHSA-q7jx-v53g-848w"
"tesla","1.3.1","GHSA-q7jx-v53g-848w"
"tesla","1.3.2","GHSA-q7jx-v53g-848w"
"tesla","1.3.3","GHSA-q7jx-v53g-848w"
"tesla","1.4.0","GHSA-q7jx-v53g-848w"
"tesla","1.4.1","GHSA-q7jx-v53g-848w"
"tesla","1.4.2","GHSA-q7jx-v53g-848w"
"tesla","1.4.3","GHSA-q7jx-v53g-848w"
"tesla","1.4.4","GHSA-q7jx-v53g-848w"
"tesla","1.5.0","GHSA-q7jx-v53g-848w"
"tesla","1.5.1","GHSA-q7jx-v53g-848w"
"tesla","1.6.0","GHSA-q7jx-v53g-848w"
"tesla","1.6.1","GHSA-q7jx-v53g-848w"
"tesla","1.7.0","GHSA-q7jx-v53g-848w"
"tesla","1.8.0","GHSA-q7jx-v53g-848w"
"tesla","1.8.1","GHSA-q7jx-v53g-848w"
"tesla","1.9.0","GHSA-q7jx-v53g-848w"
"hackney","2.0.0","GHSA-q8jg-fgj4-fphf"
"hackney","2.0.1","GHSA-q8jg-fgj4-fphf"
"hackney","3.0.0","GHSA-q8jg-fgj4-fphf"
"hackney","3.0.1","GHSA-q8jg-fgj4-fphf"
"hackney","3.0.2","GHSA-q8jg-fgj4-fphf"
"hackney","3.0.3","GHSA-q8jg-fgj4-fphf"
"hackney","3.1.0","GHSA-q8jg-fgj4-fphf"
"hackney","3.1.1","GHSA-q8jg-fgj4-fphf"
"hackney","3.1.2","GHSA-q8jg-fgj4-fphf"
"hackney","3.2.0","GHSA-q8jg-fgj4-fphf"
"hackney","3.2.1","GHSA-q8jg-fgj4-fphf"
"hackney","4.0.0","GHSA-q8jg-fgj4-fphf"
"plug_cowboy","2.0.0","GHSA-q8x4-x7mp-5vg2"
"plug_cowboy","2.0.1","GHSA-q8x4-x7mp-5vg2"
"plug_cowboy","2.0.2","GHSA-q8x4-x7mp-5vg2"
"plug_cowboy","2.1.0","GHSA-q8x4-x7mp-5vg2"
"plug_cowboy","2.1.1","GHSA-q8x4-x7mp-5vg2"
"plug_cowboy","2.1.2","GHSA-q8x4-x7mp-5vg2"
"plug_cowboy","2.1.3","GHSA-q8x4-x7mp-5vg2"
"plug_cowboy","2.2.0","GHSA-q8x4-x7mp-5vg2"
"plug_cowboy","2.2.1","GHSA-q8x4-x7mp-5vg2"
"plug_cowboy","2.2.2","GHSA-q8x4-x7mp-5vg2"
"plug_cowboy","2.3.0","GHSA-q8x4-x7mp-5vg2"
"plug_cowboy","2.4.0","GHSA-q8x4-x7mp-5vg2"
"plug_cowboy","2.4.1","GHSA-q8x4-x7mp-5vg2"
"plug_cowboy","2.5.0","GHSA-q8x4-x7mp-5vg2"
"plug_cowboy","2.5.1","GHSA-q8x4-x7mp-5vg2"
"plug_cowboy","2.5.2","GHSA-q8x4-x7mp-5vg2"
"plug_cowboy","2.6.0","GHSA-q8x4-x7mp-5vg2"
"plug_cowboy","2.6.1","GHSA-q8x4-x7mp-5vg2"
"plug_cowboy","2.6.2","GHSA-q8x4-x7mp-5vg2"
"plug_cowboy","2.7.0","GHSA-q8x4-x7mp-5vg2"
"plug_cowboy","2.7.1","GHSA-q8x4-x7mp-5vg2"
"plug_cowboy","2.7.2","GHSA-q8x4-x7mp-5vg2"
"plug_cowboy","2.7.3","GHSA-q8x4-x7mp-5vg2"
"plug_cowboy","2.7.4","GHSA-q8x4-x7mp-5vg2"
"plug_cowboy","2.7.5","GHSA-q8x4-x7mp-5vg2"
"plug_cowboy","2.8.0","GHSA-q8x4-x7mp-5vg2"
"absinthe","1.10.0","GHSA-qf4g-9fqq-mmm7"
"absinthe","1.10.1","GHSA-qf4g-9fqq-mmm7"
"absinthe","1.5.0","GHSA-qf4g-9fqq-mmm7"
"absinthe","1.5.1","GHSA-qf4g-9fqq-mmm7"
"absinthe","1.5.2","GHSA-qf4g-9fqq-mmm7"
"absinthe","1.5.3","GHSA-qf4g-9fqq-mmm7"
"absinthe","1.5.4","GHSA-qf4g-9fqq-mmm7"
"absinthe","1.5.5","GHSA-qf4g-9fqq-mmm7"
"absinthe","1.6.0","GHSA-qf4g-9fqq-mmm7"
"absinthe","1.6.0-rc.0","GHSA-qf4g-9fqq-mmm7"
"absinthe","1.6.0-rc.1","GHSA-qf4g-9fqq-mmm7"
"absinthe","1.6.1","GHSA-qf4g-9fqq-mmm7"
"absinthe","1.6.2","GHSA-qf4g-9fqq-mmm7"
"absinthe","1.6.3","GHSA-qf4g-9fqq-mmm7"
"absinthe","1.6.4","GHSA-qf4g-9fqq-mmm7"
"absinthe","1.6.5","GHSA-qf4g-9fqq-mmm7"
"absinthe","1.6.6","GHSA-qf4g-9fqq-mmm7"
"absinthe","1.6.7","GHSA-qf4g-9fqq-mmm7"
"absinthe","1.6.8","GHSA-qf4g-9fqq-mmm7"
"absinthe","1.7.0","GHSA-qf4g-9fqq-mmm7"
"absinthe","1.7.1","GHSA-qf4g-9fqq-mmm7"
"absinthe","1.7.10","GHSA-qf4g-9fqq-mmm7"
"absinthe","1.7.11","GHSA-qf4g-9fqq-mmm7"
"absinthe","1.7.2","GHSA-qf4g-9fqq-mmm7"
"absinthe","1.7.3","GHSA-qf4g-9fqq-mmm7"
"absinthe","1.7.4","GHSA-qf4g-9fqq-mmm7"
"absinthe","1.7.5","GHSA-qf4g-9fqq-mmm7"
"absinthe","1.7.6","GHSA-qf4g-9fqq-mmm7"
"absinthe","1.7.7","GHSA-qf4g-9fqq-mmm7"
"absinthe","1.7.8","GHSA-qf4g-9fqq-mmm7"
"absinthe","1.7.9","GHSA-qf4g-9fqq-mmm7"
"absinthe","1.8.0","GHSA-qf4g-9fqq-mmm7"
"absinthe","1.9.0","GHSA-qf4g-9fqq-mmm7"
"absinthe","1.9.1","GHSA-qf4g-9fqq-mmm7"
"sweet_xml","0.1.0","GHSA-qpmc-wprv-x746"
"sweet_xml","0.1.1","GHSA-qpmc-wprv-x746"
"sweet_xml","0.2.0","GHSA-qpmc-wprv-x746"
"sweet_xml","0.2.1","GHSA-qpmc-wprv-x746"
"sweet_xml","0.3.0","GHSA-qpmc-wprv-x746"
"sweet_xml","0.4.0","GHSA-qpmc-wprv-x746"
"sweet_xml","0.5.0","GHSA-qpmc-wprv-x746"
"sweet_xml","0.5.1","GHSA-qpmc-wprv-x746"
"sweet_xml","0.6.0","GHSA-qpmc-wprv-x746"
"sweet_xml","0.6.1","GHSA-qpmc-wprv-x746"
"sweet_xml","0.6.2","GHSA-qpmc-wprv-x746"
"sweet_xml","0.6.3","GHSA-qpmc-wprv-x746"
"sweet_xml","0.6.4","GHSA-qpmc-wprv-x746"
"sweet_xml","0.6.5","GHSA-qpmc-wprv-x746"
"sweet_xml","0.6.6","GHSA-qpmc-wprv-x746"
"ash_authentication","4.1.0","GHSA-qrm9-f75w-hg4c"
"ash_authentication","4.2.0","GHSA-qrm9-f75w-hg4c"
"ash_authentication","4.2.1","GHSA-qrm9-f75w-hg4c"
"ash_authentication","4.2.2","GHSA-qrm9-f75w-hg4c"
"ash_authentication","4.2.3","GHSA-qrm9-f75w-hg4c"
"ash_authentication","4.2.4","GHSA-qrm9-f75w-hg4c"
"ash_authentication","4.2.5","GHSA-qrm9-f75w-hg4c"
"ash_authentication","4.2.6","GHSA-qrm9-f75w-hg4c"
"ash_authentication","4.2.7","GHSA-qrm9-f75w-hg4c"
"ash_authentication","4.3.0","GHSA-qrm9-f75w-hg4c"
"ash_authentication","4.3.1","GHSA-qrm9-f75w-hg4c"
"ash_authentication","4.3.10","GHSA-qrm9-f75w-hg4c"
"ash_authentication","4.3.11","GHSA-qrm9-f75w-hg4c"
"ash_authentication","4.3.12","GHSA-qrm9-f75w-hg4c"
"ash_authentication","4.3.2","GHSA-qrm9-f75w-hg4c"
"ash_authentication","4.3.3","GHSA-qrm9-f75w-hg4c"
"ash_authentication","4.3.4","GHSA-qrm9-f75w-hg4c"
"ash_authentication","4.3.5","GHSA-qrm9-f75w-hg4c"
"ash_authentication","4.3.6","GHSA-qrm9-f75w-hg4c"
"ash_authentication","4.3.7","GHSA-qrm9-f75w-hg4c"
"ash_authentication","4.3.8","GHSA-qrm9-f75w-hg4c"
"ash_authentication","4.3.9","GHSA-qrm9-f75w-hg4c"
"ash_authentication","4.4.0","GHSA-qrm9-f75w-hg4c"
"ash_authentication","4.4.1","GHSA-qrm9-f75w-hg4c"
"ash_authentication","4.4.2","GHSA-qrm9-f75w-hg4c"
"ash_authentication","4.4.3","GHSA-qrm9-f75w-hg4c"
"ash_authentication","4.4.4","GHSA-qrm9-f75w-hg4c"
"ash_authentication","4.4.5","GHSA-qrm9-f75w-hg4c"
"ash_authentication","4.4.6","GHSA-qrm9-f75w-hg4c"
"ash_authentication","4.4.7","GHSA-qrm9-f75w-hg4c"
"ash_authentication","4.4.8","GHSA-qrm9-f75w-hg4c"
"ex_webrtc","0.1.0","GHSA-qwfw-ggxw-577c"
"ex_webrtc","0.10.0","GHSA-qwfw-ggxw-577c"
"ex_webrtc","0.11.0","GHSA-qwfw-ggxw-577c"
"ex_webrtc","0.12.0","GHSA-qwfw-ggxw-577c"
"ex_webrtc","0.13.0","GHSA-qwfw-ggxw-577c"
"ex_webrtc","0.14.0","GHSA-qwfw-ggxw-577c"
"ex_webrtc","0.15.0","GHSA-qwfw-ggxw-577c"
"ex_webrtc","0.2.0","GHSA-qwfw-ggxw-577c"
"ex_webrtc","0.3.0","GHSA-qwfw-ggxw-577c"
"ex_webrtc","0.4.0","GHSA-qwfw-ggxw-577c"
"ex_webrtc","0.4.1","GHSA-qwfw-ggxw-577c"
"ex_webrtc","0.5.0","GHSA-qwfw-ggxw-577c"
"ex_webrtc","0.5.1","GHSA-qwfw-ggxw-577c"
"ex_webrtc","0.6.0","GHSA-qwfw-ggxw-577c"
"ex_webrtc","0.6.1","GHSA-qwfw-ggxw-577c"
"ex_webrtc","0.6.2","GHSA-qwfw-ggxw-577c"
"ex_webrtc","0.6.3","GHSA-qwfw-ggxw-577c"
"ex_webrtc","0.7.0","GHSA-qwfw-ggxw-577c"
"ex_webrtc","0.8.0","GHSA-qwfw-ggxw-577c"
"ex_webrtc","0.8.1","GHSA-qwfw-ggxw-577c"
"ex_webrtc","0.9.0","GHSA-qwfw-ggxw-577c"
"gun","1.0.0","GHSA-r53j-fjj5-mv77"
"gun","1.1.0","GHSA-r53j-fjj5-mv77"
"gun","1.2.0","GHSA-r53j-fjj5-mv77"
"gun","1.3.0","GHSA-r53j-fjj5-mv77"
"gun","1.3.1","GHSA-r53j-fjj5-mv77"
"gun","1.3.2","GHSA-r53j-fjj5-mv77"
"gun","1.3.3","GHSA-r53j-fjj5-mv77"
"gun","2.0.0","GHSA-r53j-fjj5-mv77"
"gun","2.0.0-rc.1","GHSA-r53j-fjj5-mv77"
"gun","2.0.0-rc.2","GHSA-r53j-fjj5-mv77"
"gun","2.0.1","GHSA-r53j-fjj5-mv77"
"gun","2.1.0","GHSA-r53j-fjj5-mv77"
"gun","2.2.0","GHSA-r53j-fjj5-mv77"
"gun","2.3.0","GHSA-r53j-fjj5-mv77"
"postgrex","0.16.0","GHSA-r73h-97w8-m54h"
"postgrex","0.16.1","GHSA-r73h-97w8-m54h"
"postgrex","0.16.2","GHSA-r73h-97w8-m54h"
"postgrex","0.16.3","GHSA-r73h-97w8-m54h"
"postgrex","0.16.4","GHSA-r73h-97w8-m54h"
"postgrex","0.16.5","GHSA-r73h-97w8-m54h"
"postgrex","0.17.0","GHSA-r73h-97w8-m54h"
"postgrex","0.17.1","GHSA-r73h-97w8-m54h"
"postgrex","0.17.2","GHSA-r73h-97w8-m54h"
"postgrex","0.17.3","GHSA-r73h-97w8-m54h"
"postgrex","0.17.4","GHSA-r73h-97w8-m54h"
"postgrex","0.17.5","GHSA-r73h-97w8-m54h"
"postgrex","0.18.0","GHSA-r73h-97w8-m54h"
"postgrex","0.19.0","GHSA-r73h-97w8-m54h"
"postgrex","0.19.1","GHSA-r73h-97w8-m54h"
"postgrex","0.19.2","GHSA-r73h-97w8-m54h"
"postgrex","0.19.3","GHSA-r73h-97w8-m54h"
"postgrex","0.20.0","GHSA-r73h-97w8-m54h"
"postgrex","0.21.0","GHSA-r73h-97w8-m54h"
"postgrex","0.21.1","GHSA-r73h-97w8-m54h"
"postgrex","0.22.0","GHSA-r73h-97w8-m54h"
"postgrex","0.22.1","GHSA-r73h-97w8-m54h"
"bandit","1.10.0","GHSA-rf5q-vwxw-gmrf"
"bandit","1.10.1","GHSA-rf5q-vwxw-gmrf"
"bandit","1.10.2","GHSA-rf5q-vwxw-gmrf"
"bandit","1.10.3","GHSA-rf5q-vwxw-gmrf"
"bandit","1.10.4","GHSA-rf5q-vwxw-gmrf"
"bandit","1.11.0","GHSA-rf5q-vwxw-gmrf"
"bandit","1.6.0","GHSA-rf5q-vwxw-gmrf"
"bandit","1.6.1","GHSA-rf5q-vwxw-gmrf"
"bandit","1.6.10","GHSA-rf5q-vwxw-gmrf"
"bandit","1.6.11","GHSA-rf5q-vwxw-gmrf"
"bandit","1.6.2","GHSA-rf5q-vwxw-gmrf"
"bandit","1.6.3","GHSA-rf5q-vwxw-gmrf"
"bandit","1.6.4","GHSA-rf5q-vwxw-gmrf"
"bandit","1.6.5","GHSA-rf5q-vwxw-gmrf"
"bandit","1.6.6","GHSA-rf5q-vwxw-gmrf"
"bandit","1.6.7","GHSA-rf5q-vwxw-gmrf"
"bandit","1.6.8","GHSA-rf5q-vwxw-gmrf"
"bandit","1.6.9","GHSA-rf5q-vwxw-gmrf"
"bandit","1.7.0","GHSA-rf5q-vwxw-gmrf"
"bandit","1.8.0","GHSA-rf5q-vwxw-gmrf"
"bandit","1.9.0","GHSA-rf5q-vwxw-gmrf"
"decimal","0.1.1","GHSA-rhv4-8758-jx7v"
"decimal","0.1.2","GHSA-rhv4-8758-jx7v"
"decimal","0.2.0","GHSA-rhv4-8758-jx7v"
"decimal","0.2.1","GHSA-rhv4-8758-jx7v"
"decimal","0.2.2","GHSA-rhv4-8758-jx7v"
"decimal","0.2.3","GHSA-rhv4-8758-jx7v"
"decimal","0.2.4","GHSA-rhv4-8758-jx7v"
"decimal","0.2.5","GHSA-rhv4-8758-jx7v"
"decimal","1.0.0","GHSA-rhv4-8758-jx7v"
"decimal","1.0.1","GHSA-rhv4-8758-jx7v"
"decimal","1.1.0","GHSA-rhv4-8758-jx7v"
"decimal","1.1.1","GHSA-rhv4-8758-jx7v"
"decimal","1.1.2","GHSA-rhv4-8758-jx7v"
"decimal","1.2.0","GHSA-rhv4-8758-jx7v"
"decimal","1.3.0","GHSA-rhv4-8758-jx7v"
"decimal","1.3.1","GHSA-rhv4-8758-jx7v"
"decimal","1.4.0","GHSA-rhv4-8758-jx7v"
"decimal","1.4.1","GHSA-rhv4-8758-jx7v"
"decimal","1.5.0","GHSA-rhv4-8758-jx7v"
"decimal","1.6.0","GHSA-rhv4-8758-jx7v"
"decimal","1.7.0","GHSA-rhv4-8758-jx7v"
"decimal","1.8.0","GHSA-rhv4-8758-jx7v"
"decimal","1.8.1","GHSA-rhv4-8758-jx7v"
"decimal","1.9.0","GHSA-rhv4-8758-jx7v"
"decimal","1.9.0-rc.0","GHSA-rhv4-8758-jx7v"
"decimal","2.0.0","GHSA-rhv4-8758-jx7v"
"decimal","2.0.0-rc.0","GHSA-rhv4-8758-jx7v"
"decimal","2.1.0","GHSA-rhv4-8758-jx7v"
"decimal","2.1.1","GHSA-rhv4-8758-jx7v"
"decimal","2.2.0","GHSA-rhv4-8758-jx7v"
"decimal","2.3.0","GHSA-rhv4-8758-jx7v"
"decimal","2.4.0","GHSA-rhv4-8758-jx7v"
"decimal","2.4.1","GHSA-rhv4-8758-jx7v"
"protobuf","0.10.0","GHSA-rv48-qqj5-crxg"
"protobuf","0.11.0","GHSA-rv48-qqj5-crxg"
"protobuf","0.12.0","GHSA-rv48-qqj5-crxg"
"protobuf","0.13.0","GHSA-rv48-qqj5-crxg"
"protobuf","0.14.0","GHSA-rv48-qqj5-crxg"
"protobuf","0.14.1","GHSA-rv48-qqj5-crxg"
"protobuf","0.15.0","GHSA-rv48-qqj5-crxg"
"protobuf","0.16.0","GHSA-rv48-qqj5-crxg"
"protobuf","0.8.0","GHSA-rv48-qqj5-crxg"
"protobuf","0.9.0","GHSA-rv48-qqj5-crxg"
"nodejs","0.1.0","GHSA-rwcr-rpcc-3g9m"
"nodejs","0.2.0","GHSA-rwcr-rpcc-3g9m"
"nodejs","0.2.1","GHSA-rwcr-rpcc-3g9m"
"nodejs","0.2.2","GHSA-rwcr-rpcc-3g9m"
"nodejs","0.2.3","GHSA-rwcr-rpcc-3g9m"
"nodejs","1.0.0","GHSA-rwcr-rpcc-3g9m"
"nodejs","1.1.0","GHSA-rwcr-rpcc-3g9m"
"nodejs","2.0.0","GHSA-rwcr-rpcc-3g9m"
"nodejs","3.0.0","GHSA-rwcr-rpcc-3g9m"
"nodejs","3.1.0","GHSA-rwcr-rpcc-3g9m"
"nodejs","3.1.1","GHSA-rwcr-rpcc-3g9m"
"nodejs","3.1.2","GHSA-rwcr-rpcc-3g9m"
"nodejs","3.1.3","GHSA-rwcr-rpcc-3g9m"
"pow","0.1.0-alpha","GHSA-v2wf-c3j6-wpvw"
"pow","0.1.0-alpha.1","GHSA-v2wf-c3j6-wpvw"
"pow","0.1.0-alpha.2","GHSA-v2wf-c3j6-wpvw"
"pow","0.1.0-alpha.3","GHSA-v2wf-c3j6-wpvw"
"pow","0.1.0-alpha.4","GHSA-v2wf-c3j6-wpvw"
"pow","0.1.0-alpha.5","GHSA-v2wf-c3j6-wpvw"
"pow","0.1.0-alpha.6","GHSA-v2wf-c3j6-wpvw"
"pow","0.1.0-alpha.7","GHSA-v2wf-c3j6-wpvw"
"pow","0.1.0-alpha.8","GHSA-v2wf-c3j6-wpvw"
"pow","0.1.0-rc.1","GHSA-v2wf-c3j6-wpvw"
"pow","1.0.0","GHSA-v2wf-c3j6-wpvw"
"pow","1.0.0-rc.0","GHSA-v2wf-c3j6-wpvw"
"pow","1.0.0-rc.1","GHSA-v2wf-c3j6-wpvw"
"pow","1.0.0-rc.2","GHSA-v2wf-c3j6-wpvw"
"pow","1.0.0-rc.3","GHSA-v2wf-c3j6-wpvw"
"pow","1.0.0-rc.4","GHSA-v2wf-c3j6-wpvw"
"pow","1.0.1","GHSA-v2wf-c3j6-wpvw"
"pow","1.0.10","GHSA-v2wf-c3j6-wpvw"
"pow","1.0.11","GHSA-v2wf-c3j6-wpvw"
"pow","1.0.12","GHSA-v2wf-c3j6-wpvw"
"pow","1.0.13","GHSA-v2wf-c3j6-wpvw"
"pow","1.0.14","GHSA-v2wf-c3j6-wpvw"
"pow","1.0.15","GHSA-v2wf-c3j6-wpvw"
"pow","1.0.2","GHSA-v2wf-c3j6-wpvw"
"pow","1.0.3","GHSA-v2wf-c3j6-wpvw"
"pow","1.0.4","GHSA-v2wf-c3j6-wpvw"
"pow","1.0.5","GHSA-v2wf-c3j6-wpvw"
"pow","1.0.6","GHSA-v2wf-c3j6-wpvw"
"pow","1.0.7","GHSA-v2wf-c3j6-wpvw"
"pow","1.0.8","GHSA-v2wf-c3j6-wpvw"
"pow","1.0.9","GHSA-v2wf-c3j6-wpvw"
"rabbit_common","3.10.0","GHSA-v9gv-xp36-jgj8"
"rabbit_common","3.10.1","GHSA-v9gv-xp36-jgj8"
"hackney","0.13.1","GHSA-vq52-99r9-h5pw"
"hackney","0.14.0","GHSA-vq52-99r9-h5pw"
"hackney","0.14.1","GHSA-vq52-99r9-h5pw"
"hackney","0.14.2","GHSA-vq52-99r9-h5pw"
"hackney","0.14.3","GHSA-vq52-99r9-h5pw"
"hackney","0.15.0","GHSA-vq52-99r9-h5pw"
"hackney","0.15.2","GHSA-vq52-99r9-h5pw"
"hackney","1.0.1","GHSA-vq52-99r9-h5pw"
"hackney","1.0.2","GHSA-vq52-99r9-h5pw"
"hackney","1.0.5","GHSA-vq52-99r9-h5pw"
"hackney","1.0.6","GHSA-vq52-99r9-h5pw"
"hackney","1.1.0","GHSA-vq52-99r9-h5pw"
"hackney","1.10.0","GHSA-vq52-99r9-h5pw"
"hackney","1.10.1","GHSA-vq52-99r9-h5pw"
"hackney","1.11.0","GHSA-vq52-99r9-h5pw"
"hackney","1.12.0","GHSA-vq52-99r9-h5pw"
"hackney","1.12.1","GHSA-vq52-99r9-h5pw"
"hackney","1.13.0","GHSA-vq52-99r9-h5pw"
"hackney","1.14.0","GHSA-vq52-99r9-h5pw"
"hackney","1.14.2","GHSA-vq52-99r9-h5pw"
"hackney","1.14.3","GHSA-vq52-99r9-h5pw"
"hackney","1.15.0","GHSA-vq52-99r9-h5pw"
"hackney","1.15.1","GHSA-vq52-99r9-h5pw"
"hackney","1.15.2","GHSA-vq52-99r9-h5pw"
"hackney","1.16.0","GHSA-vq52-99r9-h5pw"
"hackney","1.17.0","GHSA-vq52-99r9-h5pw"
"hackney","1.17.1","GHSA-vq52-99r9-h5pw"
"hackney","1.17.2","GHSA-vq52-99r9-h5pw"
"hackney","1.17.3","GHSA-vq52-99r9-h5pw"
"hackney","1.17.4","GHSA-vq52-99r9-h5pw"
"hackney","1.18.0","GHSA-vq52-99r9-h5pw"
"hackney","1.18.1","GHSA-vq52-99r9-h5pw"
"hackney","1.18.2","GHSA-vq52-99r9-h5pw"
"hackney","1.19.0","GHSA-vq52-99r9-h5pw"
"hackney","1.19.1","GHSA-vq52-99r9-h5pw"
"hackney","1.2.0","GHSA-vq52-99r9-h5pw"
"hackney","1.20.0","GHSA-vq52-99r9-h5pw"
"hackney","1.20.1","GHSA-vq52-99r9-h5pw"
"hackney","1.3.0","GHSA-vq52-99r9-h5pw"
"hackney","1.3.1","GHSA-vq52-99r9-h5pw"
"hackney","1.3.2","GHSA-vq52-99r9-h5pw"
"hackney","1.4.0","GHSA-vq52-99r9-h5pw"
"hackney","1.4.1","GHSA-vq52-99r9-h5pw"
"hackney","1.4.10","GHSA-vq52-99r9-h5pw"
"hackney","1.4.2","GHSA-vq52-99r9-h5pw"
"hackney","1.4.3","GHSA-vq52-99r9-h5pw"
"hackney","1.4.4","GHSA-vq52-99r9-h5pw"
"hackney","1.4.5","GHSA-vq52-99r9-h5pw"
"hackney","1.4.6","GHSA-vq52-99r9-h5pw"
"hackney","1.4.7","GHSA-vq52-99r9-h5pw"
"hackney","1.4.8","GHSA-vq52-99r9-h5pw"
"hackney","1.5.0","GHSA-vq52-99r9-h5pw"
"hackney","1.5.1","GHSA-vq52-99r9-h5pw"
"hackney","1.5.2","GHSA-vq52-99r9-h5pw"
"hackney","1.5.3","GHSA-vq52-99r9-h5pw"
"hackney","1.5.4","GHSA-vq52-99r9-h5pw"
"hackney","1.5.5","GHSA-vq52-99r9-h5pw"
"hackney","1.5.6","GHSA-vq52-99r9-h5pw"
"hackney","1.5.7","GHSA-vq52-99r9-h5pw"
"hackney","1.6.0","GHSA-vq52-99r9-h5pw"
"hackney","1.6.1","GHSA-vq52-99r9-h5pw"
"hackney","1.6.2","GHSA-vq52-99r9-h5pw"
"hackney","1.6.3","GHSA-vq52-99r9-h5pw"
"hackney","1.6.4","GHSA-vq52-99r9-h5pw"
"hackney","1.6.5","GHSA-vq52-99r9-h5pw"
"hackney","1.6.6","GHSA-vq52-99r9-h5pw"
"hackney","1.7.0","GHSA-vq52-99r9-h5pw"
"hackney","1.7.1","GHSA-vq52-99r9-h5pw"
"hackney","1.8.0","GHSA-vq52-99r9-h5pw"
"hackney","1.8.2","GHSA-vq52-99r9-h5pw"
"hackney","1.8.3","GHSA-vq52-99r9-h5pw"
"hackney","1.8.4","GHSA-vq52-99r9-h5pw"
"hackney","1.8.5","GHSA-vq52-99r9-h5pw"
"hackney","1.8.6","GHSA-vq52-99r9-h5pw"
"hackney","1.9.0","GHSA-vq52-99r9-h5pw"
"cowboy","1.0.0","GHSA-w4f7-4cxr-rv3c"
"cowboy","1.0.1","GHSA-w4f7-4cxr-rv3c"
"cowboy","1.0.2","GHSA-w4f7-4cxr-rv3c"
"cowboy","1.0.3","GHSA-w4f7-4cxr-rv3c"
"cowboy","1.0.4","GHSA-w4f7-4cxr-rv3c"
"cowboy","1.1.0","GHSA-w4f7-4cxr-rv3c"
"cowboy","1.1.1","GHSA-w4f7-4cxr-rv3c"
"cowboy","1.1.2","GHSA-w4f7-4cxr-rv3c"
"cowboy","2.0.0","GHSA-w4f7-4cxr-rv3c"
"cowboy","2.1.0","GHSA-w4f7-4cxr-rv3c"
"cowboy","2.10.0","GHSA-w4f7-4cxr-rv3c"
"cowboy","2.11.0","GHSA-w4f7-4cxr-rv3c"
"cowboy","2.12.0","GHSA-w4f7-4cxr-rv3c"
"cowboy","2.13.0","GHSA-w4f7-4cxr-rv3c"
"cowboy","2.14.0","GHSA-w4f7-4cxr-rv3c"
"cowboy","2.14.1","GHSA-w4f7-4cxr-rv3c"
"cowboy","2.14.2","GHSA-w4f7-4cxr-rv3c"
"cowboy","2.15.0","GHSA-w4f7-4cxr-rv3c"
"cowboy","2.2.0","GHSA-w4f7-4cxr-rv3c"
"cowboy","2.2.1","GHSA-w4f7-4cxr-rv3c"
"cowboy","2.2.2","GHSA-w4f7-4cxr-rv3c"
"cowboy","2.3.0","GHSA-w4f7-4cxr-rv3c"
"cowboy","2.4.0","GHSA-w4f7-4cxr-rv3c"
"cowboy","2.5.0","GHSA-w4f7-4cxr-rv3c"
"cowboy","2.6.0","GHSA-w4f7-4cxr-rv3c"
"cowboy","2.6.1","GHSA-w4f7-4cxr-rv3c"
"cowboy","2.6.2","GHSA-w4f7-4cxr-rv3c"
"cowboy","2.6.3","GHSA-w4f7-4cxr-rv3c"
"cowboy","2.7.0","GHSA-w4f7-4cxr-rv3c"
"cowboy","2.8.0","GHSA-w4f7-4cxr-rv3c"
"cowboy","2.9.0","GHSA-w4f7-4cxr-rv3c"
"gun","1.0.0","GHSA-w4f7-4cxr-rv3c"
"gun","1.0.0-pre.1","GHSA-w4f7-4cxr-rv3c"
"gun","1.0.0-pre.2","GHSA-w4f7-4cxr-rv3c"
"gun","1.0.0-pre.4","GHSA-w4f7-4cxr-rv3c"
"gun","1.0.0-pre.4b","GHSA-w4f7-4cxr-rv3c"
"gun","1.0.0-pre.5","GHSA-w4f7-4cxr-rv3c"
"gun","1.1.0","GHSA-w4f7-4cxr-rv3c"
"gun","1.2.0","GHSA-w4f7-4cxr-rv3c"
"gun","1.3.0","GHSA-w4f7-4cxr-rv3c"
"gun","1.3.1","GHSA-w4f7-4cxr-rv3c"
"gun","1.3.2","GHSA-w4f7-4cxr-rv3c"
"gun","1.3.3","GHSA-w4f7-4cxr-rv3c"
"gun","2.0.0","GHSA-w4f7-4cxr-rv3c"
"gun","2.0.0-rc.1","GHSA-w4f7-4cxr-rv3c"
"gun","2.0.0-rc.2","GHSA-w4f7-4cxr-rv3c"
"gun","2.0.1","GHSA-w4f7-4cxr-rv3c"
"gun","2.1.0","GHSA-w4f7-4cxr-rv3c"
"gun","2.2.0","GHSA-w4f7-4cxr-rv3c"
"gun","2.3.0","GHSA-w4f7-4cxr-rv3c"
"gun","2.4.0","GHSA-w4f7-4cxr-rv3c"
"gun","2.4.1","GHSA-w4f7-4cxr-rv3c"
"gun","2.5.0","GHSA-w4f7-4cxr-rv3c"
"rabbit_common","3.12.0","GHSA-w6cq-9cf4-gqpg"
"rabbit_common","3.12.1","GHSA-w6cq-9cf4-gqpg"
"rabbit_common","3.12.2","GHSA-w6cq-9cf4-gqpg"
"rabbit_common","3.12.3","GHSA-w6cq-9cf4-gqpg"
"rabbit_common","3.12.4","GHSA-w6cq-9cf4-gqpg"
"rabbit_common","3.12.5","GHSA-w6cq-9cf4-gqpg"
"rabbit_common","3.12.6","GHSA-w6cq-9cf4-gqpg"
"paginator","0.1.0","GHSA-w98m-2xqg-9cvj"
"paginator","0.2.0","GHSA-w98m-2xqg-9cvj"
"paginator","0.3.0","GHSA-w98m-2xqg-9cvj"
"paginator","0.3.1","GHSA-w98m-2xqg-9cvj"
"paginator","0.4.0","GHSA-w98m-2xqg-9cvj"
"paginator","0.4.1","GHSA-w98m-2xqg-9cvj"
"paginator","0.5.0","GHSA-w98m-2xqg-9cvj"
"paginator","0.6.0","GHSA-w98m-2xqg-9cvj"
"ewe","0.0.1","GHSA-x2w3-23jr-hrpf"
"ewe","0.0.2","GHSA-x2w3-23jr-hrpf"
"ewe","0.1.0","GHSA-x2w3-23jr-hrpf"
"ewe","0.10.0","GHSA-x2w3-23jr-hrpf"
"ewe","0.2.0","GHSA-x2w3-23jr-hrpf"
"ewe","0.3.0","GHSA-x2w3-23jr-hrpf"
"ewe","0.4.0","GHSA-x2w3-23jr-hrpf"
"ewe","0.5.0","GHSA-x2w3-23jr-hrpf"
"ewe","0.6.0","GHSA-x2w3-23jr-hrpf"
"ewe","0.7.0","GHSA-x2w3-23jr-hrpf"
"ewe","0.8.0","GHSA-x2w3-23jr-hrpf"
"ewe","0.8.1","GHSA-x2w3-23jr-hrpf"
"ewe","0.9.0","GHSA-x2w3-23jr-hrpf"
"ewe","1.0.0","GHSA-x2w3-23jr-hrpf"
"ewe","1.0.0-rc1","GHSA-x2w3-23jr-hrpf"
"ewe","1.0.0-rc2","GHSA-x2w3-23jr-hrpf"
"ewe","1.0.1","GHSA-x2w3-23jr-hrpf"
"ewe","2.0.0","GHSA-x2w3-23jr-hrpf"
"ewe","2.0.1","GHSA-x2w3-23jr-hrpf"
"ewe","2.0.2","GHSA-x2w3-23jr-hrpf"
"ewe","2.0.3","GHSA-x2w3-23jr-hrpf"
"ewe","2.1.0","GHSA-x2w3-23jr-hrpf"
"ewe","2.1.1","GHSA-x2w3-23jr-hrpf"
"ewe","2.1.2","GHSA-x2w3-23jr-hrpf"
"ewe","2.1.3","GHSA-x2w3-23jr-hrpf"
"ewe","3.0.0","GHSA-x2w3-23jr-hrpf"
"ewe","3.0.1","GHSA-x2w3-23jr-hrpf"
"ewe","3.0.2","GHSA-x2w3-23jr-hrpf"
"ewe","3.0.3","GHSA-x2w3-23jr-hrpf"
"ewe","3.0.4","GHSA-x2w3-23jr-hrpf"
"ewe","3.0.5","GHSA-x2w3-23jr-hrpf"
"ecdsa-elixir","1.0.0","GHSA-xx36-6rv4-gj8r"
